/*
Navicat MySQL Data Transfer

Source Server         : localhost
Source Server Version : 50722
Source Host           : localhost:3306
Source Database       : wan_admin

Target Server Type    : MYSQL
Target Server Version : 50722
File Encoding         : 65001

Date: 2021-05-01 21:44:52
*/

SET FOREIGN_KEY_CHECKS=0;
-- ----------------------------
-- Table structure for `qrtz_blob_triggers`
-- ----------------------------
DROP TABLE IF EXISTS `qrtz_blob_triggers`;
CREATE TABLE `qrtz_blob_triggers` (
`SCHED_NAME`  varchar(120) CHARACTER SET utf8 COLLATE utf8_general_ci NOT NULL ,
`TRIGGER_NAME`  varchar(190) CHARACTER SET utf8 COLLATE utf8_general_ci NOT NULL ,
`TRIGGER_GROUP`  varchar(190) CHARACTER SET utf8 COLLATE utf8_general_ci NOT NULL ,
`BLOB_DATA`  blob NULL DEFAULT NULL ,
PRIMARY KEY (`SCHED_NAME`, `TRIGGER_NAME`, `TRIGGER_GROUP`),
FOREIGN KEY (`SCHED_NAME`, `TRIGGER_NAME`, `TRIGGER_GROUP`) REFERENCES `qrtz_triggers` (`SCHED_NAME`, `TRIGGER_NAME`, `TRIGGER_GROUP`) ON DELETE RESTRICT ON UPDATE RESTRICT
)
ENGINE=InnoDB
DEFAULT CHARACTER SET=utf8 COLLATE=utf8_general_ci

;

-- ----------------------------
-- Records of qrtz_blob_triggers
-- ----------------------------
BEGIN;
COMMIT;

-- ----------------------------
-- Table structure for `qrtz_calendars`
-- ----------------------------
DROP TABLE IF EXISTS `qrtz_calendars`;
CREATE TABLE `qrtz_calendars` (
`SCHED_NAME`  varchar(120) CHARACTER SET utf8 COLLATE utf8_general_ci NOT NULL ,
`CALENDAR_NAME`  varchar(190) CHARACTER SET utf8 COLLATE utf8_general_ci NOT NULL ,
`CALENDAR`  blob NOT NULL ,
PRIMARY KEY (`SCHED_NAME`, `CALENDAR_NAME`)
)
ENGINE=InnoDB
DEFAULT CHARACTER SET=utf8 COLLATE=utf8_general_ci

;

-- ----------------------------
-- Records of qrtz_calendars
-- ----------------------------
BEGIN;
COMMIT;

-- ----------------------------
-- Table structure for `qrtz_cron_triggers`
-- ----------------------------
DROP TABLE IF EXISTS `qrtz_cron_triggers`;
CREATE TABLE `qrtz_cron_triggers` (
`SCHED_NAME`  varchar(120) CHARACTER SET utf8 COLLATE utf8_general_ci NOT NULL ,
`TRIGGER_NAME`  varchar(190) CHARACTER SET utf8 COLLATE utf8_general_ci NOT NULL ,
`TRIGGER_GROUP`  varchar(190) CHARACTER SET utf8 COLLATE utf8_general_ci NOT NULL ,
`CRON_EXPRESSION`  varchar(120) CHARACTER SET utf8 COLLATE utf8_general_ci NOT NULL ,
`TIME_ZONE_ID`  varchar(80) CHARACTER SET utf8 COLLATE utf8_general_ci NULL DEFAULT NULL ,
PRIMARY KEY (`SCHED_NAME`, `TRIGGER_NAME`, `TRIGGER_GROUP`),
FOREIGN KEY (`SCHED_NAME`, `TRIGGER_NAME`, `TRIGGER_GROUP`) REFERENCES `qrtz_triggers` (`SCHED_NAME`, `TRIGGER_NAME`, `TRIGGER_GROUP`) ON DELETE RESTRICT ON UPDATE RESTRICT
)
ENGINE=InnoDB
DEFAULT CHARACTER SET=utf8 COLLATE=utf8_general_ci

;

-- ----------------------------
-- Records of qrtz_cron_triggers
-- ----------------------------
BEGIN;
INSERT INTO qrtz_cron_triggers VALUES ('MyScheduler', '删除过期日志', 'DEFAULT', '0 0 1 1 * ?', 'Asia/Shanghai'), ('MyScheduler', '删除过期用户通知', 'DEFAULT', '0 0 1 1 * ?', 'Asia/Shanghai'), ('MyScheduler', '测试定时任务', 'DEFAULT', '*/5 * * * * ?', 'Asia/Shanghai');
COMMIT;

-- ----------------------------
-- Table structure for `qrtz_fired_triggers`
-- ----------------------------
DROP TABLE IF EXISTS `qrtz_fired_triggers`;
CREATE TABLE `qrtz_fired_triggers` (
`SCHED_NAME`  varchar(120) CHARACTER SET utf8 COLLATE utf8_general_ci NOT NULL ,
`ENTRY_ID`  varchar(95) CHARACTER SET utf8 COLLATE utf8_general_ci NOT NULL ,
`TRIGGER_NAME`  varchar(190) CHARACTER SET utf8 COLLATE utf8_general_ci NOT NULL ,
`TRIGGER_GROUP`  varchar(190) CHARACTER SET utf8 COLLATE utf8_general_ci NOT NULL ,
`INSTANCE_NAME`  varchar(190) CHARACTER SET utf8 COLLATE utf8_general_ci NOT NULL ,
`FIRED_TIME`  bigint(13) NOT NULL ,
`SCHED_TIME`  bigint(13) NOT NULL ,
`PRIORITY`  int(11) NOT NULL ,
`STATE`  varchar(16) CHARACTER SET utf8 COLLATE utf8_general_ci NOT NULL ,
`JOB_NAME`  varchar(190) CHARACTER SET utf8 COLLATE utf8_general_ci NULL DEFAULT NULL ,
`JOB_GROUP`  varchar(190) CHARACTER SET utf8 COLLATE utf8_general_ci NULL DEFAULT NULL ,
`IS_NONCONCURRENT`  varchar(1) CHARACTER SET utf8 COLLATE utf8_general_ci NULL DEFAULT NULL ,
`REQUESTS_RECOVERY`  varchar(1) CHARACTER SET utf8 COLLATE utf8_general_ci NULL DEFAULT NULL ,
PRIMARY KEY (`SCHED_NAME`, `ENTRY_ID`)
)
ENGINE=InnoDB
DEFAULT CHARACTER SET=utf8 COLLATE=utf8_general_ci

;

-- ----------------------------
-- Records of qrtz_fired_triggers
-- ----------------------------
BEGIN;
COMMIT;

-- ----------------------------
-- Table structure for `qrtz_job_details`
-- ----------------------------
DROP TABLE IF EXISTS `qrtz_job_details`;
CREATE TABLE `qrtz_job_details` (
`SCHED_NAME`  varchar(120) CHARACTER SET utf8 COLLATE utf8_general_ci NOT NULL ,
`JOB_NAME`  varchar(190) CHARACTER SET utf8 COLLATE utf8_general_ci NOT NULL ,
`JOB_GROUP`  varchar(190) CHARACTER SET utf8 COLLATE utf8_general_ci NOT NULL ,
`DESCRIPTION`  varchar(250) CHARACTER SET utf8 COLLATE utf8_general_ci NULL DEFAULT NULL ,
`JOB_CLASS_NAME`  varchar(250) CHARACTER SET utf8 COLLATE utf8_general_ci NOT NULL ,
`IS_DURABLE`  varchar(1) CHARACTER SET utf8 COLLATE utf8_general_ci NOT NULL ,
`IS_NONCONCURRENT`  varchar(1) CHARACTER SET utf8 COLLATE utf8_general_ci NOT NULL ,
`IS_UPDATE_DATA`  varchar(1) CHARACTER SET utf8 COLLATE utf8_general_ci NOT NULL ,
`REQUESTS_RECOVERY`  varchar(1) CHARACTER SET utf8 COLLATE utf8_general_ci NOT NULL ,
`JOB_DATA`  blob NULL DEFAULT NULL ,
PRIMARY KEY (`SCHED_NAME`, `JOB_NAME`, `JOB_GROUP`)
)
ENGINE=InnoDB
DEFAULT CHARACTER SET=utf8 COLLATE=utf8_general_ci

;

-- ----------------------------
-- Records of qrtz_job_details
-- ----------------------------
BEGIN;
INSERT INTO qrtz_job_details VALUES ('MyScheduler', '删除过期日志', 'DEFAULT', null, 'com.wan.quartz.job.LogJob', '0', '0', '0', '0', 0xACED0005737200156F72672E71756172747A2E4A6F62446174614D61709FB083E8BFA9B0CB020000787200266F72672E71756172747A2E7574696C732E537472696E674B65794469727479466C61674D61708208E8C3FBC55D280200015A0013616C6C6F77735472616E7369656E74446174617872001D6F72672E71756172747A2E7574696C732E4469727479466C61674D617013E62EAD28760ACE0200025A000564697274794C00036D617074000F4C6A6176612F7574696C2F4D61703B787000737200116A6176612E7574696C2E486173684D61700507DAC1C31660D103000246000A6C6F6164466163746F724900097468726573686F6C6478703F40000000000010770800000010000000007800), ('MyScheduler', '删除过期用户通知', 'DEFAULT', null, 'com.wan.quartz.job.UserNoticeJob', '0', '0', '0', '0', 0xACED0005737200156F72672E71756172747A2E4A6F62446174614D61709FB083E8BFA9B0CB020000787200266F72672E71756172747A2E7574696C732E537472696E674B65794469727479466C61674D61708208E8C3FBC55D280200015A0013616C6C6F77735472616E7369656E74446174617872001D6F72672E71756172747A2E7574696C732E4469727479466C61674D617013E62EAD28760ACE0200025A000564697274794C00036D617074000F4C6A6176612F7574696C2F4D61703B787000737200116A6176612E7574696C2E486173684D61700507DAC1C31660D103000246000A6C6F6164466163746F724900097468726573686F6C6478703F40000000000010770800000010000000007800), ('MyScheduler', '测试定时任务', 'DEFAULT', null, 'com.wan.quartz.job.TestJob', '0', '0', '0', '0', 0xACED0005737200156F72672E71756172747A2E4A6F62446174614D61709FB083E8BFA9B0CB020000787200266F72672E71756172747A2E7574696C732E537472696E674B65794469727479466C61674D61708208E8C3FBC55D280200015A0013616C6C6F77735472616E7369656E74446174617872001D6F72672E71756172747A2E7574696C732E4469727479466C61674D617013E62EAD28760ACE0200025A000564697274794C00036D617074000F4C6A6176612F7574696C2F4D61703B787000737200116A6176612E7574696C2E486173684D61700507DAC1C31660D103000246000A6C6F6164466163746F724900097468726573686F6C6478703F40000000000010770800000010000000007800);
COMMIT;

-- ----------------------------
-- Table structure for `qrtz_locks`
-- ----------------------------
DROP TABLE IF EXISTS `qrtz_locks`;
CREATE TABLE `qrtz_locks` (
`SCHED_NAME`  varchar(120) CHARACTER SET utf8 COLLATE utf8_general_ci NOT NULL ,
`LOCK_NAME`  varchar(40) CHARACTER SET utf8 COLLATE utf8_general_ci NOT NULL ,
PRIMARY KEY (`SCHED_NAME`, `LOCK_NAME`)
)
ENGINE=InnoDB
DEFAULT CHARACTER SET=utf8 COLLATE=utf8_general_ci

;

-- ----------------------------
-- Records of qrtz_locks
-- ----------------------------
BEGIN;
INSERT INTO qrtz_locks VALUES ('MyScheduler', 'STATE_ACCESS'), ('MyScheduler', 'TRIGGER_ACCESS');
COMMIT;

-- ----------------------------
-- Table structure for `qrtz_paused_trigger_grps`
-- ----------------------------
DROP TABLE IF EXISTS `qrtz_paused_trigger_grps`;
CREATE TABLE `qrtz_paused_trigger_grps` (
`SCHED_NAME`  varchar(120) CHARACTER SET utf8 COLLATE utf8_general_ci NOT NULL ,
`TRIGGER_GROUP`  varchar(190) CHARACTER SET utf8 COLLATE utf8_general_ci NOT NULL ,
PRIMARY KEY (`SCHED_NAME`, `TRIGGER_GROUP`)
)
ENGINE=InnoDB
DEFAULT CHARACTER SET=utf8 COLLATE=utf8_general_ci

;

-- ----------------------------
-- Records of qrtz_paused_trigger_grps
-- ----------------------------
BEGIN;
COMMIT;

-- ----------------------------
-- Table structure for `qrtz_scheduler_state`
-- ----------------------------
DROP TABLE IF EXISTS `qrtz_scheduler_state`;
CREATE TABLE `qrtz_scheduler_state` (
`SCHED_NAME`  varchar(120) CHARACTER SET utf8 COLLATE utf8_general_ci NOT NULL ,
`INSTANCE_NAME`  varchar(190) CHARACTER SET utf8 COLLATE utf8_general_ci NOT NULL ,
`LAST_CHECKIN_TIME`  bigint(13) NOT NULL ,
`CHECKIN_INTERVAL`  bigint(13) NOT NULL ,
PRIMARY KEY (`SCHED_NAME`, `INSTANCE_NAME`)
)
ENGINE=InnoDB
DEFAULT CHARACTER SET=utf8 COLLATE=utf8_general_ci

;

-- ----------------------------
-- Records of qrtz_scheduler_state
-- ----------------------------
BEGIN;
INSERT INTO qrtz_scheduler_state VALUES ('MyScheduler', 'LAPTOP-WMJ1619875690642', '1619876692566', '10000');
COMMIT;

-- ----------------------------
-- Table structure for `qrtz_simple_triggers`
-- ----------------------------
DROP TABLE IF EXISTS `qrtz_simple_triggers`;
CREATE TABLE `qrtz_simple_triggers` (
`SCHED_NAME`  varchar(120) CHARACTER SET utf8 COLLATE utf8_general_ci NOT NULL ,
`TRIGGER_NAME`  varchar(190) CHARACTER SET utf8 COLLATE utf8_general_ci NOT NULL ,
`TRIGGER_GROUP`  varchar(190) CHARACTER SET utf8 COLLATE utf8_general_ci NOT NULL ,
`REPEAT_COUNT`  bigint(7) NOT NULL ,
`REPEAT_INTERVAL`  bigint(12) NOT NULL ,
`TIMES_TRIGGERED`  bigint(10) NOT NULL ,
PRIMARY KEY (`SCHED_NAME`, `TRIGGER_NAME`, `TRIGGER_GROUP`),
FOREIGN KEY (`SCHED_NAME`, `TRIGGER_NAME`, `TRIGGER_GROUP`) REFERENCES `qrtz_triggers` (`SCHED_NAME`, `TRIGGER_NAME`, `TRIGGER_GROUP`) ON DELETE RESTRICT ON UPDATE RESTRICT
)
ENGINE=InnoDB
DEFAULT CHARACTER SET=utf8 COLLATE=utf8_general_ci

;

-- ----------------------------
-- Records of qrtz_simple_triggers
-- ----------------------------
BEGIN;
COMMIT;

-- ----------------------------
-- Table structure for `qrtz_simprop_triggers`
-- ----------------------------
DROP TABLE IF EXISTS `qrtz_simprop_triggers`;
CREATE TABLE `qrtz_simprop_triggers` (
`SCHED_NAME`  varchar(120) CHARACTER SET utf8 COLLATE utf8_general_ci NOT NULL ,
`TRIGGER_NAME`  varchar(190) CHARACTER SET utf8 COLLATE utf8_general_ci NOT NULL ,
`TRIGGER_GROUP`  varchar(190) CHARACTER SET utf8 COLLATE utf8_general_ci NOT NULL ,
`STR_PROP_1`  varchar(512) CHARACTER SET utf8 COLLATE utf8_general_ci NULL DEFAULT NULL ,
`STR_PROP_2`  varchar(512) CHARACTER SET utf8 COLLATE utf8_general_ci NULL DEFAULT NULL ,
`STR_PROP_3`  varchar(512) CHARACTER SET utf8 COLLATE utf8_general_ci NULL DEFAULT NULL ,
`INT_PROP_1`  int(11) NULL DEFAULT NULL ,
`INT_PROP_2`  int(11) NULL DEFAULT NULL ,
`LONG_PROP_1`  bigint(20) NULL DEFAULT NULL ,
`LONG_PROP_2`  bigint(20) NULL DEFAULT NULL ,
`DEC_PROP_1`  decimal(13,4) NULL DEFAULT NULL ,
`DEC_PROP_2`  decimal(13,4) NULL DEFAULT NULL ,
`BOOL_PROP_1`  varchar(1) CHARACTER SET utf8 COLLATE utf8_general_ci NULL DEFAULT NULL ,
`BOOL_PROP_2`  varchar(1) CHARACTER SET utf8 COLLATE utf8_general_ci NULL DEFAULT NULL ,
PRIMARY KEY (`SCHED_NAME`, `TRIGGER_NAME`, `TRIGGER_GROUP`),
FOREIGN KEY (`SCHED_NAME`, `TRIGGER_NAME`, `TRIGGER_GROUP`) REFERENCES `qrtz_triggers` (`SCHED_NAME`, `TRIGGER_NAME`, `TRIGGER_GROUP`) ON DELETE RESTRICT ON UPDATE RESTRICT
)
ENGINE=InnoDB
DEFAULT CHARACTER SET=utf8 COLLATE=utf8_general_ci

;

-- ----------------------------
-- Records of qrtz_simprop_triggers
-- ----------------------------
BEGIN;
COMMIT;

-- ----------------------------
-- Table structure for `qrtz_triggers`
-- ----------------------------
DROP TABLE IF EXISTS `qrtz_triggers`;
CREATE TABLE `qrtz_triggers` (
`SCHED_NAME`  varchar(120) CHARACTER SET utf8 COLLATE utf8_general_ci NOT NULL ,
`TRIGGER_NAME`  varchar(190) CHARACTER SET utf8 COLLATE utf8_general_ci NOT NULL ,
`TRIGGER_GROUP`  varchar(190) CHARACTER SET utf8 COLLATE utf8_general_ci NOT NULL ,
`JOB_NAME`  varchar(190) CHARACTER SET utf8 COLLATE utf8_general_ci NOT NULL ,
`JOB_GROUP`  varchar(190) CHARACTER SET utf8 COLLATE utf8_general_ci NOT NULL ,
`DESCRIPTION`  varchar(250) CHARACTER SET utf8 COLLATE utf8_general_ci NULL DEFAULT NULL ,
`NEXT_FIRE_TIME`  bigint(13) NULL DEFAULT NULL ,
`PREV_FIRE_TIME`  bigint(13) NULL DEFAULT NULL ,
`PRIORITY`  int(11) NULL DEFAULT NULL ,
`TRIGGER_STATE`  varchar(16) CHARACTER SET utf8 COLLATE utf8_general_ci NOT NULL ,
`TRIGGER_TYPE`  varchar(8) CHARACTER SET utf8 COLLATE utf8_general_ci NOT NULL ,
`START_TIME`  bigint(13) NOT NULL ,
`END_TIME`  bigint(13) NULL DEFAULT NULL ,
`CALENDAR_NAME`  varchar(190) CHARACTER SET utf8 COLLATE utf8_general_ci NULL DEFAULT NULL ,
`MISFIRE_INSTR`  smallint(2) NULL DEFAULT NULL ,
`JOB_DATA`  blob NULL DEFAULT NULL ,
PRIMARY KEY (`SCHED_NAME`, `TRIGGER_NAME`, `TRIGGER_GROUP`),
FOREIGN KEY (`SCHED_NAME`, `JOB_NAME`, `JOB_GROUP`) REFERENCES `qrtz_job_details` (`SCHED_NAME`, `JOB_NAME`, `JOB_GROUP`) ON DELETE RESTRICT ON UPDATE RESTRICT
)
ENGINE=InnoDB
DEFAULT CHARACTER SET=utf8 COLLATE=utf8_general_ci

;

-- ----------------------------
-- Records of qrtz_triggers
-- ----------------------------
BEGIN;
INSERT INTO qrtz_triggers VALUES ('MyScheduler', '删除过期日志', 'DEFAULT', '删除过期日志', 'DEFAULT', null, '1619802000000', '-1', '5', 'PAUSED', 'CRON', '1619016348000', '0', null, '2', ''), ('MyScheduler', '删除过期用户通知', 'DEFAULT', '删除过期用户通知', 'DEFAULT', null, '1619802000000', '-1', '5', 'PAUSED', 'CRON', '1619702300000', '0', null, '2', ''), ('MyScheduler', '测试定时任务', 'DEFAULT', '测试定时任务', 'DEFAULT', null, '1619858315000', '1619858310000', '5', 'PAUSED', 'CRON', '1619016096000', '0', null, '2', '');
COMMIT;

-- ----------------------------
-- Table structure for `sys_config`
-- ----------------------------
DROP TABLE IF EXISTS `sys_config`;
CREATE TABLE `sys_config` (
`config_id`  bigint(20) UNSIGNED NOT NULL AUTO_INCREMENT ,
`config_key`  varchar(255) CHARACTER SET utf8 COLLATE utf8_general_ci NOT NULL ,
`config_value`  varchar(255) CHARACTER SET utf8 COLLATE utf8_general_ci NULL DEFAULT NULL ,
`gmt_create`  datetime NOT NULL ,
`gmt_modified`  datetime NULL DEFAULT NULL ,
PRIMARY KEY (`config_id`)
)
ENGINE=InnoDB
DEFAULT CHARACTER SET=utf8 COLLATE=utf8_general_ci
AUTO_INCREMENT=9

;

-- ----------------------------
-- Records of sys_config
-- ----------------------------
BEGIN;
INSERT INTO sys_config VALUES ('1', 'web_site_title', 'wanAdmin后台管理系统', '2020-12-22 23:03:53', '2021-05-01 12:19:32'), ('2', 'web_site_logo_type', 'TEXT', '2020-12-22 23:04:30', '2021-05-01 12:19:32'), ('3', 'web_site_logo_text', 'wanAdmin', '2020-12-22 23:05:02', '2021-05-01 12:19:32'), ('4', 'web_site_logo_image', '', '2020-12-22 23:05:28', '2021-05-01 12:19:32'), ('5', 'web_site_keywords', 'wanAdmin,后台管理系统', '2020-12-22 23:06:01', '2021-05-01 12:19:32'), ('6', 'web_site_description', 'wanAdmin是一个简易后台管理系统。', '2020-12-22 23:07:30', '2021-05-01 12:19:32'), ('7', 'web_site_copyright', 'Copyright © 2021. wmj.zone All rights reserved.', '2020-12-22 23:09:10', '2021-05-01 12:19:32'), ('8', 'upload_image_ext', '.png,.jpg,.jpeg,.bmp,.gif', '2020-12-27 21:44:12', '2021-05-01 12:19:32');
COMMIT;

-- ----------------------------
-- Table structure for `sys_dict`
-- ----------------------------
DROP TABLE IF EXISTS `sys_dict`;
CREATE TABLE `sys_dict` (
`dict_id`  bigint(20) UNSIGNED NOT NULL AUTO_INCREMENT ,
`type_name`  varchar(255) CHARACTER SET utf8 COLLATE utf8_general_ci NOT NULL ,
`description`  varchar(255) CHARACTER SET utf8 COLLATE utf8_general_ci NULL DEFAULT NULL ,
`status`  char(1) CHARACTER SET utf8 COLLATE utf8_general_ci NOT NULL DEFAULT '1' ,
`gmt_create`  datetime NOT NULL ,
`gmt_modified`  datetime NULL DEFAULT NULL ,
PRIMARY KEY (`dict_id`)
)
ENGINE=InnoDB
DEFAULT CHARACTER SET=utf8 COLLATE=utf8_general_ci
AUTO_INCREMENT=12

;

-- ----------------------------
-- Records of sys_dict
-- ----------------------------
BEGIN;
INSERT INTO sys_dict VALUES ('1', 'sys_user_sex', '用户性别', '1', '2021-03-22 22:22:08', '2021-03-22 22:30:58'), ('2', 'sys_notice_isSent', '通知发送状态', '1', '2021-03-22 22:26:26', '2021-03-23 21:12:44'), ('9', 'sys_operation_type', '操作类型', '1', '2021-03-26 21:31:40', null), ('10', 'sys_log_status', '日志状态', '1', '2021-04-24 23:36:27', null), ('11', 'sys_login_status', '登录状态', '1', '2021-04-26 23:04:05', '2021-05-01 00:26:09');
COMMIT;

-- ----------------------------
-- Table structure for `sys_dict_data`
-- ----------------------------
DROP TABLE IF EXISTS `sys_dict_data`;
CREATE TABLE `sys_dict_data` (
`dict_data_id`  bigint(20) UNSIGNED NOT NULL AUTO_INCREMENT ,
`dict_id`  bigint(20) NOT NULL ,
`data_key`  varchar(255) CHARACTER SET utf8 COLLATE utf8_general_ci NOT NULL ,
`data_value`  varchar(255) CHARACTER SET utf8 COLLATE utf8_general_ci NOT NULL ,
`status`  char(1) CHARACTER SET utf8 COLLATE utf8_general_ci NOT NULL DEFAULT '1' ,
`seq`  int(11) NOT NULL COMMENT '排序' ,
`gmt_create`  datetime NOT NULL ,
`gmt_modified`  datetime NULL DEFAULT NULL ,
PRIMARY KEY (`dict_data_id`)
)
ENGINE=InnoDB
DEFAULT CHARACTER SET=utf8 COLLATE=utf8_general_ci
AUTO_INCREMENT=19

;

-- ----------------------------
-- Records of sys_dict_data
-- ----------------------------
BEGIN;
INSERT INTO sys_dict_data VALUES ('1', '1', '1', '男', '1', '1', '2021-03-23 21:34:18', '2021-03-23 22:20:47'), ('2', '1', '2', '女', '1', '2', '2021-03-23 21:38:03', null), ('3', '2', '1', '已发送', '1', '0', '2021-03-23 21:39:08', '2021-03-23 21:40:13'), ('4', '2', '0', '未发送', '1', '2', '2021-03-23 21:39:20', null), ('9', '9', 'INSERT', '新增', '1', '1', '2021-03-26 21:32:08', null), ('10', '9', 'UPDATE', '修改', '1', '2', '2021-03-26 21:32:20', null), ('11', '9', 'DELETE', '删除', '1', '3', '2021-03-26 21:32:33', null), ('12', '9', 'LOGIN', '登录', '1', '4', '2021-03-26 21:32:44', null), ('13', '9', 'LOGOUT', '登出', '1', '5', '2021-03-26 21:32:58', null), ('14', '9', 'UNKNOWN', '未知', '1', '99', '2021-03-26 21:33:13', null), ('15', '10', '0', '正常', '1', '1', '2021-04-24 23:36:54', null), ('16', '10', '1', '异常', '1', '2', '2021-04-24 23:37:07', null), ('17', '11', '0', '登录成功', '1', '1', '2021-04-26 23:04:33', null), ('18', '11', '1', '登录失败', '1', '2', '2021-04-26 23:04:42', null);
COMMIT;

-- ----------------------------
-- Table structure for `sys_error_log`
-- ----------------------------
DROP TABLE IF EXISTS `sys_error_log`;
CREATE TABLE `sys_error_log` (
`error_id`  bigint(20) UNSIGNED NOT NULL AUTO_INCREMENT ,
`log_id`  bigint(20) UNSIGNED NOT NULL ,
`error_message`  text CHARACTER SET utf8 COLLATE utf8_general_ci NULL DEFAULT NULL COMMENT '异常信息' ,
`gmt_create`  datetime NOT NULL ,
`gmt_modified`  datetime NULL DEFAULT NULL ,
PRIMARY KEY (`error_id`, `log_id`)
)
ENGINE=InnoDB
DEFAULT CHARACTER SET=utf8 COLLATE=utf8_general_ci
AUTO_INCREMENT=26

;

-- ----------------------------
-- Records of sys_error_log
-- ----------------------------
BEGIN;
INSERT INTO sys_error_log VALUES ('2', '54', null, '2020-12-27 18:40:01', null), ('3', '55', null, '2020-12-27 18:41:15', null), ('4', '56', 'java.lang.NullPointerException:null\n	com.wan.system.service.impl.SysConfigServiceImpl.updateConfigs(SysConfigServiceImpl.java:45)\ncom.wan.system.service.impl.SysConfigServiceImpl$$FastClassBySpringCGLIB$$408a5ad3.invoke(<generated>)\norg.springframework.cglib.proxy.MethodProxy.invoke(MethodProxy.java:218)\norg.springframework.aop.framework.CglibAopProxy$CglibMethodInvocation.invokeJoinpoint(CglibAopProxy.java:771)\norg.springframework.aop.framework.ReflectiveMethodInvocation.proceed(ReflectiveMethodInvocation.java:163)\norg.springframework.aop.framework.CglibAopProxy$CglibMethodInvocation.proceed(CglibAopProxy.java:749)\norg.springframework.transaction.interceptor.TransactionAspectSupport.invokeWithinTransaction(TransactionAspectSupport.java:367)\norg.springframework.transaction.interceptor.TransactionInterceptor.invoke(TransactionInterceptor.java:118)\norg.springframework.aop.framework.ReflectiveMethodInvocation.proceed(ReflectiveMethodInvocation.java:186)\norg.springframework.aop.framework.CglibAopProxy$CglibMethodInvocation.proceed(CglibAopProxy.java:749)\norg.springframework.aop.framework.CglibAopProxy$DynamicAdvisedInterceptor.intercept(CglibAopProxy.java:691)\ncom.wan.system.service.impl.SysConfigServiceImpl$$EnhancerBySpringCGLIB$$6bdc12fd.updateConfigs(<generated>)\ncom.wan.web.controller.system.SysConfigController.update(SysConfigController.java:47)\ncom.wan.web.controller.system.SysConfigController$$FastClassBySpringCGLIB$$ac4fb54d.invoke(<generated>)\norg.springframework.cglib.proxy.MethodProxy.invoke(MethodProxy.java:218)\norg.springframework.aop.framework.CglibAopProxy$CglibMethodInvocation.invokeJoinpoint(CglibAopProxy.java:771)\norg.springframework.aop.framework.ReflectiveMethodInvocation.proceed(ReflectiveMethodInvocation.java:163)\norg.springframework.aop.framework.CglibAopProxy$CglibMethodInvocation.proceed(CglibAopProxy.java:749)\norg.springframework.aop.aspectj.AspectJAfterThrowingAdvice.invoke(AspectJAfterThrowingAdvice.java:62)\norg.springframework.aop.framework.ReflectiveMethodInvocation.proceed(ReflectiveMethodInvocation.java:175)\norg.springframework.aop.framework.CglibAopProxy$CglibMethodInvocation.proceed(CglibAopProxy.java:749)\norg.springframework.aop.framework.adapter.AfterReturningAdviceInterceptor.invoke(AfterReturningAdviceInterceptor.java:55)\norg.springframework.aop.framework.ReflectiveMethodInvocation.proceed(ReflectiveMethodInvocation.java:175)\norg.springframework.aop.framework.CglibAopProxy$CglibMethodInvocation.proceed(CglibAopProxy.java:749)\norg.springframework.cache.interceptor.CacheInterceptor.lambda$invoke$0(CacheInterceptor.java:53)\norg.springframework.cache.interceptor.CacheAspectSupport.invokeOperation(CacheAspectSupport.java:366)\norg.springframework.cache.interceptor.CacheAspectSupport.execute(CacheAspectSupport.java:421)\norg.springframework.cache.interceptor.CacheAspectSupport.execute(CacheAspectSupport.java:346)\norg.springframework.cache.interceptor.CacheInterceptor.invoke(CacheInterceptor.java:61)\norg.springframework.aop.framework.ReflectiveMethodInvocation.proceed(ReflectiveMethodInvocation.java:186)\norg.springframework.aop.framework.CglibAopProxy$CglibMethodInvocation.proceed(CglibAopProxy.java:749)\norg.springframework.aop.interceptor.ExposeInvocationInterceptor.invoke(ExposeInvocationInterceptor.java:95)\norg.springframework.aop.framework.ReflectiveMethodInvocation.proceed(ReflectiveMethodInvocation.java:186)\norg.springframework.aop.framework.CglibAopProxy$CglibMethodInvocation.proceed(CglibAopProxy.java:749)\norg.springframework.aop.framework.CglibAopProxy$DynamicAdvisedInterceptor.intercept(CglibAopProxy.java:691)\ncom.wan.web.controller.system.SysConfigController$$EnhancerBySpringCGLIB$$24761ec2.update(<generated>)\nsun.reflect.NativeMethodAccessorImpl.invoke0(Native Method)\nsun.reflect.NativeMethodAccessorImpl.invoke(Unknown Source)\nsun.reflect.DelegatingMethodAccessorImpl.invoke(Unknown Source)\njava.lang.reflect.Method.invoke(Unknown Source)\norg.springframework.web.method.support.InvocableHandlerMethod.doInvoke(InvocableHandlerMethod.java:190)\norg.springframework.web.method.support.InvocableHandlerMethod.invokeForRequest(InvocableHandlerMethod.java:138)\norg.springframework.web.servlet.mvc.method.annotation.ServletInvocableHandlerMethod.invokeAndHandle(ServletInvocableHandlerMethod.java:105)\norg.springframework.web.servlet.mvc.method.annotation.RequestMappingHandlerAdapter.invokeHandlerMethod(RequestMappingHandlerAdapter.java:878)\norg.springframework.web.servlet.mvc.method.annotation.RequestMappingHandlerAdapter.handleInternal(RequestMappingHandlerAdapter.java:792)\norg.springframework.web.servlet.mvc.method.AbstractHandlerMethodAdapter.handle(AbstractHandlerMethodAdapter.java:87)\norg.springframework.web.servlet.DispatcherServlet.doDispatch(DispatcherServlet.java:1040)\norg.springframework.web.servlet.DispatcherServlet.doService(DispatcherServlet.java:943)\norg.springframework.web.servlet.FrameworkServlet.processRequest(FrameworkServlet.java:1006)\norg.springframework.web.servlet.FrameworkServlet.doPost(FrameworkServlet.java:909)\njavax.servlet.http.HttpServlet.service(HttpServlet.java:652)\norg.springframework.web.servlet.FrameworkServlet.service(FrameworkServlet.java:883)\njavax.servlet.http.HttpServlet.service(HttpServlet.java:733)\norg.apache.catalina.core.ApplicationFilterChain.internalDoFilter(ApplicationFilterChain.java:231)\norg.apache.catalina.core.ApplicationFilterChain.doFilter(ApplicationFilterChain.java:166)\norg.apache.tomcat.websocket.server.WsFilter.doFilter(WsFilter.java:53)\norg.apache.catalina.core.ApplicationFilterChain.internalDoFilter(ApplicationFilterChain.java:193)\norg.apache.catalina.core.ApplicationFilterChain.doFilter(ApplicationFilterChain.java:166)\ncom.alibaba.druid.support.http.WebStatFilter.doFilter(WebStatFilter.java:123)\norg.apache.catalina.core.ApplicationFilterChain.internalDoFilter(ApplicationFilterChain.java:193)\norg.apache.catalina.core.ApplicationFilterChain.doFilter(ApplicationFilterChain.java:166)\norg.springframework.web.filter.RequestContextFilter.doFilterInternal(RequestContextFilter.java:100)\norg.springframework.web.filter.OncePerRequestFilter.doFilter(OncePerRequestFilter.java:119)\norg.apache.catalina.core.ApplicationFilterChain.internalDoFilter(ApplicationFilterChain.java:193)\norg.apache.catalina.core.ApplicationFilterChain.doFilter(ApplicationFilterChain.java:166)\norg.springframework.web.filter.FormContentFilter.doFilterInternal(FormContentFilter.java:93)\norg.springframework.web.filter.OncePerRequestFilter.doFilter(OncePerRequestFilter.java:119)\norg.apache.catalina.core.ApplicationFilterChain.internalDoFilter(ApplicationFilterChain.java:193)\norg.apache.catalina.core.ApplicationFilterChain.doFilter(ApplicationFilterChain.java:166)\norg.springframework.web.filter.CharacterEncodingFilter.doFilterInternal(CharacterEncodingFilter.java:201)\norg.springframework.web.filter.OncePerRequestFilter.doFilter(OncePerRequestFilter.java:119)\norg.apache.catalina.core.ApplicationFilterChain.internalDoFilter(ApplicationFilterChain.java:193)\norg.apache.catalina.core.ApplicationFilterChain.doFilter(ApplicationFilterChain.java:166)\norg.apache.catalina.core.StandardWrapperValve.invoke(StandardWrapperValve.java:202)\norg.apache.catalina.core.StandardContextValve.invoke(StandardContextValve.java:97)\norg.apache.catalina.authenticator.AuthenticatorBase.invoke(AuthenticatorBase.java:542)\norg.apache.catalina.core.StandardHostValve.invoke(StandardHostValve.java:143)\norg.apache.catalina.valves.ErrorReportValve.invoke(ErrorReportValve.java:92)\norg.apache.catalina.core.StandardEngineValve.invoke(StandardEngineValve.java:78)\norg.apache.catalina.connector.CoyoteAdapter.service(CoyoteAdapter.java:343)\norg.apache.coyote.http11.Http11Processor.service(Http11Processor.java:374)\norg.apache.coyote.AbstractProcessorLight.process(AbstractProcessorLight.java:65)\norg.apache.coyote.AbstractProtocol$ConnectionHandler.process(AbstractProtocol.java:868)\norg.apache.tomcat.util.net.NioEndpoint$SocketProcessor.doRun(NioEndpoint.java:1590)\norg.apache.tomcat.util.net.SocketProcessorBase.run(SocketProcessorBase.java:49)\njava.util.concurrent.ThreadPoolExecutor.runWorker(Unknown Source)\njava.util.concurrent.ThreadPoolExecutor$Worker.run(Unknown Source)\norg.apache.tomcat.util.threads.TaskThread$WrappingRunnable.run(TaskThread.java:61)\njava.lang.Thread.run(Unknown Source)\n', '2020-12-27 19:42:10', null), ('5', '85', 'org.springframework.dao.DataIntegrityViolationException:\r\n### Error updating database.  Cause: java.sql.SQLException: Field \'loginname\' doesn\'t have a default value\r\n### The error may exist in file [E:\\wan-admin\\wan-admin\\wan-system\\target\\classes\\mapper\\SysUserMapper.xml]\r\n### The error may involve com.wan.system.mapper.SysUserMapper.insertUser-Inline\r\n### The error occurred while setting parameters\r\n### SQL: insert into sys_user(          username,           avatar,      telephone,      email,      sex,      status,     gmt_create   ) values (          ?,           ?,      ?,      ?,      ?,      ?,     now()   )\r\n### Cause: java.sql.SQLException: Field \'loginname\' doesn\'t have a default value\n; Field \'loginname\' doesn\'t have a default value; nested exception is java.sql.SQLException: Field \'loginname\' doesn\'t have a default value\n	org.springframework.jdbc.support.SQLErrorCodeSQLExceptionTranslator.doTranslate(SQLErrorCodeSQLExceptionTranslator.java:251)\norg.springframework.jdbc.support.AbstractFallbackSQLExceptionTranslator.translate(AbstractFallbackSQLExceptionTranslator.java:72)\norg.mybatis.spring.MyBatisExceptionTranslator.translateExceptionIfPossible(MyBatisExceptionTranslator.java:88)\norg.mybatis.spring.SqlSessionTemplate$SqlSessionInterceptor.invoke(SqlSessionTemplate.java:440)\ncom.sun.proxy.$Proxy75.insert(Unknown Source)\norg.mybatis.spring.SqlSessionTemplate.insert(SqlSessionTemplate.java:271)\norg.apache.ibatis.binding.MapperMethod.execute(MapperMethod.java:62)\norg.apache.ibatis.binding.MapperProxy$PlainMethodInvoker.invoke(MapperProxy.java:152)\norg.apache.ibatis.binding.MapperProxy.invoke(MapperProxy.java:85)\ncom.sun.proxy.$Proxy83.insertUser(Unknown Source)\ncom.wan.system.service.impl.SysUserServiceImpl.insertUser(SysUserServiceImpl.java:30)\ncom.wan.web.controller.system.SysUserController.save(SysUserController.java:75)\ncom.wan.web.controller.system.SysUserController$$FastClassBySpringCGLIB$$3197ae56.invoke(<generated>)\norg.springframework.cglib.proxy.MethodProxy.invoke(MethodProxy.java:218)\norg.springframework.aop.framework.CglibAopProxy$CglibMethodInvocation.invokeJoinpoint(CglibAopProxy.java:771)\norg.springframework.aop.framework.ReflectiveMethodInvocation.proceed(ReflectiveMethodInvocation.java:163)\norg.springframework.aop.framework.CglibAopProxy$CglibMethodInvocation.proceed(CglibAopProxy.java:749)\norg.springframework.aop.aspectj.AspectJAfterThrowingAdvice.invoke(AspectJAfterThrowingAdvice.java:62)\norg.springframework.aop.framework.ReflectiveMethodInvocation.proceed(ReflectiveMethodInvocation.java:175)\norg.springframework.aop.framework.CglibAopProxy$CglibMethodInvocation.proceed(CglibAopProxy.java:749)\norg.springframework.aop.framework.adapter.AfterReturningAdviceInterceptor.invoke(AfterReturningAdviceInterceptor.java:55)\norg.springframework.aop.framework.ReflectiveMethodInvocation.proceed(ReflectiveMethodInvocation.java:175)\norg.springframework.aop.framework.CglibAopProxy$CglibMethodInvocation.proceed(CglibAopProxy.java:749)\norg.springframework.aop.interceptor.ExposeInvocationInterceptor.invoke(ExposeInvocationInterceptor.java:95)\norg.springframework.aop.framework.ReflectiveMethodInvocation.proceed(ReflectiveMethodInvocation.java:186)\norg.springframework.aop.framework.CglibAopProxy$CglibMethodInvocation.proceed(CglibAopProxy.java:749)\norg.springframework.aop.framework.CglibAopProxy$DynamicAdvisedInterceptor.intercept(CglibAopProxy.java:691)\ncom.wan.web.controller.system.SysUserController$$EnhancerBySpringCGLIB$$d15d3b25.save(<generated>)\nsun.reflect.NativeMethodAccessorImpl.invoke0(Native Method)\nsun.reflect.NativeMethodAccessorImpl.invoke(Unknown Source)\nsun.reflect.DelegatingMethodAccessorImpl.invoke(Unknown Source)\njava.lang.reflect.Method.invoke(Unknown Source)\norg.springframework.web.method.support.InvocableHandlerMethod.doInvoke(InvocableHandlerMethod.java:190)\norg.springframework.web.method.support.InvocableHandlerMethod.invokeForRequest(InvocableHandlerMethod.java:138)\norg.springframework.web.servlet.mvc.method.annotation.ServletInvocableHandlerMethod.invokeAndHandle(ServletInvocableHandlerMethod.java:105)\norg.springframework.web.servlet.mvc.method.annotation.RequestMappingHandlerAdapter.invokeHandlerMethod(RequestMappingHandlerAdapter.java:878)\norg.springframework.web.servlet.mvc.method.annotation.RequestMappingHandlerAdapter.handleInternal(RequestMappingHandlerAdapter.java:792)\norg.springframework.web.servlet.mvc.method.AbstractHandlerMethodAdapter.handle(AbstractHandlerMethodAdapter.java:87)\norg.springframework.web.servlet.DispatcherServlet.doDispatch(DispatcherServlet.java:1040)\norg.springframework.web.servlet.DispatcherServlet.doService(DispatcherServlet.java:943)\norg.springframework.web.servlet.FrameworkServlet.processRequest(FrameworkServlet.java:1006)\norg.springframework.web.servlet.FrameworkServlet.doPost(FrameworkServlet.java:909)\njavax.servlet.http.HttpServlet.service(HttpServlet.java:652)\norg.springframework.web.servlet.FrameworkServlet.service(FrameworkServlet.java:883)\njavax.servlet.http.HttpServlet.service(HttpServlet.java:733)\norg.apache.catalina.core.ApplicationFilterChain.internalDoFilter(ApplicationFilterChain.java:231)\norg.apache.catalina.core.ApplicationFilterChain.doFilter(ApplicationFilterChain.java:166)\norg.apache.tomcat.websocket.server.WsFilter.doFilter(WsFilter.java:53)\norg.apache.catalina.core.ApplicationFilterChain.internalDoFilter(ApplicationFilterChain.java:193)\norg.apache.catalina.core.ApplicationFilterChain.doFilter(ApplicationFilterChain.java:166)\ncom.alibaba.druid.support.http.WebStatFilter.doFilter(WebStatFilter.java:123)\norg.apache.catalina.core.ApplicationFilterChain.internalDoFilter(ApplicationFilterChain.java:193)\norg.apache.catalina.core.ApplicationFilterChain.doFilter(ApplicationFilterChain.java:166)\norg.springframework.web.filter.RequestContextFilter.doFilterInternal(RequestContextFilter.java:100)\norg.springframework.web.filter.OncePerRequestFilter.doFilter(OncePerRequestFilter.java:119)\norg.apache.catalina.core.ApplicationFilterChain.internalDoFilter(ApplicationFilterChain.java:193)\norg.apache.catalina.core.ApplicationFilterChain.doFilter(ApplicationFilterChain.java:166)\norg.springframework.web.filter.FormContentFilter.doFilterInternal(FormContentFilter.java:93)\norg.springframework.web.filter.OncePerRequestFilter.doFilter(OncePerRequestFilter.java:119)\norg.apache.catalina.core.ApplicationFilterChain.internalDoFilter(ApplicationFilterChain.java:193)\norg.apache.catalina.core.ApplicationFilterChain.doFilter(ApplicationFilterChain.java:166)\norg.springframework.web.filter.CharacterEncodingFilter.doFilterInternal(CharacterEncodingFilter.java:201)\norg.springframework.web.filter.OncePerRequestFilter.doFilter(OncePerRequestFilter.java:119)\norg.apache.catalina.core.ApplicationFilterChain.internalDoFilter(ApplicationFilterChain.java:193)\norg.apache.catalina.core.ApplicationFilterChain.doFilter(ApplicationFilterChain.java:166)\norg.apache.catalina.core.StandardWrapperValve.invoke(StandardWrapperValve.java:202)\norg.apache.catalina.core.StandardContextValve.invoke(StandardContextValve.java:97)\norg.apache.catalina.authenticator.AuthenticatorBase.invoke(AuthenticatorBase.java:542)\norg.apache.catalina.core.StandardHostValve.invoke(StandardHostValve.java:143)\norg.apache.catalina.valves.ErrorReportValve.invoke(ErrorReportValve.java:92)\norg.apache.catalina.core.StandardEngineValve.invoke(StandardEngineValve.java:78)\norg.apache.catalina.connector.CoyoteAdapter.service(CoyoteAdapter.java:343)\norg.apache.coyote.http11.Http11Processor.service(Http11Processor.java:374)\norg.apache.coyote.AbstractProcessorLight.process(AbstractProcessorLight.java:65)\norg.apache.coyote.AbstractProtocol$ConnectionHandler.process(AbstractProtocol.java:868)\norg.apache.tomcat.util.net.NioEndpoint$SocketProcessor.doRun(NioEndpoint.java:1590)\norg.apache.tomcat.util.net.SocketProcessorBase.run(SocketProcessorBase.java:49)\njava.util.concurrent.ThreadPoolExecutor.runWorker(Unknown Source)\njava.util.concurrent.ThreadPoolExecutor$Worker.run(Unknown Source)\norg.apache.tomcat.util.threads.TaskThread$WrappingRunnable.run(TaskThread.java:61)\njava.lang.Thread.run(Unknown Source)\n', '2021-02-13 22:10:04', null), ('6', '99', 'org.springframework.data.redis.RedisConnectionFailureException:Attempting to read from a broken connection; nested exception is redis.clients.jedis.exceptions.JedisConnectionException: Attempting to read from a broken connection\n	org.springframework.data.redis.connection.jedis.JedisExceptionConverter.convert(JedisExceptionConverter.java:65)\norg.springframework.data.redis.connection.jedis.JedisExceptionConverter.convert(JedisExceptionConverter.java:42)\norg.springframework.data.redis.PassThroughExceptionTranslationStrategy.translate(PassThroughExceptionTranslationStrategy.java:44)\norg.springframework.data.redis.FallbackExceptionTranslationStrategy.translate(FallbackExceptionTranslationStrategy.java:42)\norg.springframework.data.redis.connection.jedis.JedisConnection.convertJedisAccessException(JedisConnection.java:135)\norg.springframework.data.redis.connection.jedis.JedisConnection.close(JedisConnection.java:301)\norg.springframework.data.redis.cache.DefaultRedisCacheWriter.execute(DefaultRedisCacheWriter.java:250)\norg.springframework.data.redis.cache.DefaultRedisCacheWriter.clean(DefaultRedisCacheWriter.java:177)\norg.springframework.data.redis.cache.RedisCache.clear(RedisCache.java:193)\norg.springframework.cache.interceptor.AbstractCacheInvoker.doClear(AbstractCacheInvoker.java:122)\norg.springframework.cache.interceptor.CacheAspectSupport.performCacheEvict(CacheAspectSupport.java:505)\norg.springframework.cache.interceptor.CacheAspectSupport.processCacheEvicts(CacheAspectSupport.java:493)\norg.springframework.cache.interceptor.CacheAspectSupport.execute(CacheAspectSupport.java:434)\norg.springframework.cache.interceptor.CacheAspectSupport.execute(CacheAspectSupport.java:346)\norg.springframework.cache.interceptor.CacheInterceptor.invoke(CacheInterceptor.java:61)\norg.springframework.aop.framework.ReflectiveMethodInvocation.proceed(ReflectiveMethodInvocation.java:186)\norg.springframework.aop.framework.CglibAopProxy$CglibMethodInvocation.proceed(CglibAopProxy.java:749)\norg.springframework.aop.framework.CglibAopProxy$DynamicAdvisedInterceptor.intercept(CglibAopProxy.java:691)\ncom.wan.system.service.impl.SysMenuServiceImpl$$EnhancerBySpringCGLIB$$c0f651cb.insertMenu(<generated>)\ncom.wan.web.controller.system.SysMenuController.save(SysMenuController.java:78)\ncom.wan.web.controller.system.SysMenuController$$FastClassBySpringCGLIB$$1b6beeea.invoke(<generated>)\norg.springframework.cglib.proxy.MethodProxy.invoke(MethodProxy.java:218)\norg.springframework.aop.framework.CglibAopProxy$CglibMethodInvocation.invokeJoinpoint(CglibAopProxy.java:771)\norg.springframework.aop.framework.ReflectiveMethodInvocation.proceed(ReflectiveMethodInvocation.java:163)\norg.springframework.aop.framework.CglibAopProxy$CglibMethodInvocation.proceed(CglibAopProxy.java:749)\norg.springframework.aop.aspectj.AspectJAfterThrowingAdvice.invoke(AspectJAfterThrowingAdvice.java:62)\norg.springframework.aop.framework.ReflectiveMethodInvocation.proceed(ReflectiveMethodInvocation.java:175)\norg.springframework.aop.framework.CglibAopProxy$CglibMethodInvocation.proceed(CglibAopProxy.java:749)\norg.springframework.aop.framework.adapter.AfterReturningAdviceInterceptor.invoke(AfterReturningAdviceInterceptor.java:55)\norg.springframework.aop.framework.ReflectiveMethodInvocation.proceed(ReflectiveMethodInvocation.java:175)\norg.springframework.aop.framework.CglibAopProxy$CglibMethodInvocation.proceed(CglibAopProxy.java:749)\norg.springframework.aop.interceptor.ExposeInvocationInterceptor.invoke(ExposeInvocationInterceptor.java:95)\norg.springframework.aop.framework.ReflectiveMethodInvocation.proceed(ReflectiveMethodInvocation.java:186)\norg.springframework.aop.framework.CglibAopProxy$CglibMethodInvocation.proceed(CglibAopProxy.java:749)\norg.springframework.aop.framework.CglibAopProxy$DynamicAdvisedInterceptor.intercept(CglibAopProxy.java:691)\ncom.wan.web.controller.system.SysMenuController$$EnhancerBySpringCGLIB$$62dd1400.save(<generated>)\nsun.reflect.NativeMethodAccessorImpl.invoke0(Native Method)\nsun.reflect.NativeMethodAccessorImpl.invoke(Unknown Source)\nsun.reflect.DelegatingMethodAccessorImpl.invoke(Unknown Source)\njava.lang.reflect.Method.invoke(Unknown Source)\norg.springframework.web.method.support.InvocableHandlerMethod.doInvoke(InvocableHandlerMethod.java:190)\norg.springframework.web.method.support.InvocableHandlerMethod.invokeForRequest(InvocableHandlerMethod.java:138)\norg.springframework.web.servlet.mvc.method.annotation.ServletInvocableHandlerMethod.invokeAndHandle(ServletInvocableHandlerMethod.java:105)\norg.springframework.web.servlet.mvc.method.annotation.RequestMappingHandlerAdapter.invokeHandlerMethod(RequestMappingHandlerAdapter.java:878)\norg.springframework.web.servlet.mvc.method.annotation.RequestMappingHandlerAdapter.handleInternal(RequestMappingHandlerAdapter.java:792)\norg.springframework.web.servlet.mvc.method.AbstractHandlerMethodAdapter.handle(AbstractHandlerMethodAdapter.java:87)\norg.springframework.web.servlet.DispatcherServlet.doDispatch(DispatcherServlet.java:1040)\norg.springframework.web.servlet.DispatcherServlet.doService(DispatcherServlet.java:943)\norg.springframework.web.servlet.FrameworkServlet.processRequest(FrameworkServlet.java:1006)\norg.springframework.web.servlet.FrameworkServlet.doPost(FrameworkServlet.java:909)\njavax.servlet.http.HttpServlet.service(HttpServlet.java:652)\norg.springframework.web.servlet.FrameworkServlet.service(FrameworkServlet.java:883)\njavax.servlet.http.HttpServlet.service(HttpServlet.java:733)\norg.apache.catalina.core.ApplicationFilterChain.internalDoFilter(ApplicationFilterChain.java:231)\norg.apache.catalina.core.ApplicationFilterChain.doFilter(ApplicationFilterChain.java:166)\norg.apache.tomcat.websocket.server.WsFilter.doFilter(WsFilter.java:53)\norg.apache.catalina.core.ApplicationFilterChain.internalDoFilter(ApplicationFilterChain.java:193)\norg.apache.catalina.core.ApplicationFilterChain.doFilter(ApplicationFilterChain.java:166)\ncom.wan.security.filter.CaptchaFilter.doFilterInternal(CaptchaFilter.java:44)\norg.springframework.web.filter.OncePerRequestFilter.doFilter(OncePerRequestFilter.java:119)\norg.apache.catalina.core.ApplicationFilterChain.internalDoFilter(ApplicationFilterChain.java:193)\norg.apache.catalina.core.ApplicationFilterChain.doFilter(ApplicationFilterChain.java:166)\ncom.alibaba.druid.support.http.WebStatFilter.doFilter(WebStatFilter.java:123)\norg.apache.catalina.core.ApplicationFilterChain.internalDoFilter(ApplicationFilterChain.java:193)\norg.apache.catalina.core.ApplicationFilterChain.doFilter(ApplicationFilterChain.java:166)\norg.springframework.security.web.FilterChainProxy$VirtualFilterChain.doFilter(FilterChainProxy.java:320)\norg.springframework.security.web.access.intercept.FilterSecurityInterceptor.invoke(FilterSecurityInterceptor.java:126)\norg.springframework.security.web.access.intercept.FilterSecurityInterceptor.doFilter(FilterSecurityInterceptor.java:90)\norg.springframework.security.web.FilterChainProxy$VirtualFilterChain.doFilter(FilterChainProxy.java:334)\norg.springframework.security.web.access.ExceptionTranslationFilter.doFilter(ExceptionTranslationFilter.java:118)\norg.springframework.security.web.FilterChainProxy$VirtualFilterChain.doFilter(FilterChainProxy.java:334)\norg.springframework.security.web.session.SessionManagementFilter.doFilter(SessionManagementFilter.java:137)\norg.springframework.security.web.FilterChainProxy$VirtualFilterChain.doFilter(FilterChainProxy.java:334)\norg.springframework.security.web.authentication.AnonymousAuthenticationFilter.doFilter(AnonymousAuthenticationFilter.java:111)\norg.springframework.security.web.FilterChainProxy$VirtualFilterChain.doFilter(FilterChainProxy.java:334)\norg.springframework.security.web.authentication.rememberme.RememberMeAuthenticationFilter.doFilter(RememberMeAuthenticationFilter.java:158)\norg.springframework.security.web.FilterChainProxy$VirtualFilterChain.doFilter(FilterChainProxy.java:334)\norg.springframework.security.web.servletapi.SecurityContextHolderAwareRequestFilter.doFilter(SecurityContextHolderAwareRequestFilter.java:158)\norg.springframework.security.web.FilterChainProxy$VirtualFilterChain.doFilter(FilterChainProxy.java:334)\norg.springframework.security.web.savedrequest.RequestCacheAwareFilter.doFilter(RequestCacheAwareFilter.java:63)\norg.springframework.security.web.FilterChainProxy$VirtualFilterChain.doFilter(FilterChainProxy.java:334)\norg.springframework.security.web.authentication.AbstractAuthenticationProcessingFilter.doFilter(AbstractAuthenticationProcessingFilter.java:200)\norg.springframework.security.web.FilterChainProxy$VirtualFilterChain.doFilter(FilterChainProxy.java:334)\ncom.wan.security.filter.CaptchaFilter.doFilterInternal(CaptchaFilter.java:44)\norg.springframework.web.filter.OncePerRequestFilter.doFilter(OncePerRequestFilter.java:119)\norg.springframework.security.web.FilterChainProxy$VirtualFilterChain.doFilter(FilterChainProxy.java:334)\norg.springframework.security.web.authentication.logout.LogoutFilter.doFilter(LogoutFilter.java:116)\norg.springframework.security.web.FilterChainProxy$VirtualFilterChain.doFilter(FilterChainProxy.java:334)\norg.springframework.security.web.header.HeaderWriterFilter.doHeadersAfter(HeaderWriterFilter.java:92)\norg.springframework.security.web.header.HeaderWriterFilter.doFilterInternal(HeaderWriterFilter.java:77)\norg.springframework.web.filter.OncePerRequestFilter.doFilter(OncePerRequestFilter.java:119)\norg.springframework.security.web.FilterChainProxy$VirtualFilterChain.doFilter(FilterChainProxy.java:334)\norg.springframework.security.web.context.SecurityContextPersistenceFilter.doFilter(SecurityContextPersistenceFilter.java:105)\norg.springframework.security.web.FilterChainProxy$VirtualFilterChain.doFilter(FilterChainProxy.java:334)\norg.springframework.security.web.context.request.async.WebAsyncManagerIntegrationFilter.doFilterInternal(WebAsyncManagerIntegrationFilter.java:56)\norg.springframework.web.filter.OncePerRequestFilter.doFilter(OncePerRequestFilter.java:119)\norg.springframework.security.web.FilterChainProxy$VirtualFilterChain.doFilter(FilterChainProxy.java:334)\norg.springframework.security.web.FilterChainProxy.doFilterInternal(FilterChainProxy.java:215)\norg.springframework.security.web.FilterChainProxy.doFilter(FilterChainProxy.java:178)\norg.springframework.web.filter.DelegatingFilterProxy.invokeDelegate(DelegatingFilterProxy.java:358)\norg.springframework.web.filter.DelegatingFilterProxy.doFilter(DelegatingFilterProxy.java:271)\norg.apache.catalina.core.ApplicationFilterChain.internalDoFilter(ApplicationFilterChain.java:193)\norg.apache.catalina.core.ApplicationFilterChain.doFilter(ApplicationFilterChain.java:166)\norg.springframework.web.filter.RequestContextFilter.doFilterInternal(RequestContextFilter.java:100)\norg.springframework.web.filter.OncePerRequestFilter.doFilter(OncePerRequestFilter.java:119)\norg.apache.catalina.core.ApplicationFilterChain.internalDoFilter(ApplicationFilterChain.java:193)\norg.apache.catalina.core.ApplicationFilterChain.doFilter(ApplicationFilterChain.java:166)\norg.springframework.web.filter.FormContentFilter.doFilterInternal(FormContentFilter.java:93)\norg.springframework.web.filter.OncePerRequestFilter.doFilter(OncePerRequestFilter.java:119)\norg.apache.catalina.core.ApplicationFilterChain.internalDoFilter(ApplicationFilterChain.java:193)\norg.apache.catalina.core.ApplicationFilterChain.doFilter(ApplicationFilterChain.java:166)\norg.springframework.web.filter.CharacterEncodingFilter.doFilterInternal(CharacterEncodingFilter.java:201)\norg.springframework.web.filter.OncePerRequestFilter.doFilter(OncePerRequestFilter.java:119)\norg.apache.catalina.core.ApplicationFilterChain.internalDoFilter(ApplicationFilterChain.java:193)\norg.apache.catalina.core.ApplicationFilterChain.doFilter(ApplicationFilterChain.java:166)\norg.apache.catalina.core.StandardWrapperValve.invoke(StandardWrapperValve.java:202)\norg.apache.catalina.core.StandardContextValve.invoke(StandardContextValve.java:97)\norg.apache.catalina.authenticator.AuthenticatorBase.invoke(AuthenticatorBase.java:542)\norg.apache.catalina.core.StandardHostValve.invoke(StandardHostValve.java:143)\norg.apache.catalina.valves.ErrorReportValve.invoke(ErrorReportValve.java:92)\norg.apache.catalina.core.StandardEngineValve.invoke(StandardEngineValve.java:78)\norg.apache.catalina.connector.CoyoteAdapter.service(CoyoteAdapter.java:343)\norg.apache.coyote.http11.Http11Processor.service(Http11Processor.java:374)\norg.apache.coyote.AbstractProcessorLight.process(AbstractProcessorLight.java:65)\norg.apache.coyote.AbstractProtocol$ConnectionHandler.process(AbstractProtocol.java:868)\norg.apache.tomcat.util.net.NioEndpoint$SocketProcessor.doRun(NioEndpoint.java:1590)\norg.apache.tomcat.util.net.SocketProcessorBase.run(SocketProcessorBase.java:49)\njava.util.concurrent.ThreadPoolExecutor.runWorker(Unknown Source)\njava.util.concurrent.ThreadPoolExecutor$Worker.run(Unknown Source)\norg.apache.tomcat.util.threads.TaskThread$WrappingRunnable.run(TaskThread.java:61)\njava.lang.Thread.run(Unknown Source)\n', '2021-03-05 22:53:26', null), ('7', '130', 'org.springframework.expression.spel.SpelEvaluationException:EL1008E: Property or field \'MENU\' cannot be found on object of type \'org.springframework.cache.interceptor.CacheExpressionRootObject\' - maybe not public or not valid?\n	org.springframework.expression.spel.ast.PropertyOrFieldReference.readProperty(PropertyOrFieldReference.java:217)\norg.springframework.expression.spel.ast.PropertyOrFieldReference.getValueInternal(PropertyOrFieldReference.java:104)\norg.springframework.expression.spel.ast.PropertyOrFieldReference.getValueInternal(PropertyOrFieldReference.java:91)\norg.springframework.expression.spel.ast.OpEQ.getValueInternal(OpEQ.java:43)\norg.springframework.expression.spel.ast.OpEQ.getValueInternal(OpEQ.java:32)\norg.springframework.expression.spel.ast.SpelNodeImpl.getTypedValue(SpelNodeImpl.java:117)\norg.springframework.expression.spel.standard.SpelExpression.getValue(SpelExpression.java:308)\norg.springframework.cache.interceptor.CacheOperationExpressionEvaluator.condition(CacheOperationExpressionEvaluator.java:108)\norg.springframework.cache.interceptor.CacheAspectSupport$CacheOperationContext.isConditionPassing(CacheAspectSupport.java:763)\norg.springframework.cache.interceptor.CacheAspectSupport.isConditionPassing(CacheAspectSupport.java:583)\norg.springframework.cache.interceptor.CacheAspectSupport.processCacheEvicts(CacheAspectSupport.java:492)\norg.springframework.cache.interceptor.CacheAspectSupport.execute(CacheAspectSupport.java:434)\norg.springframework.cache.interceptor.CacheAspectSupport.execute(CacheAspectSupport.java:346)\norg.springframework.cache.interceptor.CacheInterceptor.invoke(CacheInterceptor.java:61)\norg.springframework.aop.framework.ReflectiveMethodInvocation.proceed(ReflectiveMethodInvocation.java:186)\norg.springframework.aop.framework.CglibAopProxy$CglibMethodInvocation.proceed(CglibAopProxy.java:749)\norg.springframework.aop.framework.CglibAopProxy$DynamicAdvisedInterceptor.intercept(CglibAopProxy.java:691)\ncom.wan.system.service.impl.SysMenuServiceImpl$$EnhancerBySpringCGLIB$$47da3ba1.updateMenu(<generated>)\ncom.wan.web.controller.system.SysMenuController.update(SysMenuController.java:90)\ncom.wan.web.controller.system.SysMenuController$$FastClassBySpringCGLIB$$1b6beeea.invoke(<generated>)\norg.springframework.cglib.proxy.MethodProxy.invoke(MethodProxy.java:218)\norg.springframework.aop.framework.CglibAopProxy$CglibMethodInvocation.invokeJoinpoint(CglibAopProxy.java:771)\norg.springframework.aop.framework.ReflectiveMethodInvocation.proceed(ReflectiveMethodInvocation.java:163)\norg.springframework.aop.framework.CglibAopProxy$CglibMethodInvocation.proceed(CglibAopProxy.java:749)\norg.springframework.aop.aspectj.AspectJAfterThrowingAdvice.invoke(AspectJAfterThrowingAdvice.java:62)\norg.springframework.aop.framework.ReflectiveMethodInvocation.proceed(ReflectiveMethodInvocation.java:175)\norg.springframework.aop.framework.CglibAopProxy$CglibMethodInvocation.proceed(CglibAopProxy.java:749)\norg.springframework.aop.framework.adapter.AfterReturningAdviceInterceptor.invoke(AfterReturningAdviceInterceptor.java:55)\norg.springframework.aop.framework.ReflectiveMethodInvocation.proceed(ReflectiveMethodInvocation.java:175)\norg.springframework.aop.framework.CglibAopProxy$CglibMethodInvocation.proceed(CglibAopProxy.java:749)\norg.springframework.aop.interceptor.ExposeInvocationInterceptor.invoke(ExposeInvocationInterceptor.java:95)\norg.springframework.aop.framework.ReflectiveMethodInvocation.proceed(ReflectiveMethodInvocation.java:186)\norg.springframework.aop.framework.CglibAopProxy$CglibMethodInvocation.proceed(CglibAopProxy.java:749)\norg.springframework.aop.framework.CglibAopProxy$DynamicAdvisedInterceptor.intercept(CglibAopProxy.java:691)\ncom.wan.web.controller.system.SysMenuController$$EnhancerBySpringCGLIB$$46a7c957.update(<generated>)\nsun.reflect.NativeMethodAccessorImpl.invoke0(Native Method)\nsun.reflect.NativeMethodAccessorImpl.invoke(Unknown Source)\nsun.reflect.DelegatingMethodAccessorImpl.invoke(Unknown Source)\njava.lang.reflect.Method.invoke(Unknown Source)\norg.springframework.web.method.support.InvocableHandlerMethod.doInvoke(InvocableHandlerMethod.java:190)\norg.springframework.web.method.support.InvocableHandlerMethod.invokeForRequest(InvocableHandlerMethod.java:138)\norg.springframework.web.servlet.mvc.method.annotation.ServletInvocableHandlerMethod.invokeAndHandle(ServletInvocableHandlerMethod.java:105)\norg.springframework.web.servlet.mvc.method.annotation.RequestMappingHandlerAdapter.invokeHandlerMethod(RequestMappingHandlerAdapter.java:878)\norg.springframework.web.servlet.mvc.method.annotation.RequestMappingHandlerAdapter.handleInternal(RequestMappingHandlerAdapter.java:792)\norg.springframework.web.servlet.mvc.method.AbstractHandlerMethodAdapter.handle(AbstractHandlerMethodAdapter.java:87)\norg.springframework.web.servlet.DispatcherServlet.doDispatch(DispatcherServlet.java:1040)\norg.springframework.web.servlet.DispatcherServlet.doService(DispatcherServlet.java:943)\norg.springframework.web.servlet.FrameworkServlet.processRequest(FrameworkServlet.java:1006)\norg.springframework.web.servlet.FrameworkServlet.doPost(FrameworkServlet.java:909)\njavax.servlet.http.HttpServlet.service(HttpServlet.java:652)\norg.springframework.web.servlet.FrameworkServlet.service(FrameworkServlet.java:883)\njavax.servlet.http.HttpServlet.service(HttpServlet.java:733)\norg.apache.catalina.core.ApplicationFilterChain.internalDoFilter(ApplicationFilterChain.java:231)\norg.apache.catalina.core.ApplicationFilterChain.doFilter(ApplicationFilterChain.java:166)\norg.apache.tomcat.websocket.server.WsFilter.doFilter(WsFilter.java:53)\norg.apache.catalina.core.ApplicationFilterChain.internalDoFilter(ApplicationFilterChain.java:193)\norg.apache.catalina.core.ApplicationFilterChain.doFilter(ApplicationFilterChain.java:166)\ncom.wan.security.filter.CaptchaFilter.doFilterInternal(CaptchaFilter.java:44)\norg.springframework.web.filter.OncePerRequestFilter.doFilter(OncePerRequestFilter.java:119)\norg.apache.catalina.core.ApplicationFilterChain.internalDoFilter(ApplicationFilterChain.java:193)\norg.apache.catalina.core.ApplicationFilterChain.doFilter(ApplicationFilterChain.java:166)\ncom.alibaba.druid.support.http.WebStatFilter.doFilter(WebStatFilter.java:123)\norg.apache.catalina.core.ApplicationFilterChain.internalDoFilter(ApplicationFilterChain.java:193)\norg.apache.catalina.core.ApplicationFilterChain.doFilter(ApplicationFilterChain.java:166)\norg.springframework.security.web.FilterChainProxy$VirtualFilterChain.doFilter(FilterChainProxy.java:320)\norg.springframework.security.web.access.intercept.FilterSecurityInterceptor.invoke(FilterSecurityInterceptor.java:126)\norg.springframework.security.web.access.intercept.FilterSecurityInterceptor.doFilter(FilterSecurityInterceptor.java:90)\norg.springframework.security.web.FilterChainProxy$VirtualFilterChain.doFilter(FilterChainProxy.java:334)\norg.springframework.security.web.access.ExceptionTranslationFilter.doFilter(ExceptionTranslationFilter.java:118)\norg.springframework.security.web.FilterChainProxy$VirtualFilterChain.doFilter(FilterChainProxy.java:334)\norg.springframework.security.web.session.SessionManagementFilter.doFilter(SessionManagementFilter.java:137)\norg.springframework.security.web.FilterChainProxy$VirtualFilterChain.doFilter(FilterChainProxy.java:334)\norg.springframework.security.web.authentication.AnonymousAuthenticationFilter.doFilter(AnonymousAuthenticationFilter.java:111)\norg.springframework.security.web.FilterChainProxy$VirtualFilterChain.doFilter(FilterChainProxy.java:334)\norg.springframework.security.web.authentication.rememberme.RememberMeAuthenticationFilter.doFilter(RememberMeAuthenticationFilter.java:158)\norg.springframework.security.web.FilterChainProxy$VirtualFilterChain.doFilter(FilterChainProxy.java:334)\norg.springframework.security.web.servletapi.SecurityContextHolderAwareRequestFilter.doFilter(SecurityContextHolderAwareRequestFilter.java:158)\norg.springframework.security.web.FilterChainProxy$VirtualFilterChain.doFilter(FilterChainProxy.java:334)\norg.springframework.security.web.savedrequest.RequestCacheAwareFilter.doFilter(RequestCacheAwareFilter.java:63)\norg.springframework.security.web.FilterChainProxy$VirtualFilterChain.doFilter(FilterChainProxy.java:334)\norg.springframework.security.web.authentication.AbstractAuthenticationProcessingFilter.doFilter(AbstractAuthenticationProcessingFilter.java:200)\norg.springframework.security.web.FilterChainProxy$VirtualFilterChain.doFilter(FilterChainProxy.java:334)\ncom.wan.security.filter.CaptchaFilter.doFilterInternal(CaptchaFilter.java:44)\norg.springframework.web.filter.OncePerRequestFilter.doFilter(OncePerRequestFilter.java:119)\norg.springframework.security.web.FilterChainProxy$VirtualFilterChain.doFilter(FilterChainProxy.java:334)\norg.springframework.security.web.authentication.logout.LogoutFilter.doFilter(LogoutFilter.java:116)\norg.springframework.security.web.FilterChainProxy$VirtualFilterChain.doFilter(FilterChainProxy.java:334)\norg.springframework.security.web.header.HeaderWriterFilter.doHeadersAfter(HeaderWriterFilter.java:92)\norg.springframework.security.web.header.HeaderWriterFilter.doFilterInternal(HeaderWriterFilter.java:77)\norg.springframework.web.filter.OncePerRequestFilter.doFilter(OncePerRequestFilter.java:119)\norg.springframework.security.web.FilterChainProxy$VirtualFilterChain.doFilter(FilterChainProxy.java:334)\norg.springframework.security.web.context.SecurityContextPersistenceFilter.doFilter(SecurityContextPersistenceFilter.java:105)\norg.springframework.security.web.FilterChainProxy$VirtualFilterChain.doFilter(FilterChainProxy.java:334)\norg.springframework.security.web.context.request.async.WebAsyncManagerIntegrationFilter.doFilterInternal(WebAsyncManagerIntegrationFilter.java:56)\norg.springframework.web.filter.OncePerRequestFilter.doFilter(OncePerRequestFilter.java:119)\norg.springframework.security.web.FilterChainProxy$VirtualFilterChain.doFilter(FilterChainProxy.java:334)\norg.springframework.security.web.FilterChainProxy.doFilterInternal(FilterChainProxy.java:215)\norg.springframework.security.web.FilterChainProxy.doFilter(FilterChainProxy.java:178)\norg.springframework.web.filter.DelegatingFilterProxy.invokeDelegate(DelegatingFilterProxy.java:358)\norg.springframework.web.filter.DelegatingFilterProxy.doFilter(DelegatingFilterProxy.java:271)\norg.apache.catalina.core.ApplicationFilterChain.internalDoFilter(ApplicationFilterChain.java:193)\norg.apache.catalina.core.ApplicationFilterChain.doFilter(ApplicationFilterChain.java:166)\norg.springframework.web.filter.RequestContextFilter.doFilterInternal(RequestContextFilter.java:100)\norg.springframework.web.filter.OncePerRequestFilter.doFilter(OncePerRequestFilter.java:119)\norg.apache.catalina.core.ApplicationFilterChain.internalDoFilter(ApplicationFilterChain.java:193)\norg.apache.catalina.core.ApplicationFilterChain.doFilter(ApplicationFilterChain.java:166)\norg.springframework.web.filter.FormContentFilter.doFilterInternal(FormContentFilter.java:93)\norg.springframework.web.filter.OncePerRequestFilter.doFilter(OncePerRequestFilter.java:119)\norg.apache.catalina.core.ApplicationFilterChain.internalDoFilter(ApplicationFilterChain.java:193)\norg.apache.catalina.core.ApplicationFilterChain.doFilter(ApplicationFilterChain.java:166)\norg.springframework.web.filter.CharacterEncodingFilter.doFilterInternal(CharacterEncodingFilter.java:201)\norg.springframework.web.filter.OncePerRequestFilter.doFilter(OncePerRequestFilter.java:119)\norg.apache.catalina.core.ApplicationFilterChain.internalDoFilter(ApplicationFilterChain.java:193)\norg.apache.catalina.core.ApplicationFilterChain.doFilter(ApplicationFilterChain.java:166)\norg.apache.catalina.core.StandardWrapperValve.invoke(StandardWrapperValve.java:202)\norg.apache.catalina.core.StandardContextValve.invoke(StandardContextValve.java:97)\norg.apache.catalina.authenticator.AuthenticatorBase.invoke(AuthenticatorBase.java:542)\norg.apache.catalina.core.StandardHostValve.invoke(StandardHostValve.java:143)\norg.apache.catalina.valves.ErrorReportValve.invoke(ErrorReportValve.java:92)\norg.apache.catalina.core.StandardEngineValve.invoke(StandardEngineValve.java:78)\norg.apache.catalina.connector.CoyoteAdapter.service(CoyoteAdapter.java:343)\norg.apache.coyote.http11.Http11Processor.service(Http11Processor.java:374)\norg.apache.coyote.AbstractProcessorLight.process(AbstractProcessorLight.java:65)\norg.apache.coyote.AbstractProtocol$ConnectionHandler.process(AbstractProtocol.java:868)\norg.apache.tomcat.util.net.NioEndpoint$SocketProcessor.doRun(NioEndpoint.java:1590)\norg.apache.tomcat.util.net.SocketProcessorBase.run(SocketProcessorBase.java:49)\njava.util.concurrent.ThreadPoolExecutor.runWorker(Unknown Source)\njava.util.concurrent.ThreadPoolExecutor$Worker.run(Unknown Source)\norg.apache.tomcat.util.threads.TaskThread$WrappingRunnable.run(TaskThread.java:61)\njava.lang.Thread.run(Unknown Source)\n', '2021-03-07 15:54:06', null), ('8', '148', 'org.mybatis.spring.MyBatisSystemException:nested exception is org.apache.ibatis.reflection.ReflectionException: There is no getter for property named \'role_id\' in \'class com.wan.system.domain.SysRoleRule\'\n	org.mybatis.spring.MyBatisExceptionTranslator.translateExceptionIfPossible(MyBatisExceptionTranslator.java:92)\norg.mybatis.spring.SqlSessionTemplate$SqlSessionInterceptor.invoke(SqlSessionTemplate.java:440)\ncom.sun.proxy.$Proxy79.insert(Unknown Source)\norg.mybatis.spring.SqlSessionTemplate.insert(SqlSessionTemplate.java:271)\norg.apache.ibatis.binding.MapperMethod.execute(MapperMethod.java:62)\norg.apache.ibatis.binding.MapperProxy$PlainMethodInvoker.invoke(MapperProxy.java:152)\norg.apache.ibatis.binding.MapperProxy.invoke(MapperProxy.java:85)\ncom.sun.proxy.$Proxy88.insertRoleRule(Unknown Source)\ncom.wan.system.service.impl.SysRoleServiceImpl.saveRoleRules(SysRoleServiceImpl.java:74)\ncom.wan.web.controller.system.SysRoleController.saveRules(SysRoleController.java:120)\ncom.wan.web.controller.system.SysRoleController$$FastClassBySpringCGLIB$$7830a941.invoke(<generated>)\norg.springframework.cglib.proxy.MethodProxy.invoke(MethodProxy.java:218)\norg.springframework.aop.framework.CglibAopProxy$CglibMethodInvocation.invokeJoinpoint(CglibAopProxy.java:771)\norg.springframework.aop.framework.ReflectiveMethodInvocation.proceed(ReflectiveMethodInvocation.java:163)\norg.springframework.aop.framework.CglibAopProxy$CglibMethodInvocation.proceed(CglibAopProxy.java:749)\norg.springframework.aop.aspectj.AspectJAfterThrowingAdvice.invoke(AspectJAfterThrowingAdvice.java:62)\norg.springframework.aop.framework.ReflectiveMethodInvocation.proceed(ReflectiveMethodInvocation.java:175)\norg.springframework.aop.framework.CglibAopProxy$CglibMethodInvocation.proceed(CglibAopProxy.java:749)\norg.springframework.aop.framework.adapter.AfterReturningAdviceInterceptor.invoke(AfterReturningAdviceInterceptor.java:55)\norg.springframework.aop.framework.ReflectiveMethodInvocation.proceed(ReflectiveMethodInvocation.java:175)\norg.springframework.aop.framework.CglibAopProxy$CglibMethodInvocation.proceed(CglibAopProxy.java:749)\norg.springframework.aop.interceptor.ExposeInvocationInterceptor.invoke(ExposeInvocationInterceptor.java:95)\norg.springframework.aop.framework.ReflectiveMethodInvocation.proceed(ReflectiveMethodInvocation.java:186)\norg.springframework.aop.framework.CglibAopProxy$CglibMethodInvocation.proceed(CglibAopProxy.java:749)\norg.springframework.aop.framework.CglibAopProxy$DynamicAdvisedInterceptor.intercept(CglibAopProxy.java:691)\ncom.wan.web.controller.system.SysRoleController$$EnhancerBySpringCGLIB$$4a486e4c.saveRules(<generated>)\nsun.reflect.NativeMethodAccessorImpl.invoke0(Native Method)\nsun.reflect.NativeMethodAccessorImpl.invoke(Unknown Source)\nsun.reflect.DelegatingMethodAccessorImpl.invoke(Unknown Source)\njava.lang.reflect.Method.invoke(Unknown Source)\norg.springframework.web.method.support.InvocableHandlerMethod.doInvoke(InvocableHandlerMethod.java:190)\norg.springframework.web.method.support.InvocableHandlerMethod.invokeForRequest(InvocableHandlerMethod.java:138)\norg.springframework.web.servlet.mvc.method.annotation.ServletInvocableHandlerMethod.invokeAndHandle(ServletInvocableHandlerMethod.java:105)\norg.springframework.web.servlet.mvc.method.annotation.RequestMappingHandlerAdapter.invokeHandlerMethod(RequestMappingHandlerAdapter.java:878)\norg.springframework.web.servlet.mvc.method.annotation.RequestMappingHandlerAdapter.handleInternal(RequestMappingHandlerAdapter.java:792)\norg.springframework.web.servlet.mvc.method.AbstractHandlerMethodAdapter.handle(AbstractHandlerMethodAdapter.java:87)\norg.springframework.web.servlet.DispatcherServlet.doDispatch(DispatcherServlet.java:1040)\norg.springframework.web.servlet.DispatcherServlet.doService(DispatcherServlet.java:943)\norg.springframework.web.servlet.FrameworkServlet.processRequest(FrameworkServlet.java:1006)\norg.springframework.web.servlet.FrameworkServlet.doPost(FrameworkServlet.java:909)\njavax.servlet.http.HttpServlet.service(HttpServlet.java:652)\norg.springframework.web.servlet.FrameworkServlet.service(FrameworkServlet.java:883)\njavax.servlet.http.HttpServlet.service(HttpServlet.java:733)\norg.apache.catalina.core.ApplicationFilterChain.internalDoFilter(ApplicationFilterChain.java:231)\norg.apache.catalina.core.ApplicationFilterChain.doFilter(ApplicationFilterChain.java:166)\norg.apache.tomcat.websocket.server.WsFilter.doFilter(WsFilter.java:53)\norg.apache.catalina.core.ApplicationFilterChain.internalDoFilter(ApplicationFilterChain.java:193)\norg.apache.catalina.core.ApplicationFilterChain.doFilter(ApplicationFilterChain.java:166)\ncom.wan.security.filter.CaptchaFilter.doFilterInternal(CaptchaFilter.java:44)\norg.springframework.web.filter.OncePerRequestFilter.doFilter(OncePerRequestFilter.java:119)\norg.apache.catalina.core.ApplicationFilterChain.internalDoFilter(ApplicationFilterChain.java:193)\norg.apache.catalina.core.ApplicationFilterChain.doFilter(ApplicationFilterChain.java:166)\ncom.alibaba.druid.support.http.WebStatFilter.doFilter(WebStatFilter.java:123)\norg.apache.catalina.core.ApplicationFilterChain.internalDoFilter(ApplicationFilterChain.java:193)\norg.apache.catalina.core.ApplicationFilterChain.doFilter(ApplicationFilterChain.java:166)\norg.springframework.security.web.FilterChainProxy$VirtualFilterChain.doFilter(FilterChainProxy.java:320)\norg.springframework.security.web.access.intercept.FilterSecurityInterceptor.invoke(FilterSecurityInterceptor.java:126)\norg.springframework.security.web.access.intercept.FilterSecurityInterceptor.doFilter(FilterSecurityInterceptor.java:90)\norg.springframework.security.web.FilterChainProxy$VirtualFilterChain.doFilter(FilterChainProxy.java:334)\norg.springframework.security.web.access.ExceptionTranslationFilter.doFilter(ExceptionTranslationFilter.java:118)\norg.springframework.security.web.FilterChainProxy$VirtualFilterChain.doFilter(FilterChainProxy.java:334)\norg.springframework.security.web.session.SessionManagementFilter.doFilter(SessionManagementFilter.java:137)\norg.springframework.security.web.FilterChainProxy$VirtualFilterChain.doFilter(FilterChainProxy.java:334)\norg.springframework.security.web.authentication.AnonymousAuthenticationFilter.doFilter(AnonymousAuthenticationFilter.java:111)\norg.springframework.security.web.FilterChainProxy$VirtualFilterChain.doFilter(FilterChainProxy.java:334)\norg.springframework.security.web.authentication.rememberme.RememberMeAuthenticationFilter.doFilter(RememberMeAuthenticationFilter.java:158)\norg.springframework.security.web.FilterChainProxy$VirtualFilterChain.doFilter(FilterChainProxy.java:334)\norg.springframework.security.web.servletapi.SecurityContextHolderAwareRequestFilter.doFilter(SecurityContextHolderAwareRequestFilter.java:158)\norg.springframework.security.web.FilterChainProxy$VirtualFilterChain.doFilter(FilterChainProxy.java:334)\norg.springframework.security.web.savedrequest.RequestCacheAwareFilter.doFilter(RequestCacheAwareFilter.java:63)\norg.springframework.security.web.FilterChainProxy$VirtualFilterChain.doFilter(FilterChainProxy.java:334)\norg.springframework.security.web.authentication.AbstractAuthenticationProcessingFilter.doFilter(AbstractAuthenticationProcessingFilter.java:200)\norg.springframework.security.web.FilterChainProxy$VirtualFilterChain.doFilter(FilterChainProxy.java:334)\ncom.wan.security.filter.CaptchaFilter.doFilterInternal(CaptchaFilter.java:44)\norg.springframework.web.filter.OncePerRequestFilter.doFilter(OncePerRequestFilter.java:119)\norg.springframework.security.web.FilterChainProxy$VirtualFilterChain.doFilter(FilterChainProxy.java:334)\norg.springframework.security.web.authentication.logout.LogoutFilter.doFilter(LogoutFilter.java:116)\norg.springframework.security.web.FilterChainProxy$VirtualFilterChain.doFilter(FilterChainProxy.java:334)\norg.springframework.security.web.header.HeaderWriterFilter.doHeadersAfter(HeaderWriterFilter.java:92)\norg.springframework.security.web.header.HeaderWriterFilter.doFilterInternal(HeaderWriterFilter.java:77)\norg.springframework.web.filter.OncePerRequestFilter.doFilter(OncePerRequestFilter.java:119)\norg.springframework.security.web.FilterChainProxy$VirtualFilterChain.doFilter(FilterChainProxy.java:334)\norg.springframework.security.web.context.SecurityContextPersistenceFilter.doFilter(SecurityContextPersistenceFilter.java:105)\norg.springframework.security.web.FilterChainProxy$VirtualFilterChain.doFilter(FilterChainProxy.java:334)\norg.springframework.security.web.context.request.async.WebAsyncManagerIntegrationFilter.doFilterInternal(WebAsyncManagerIntegrationFilter.java:56)\norg.springframework.web.filter.OncePerRequestFilter.doFilter(OncePerRequestFilter.java:119)\norg.springframework.security.web.FilterChainProxy$VirtualFilterChain.doFilter(FilterChainProxy.java:334)\norg.springframework.security.web.FilterChainProxy.doFilterInternal(FilterChainProxy.java:215)\norg.springframework.security.web.FilterChainProxy.doFilter(FilterChainProxy.java:178)\norg.springframework.web.filter.DelegatingFilterProxy.invokeDelegate(DelegatingFilterProxy.java:358)\norg.springframework.web.filter.DelegatingFilterProxy.doFilter(DelegatingFilterProxy.java:271)\norg.apache.catalina.core.ApplicationFilterChain.internalDoFilter(ApplicationFilterChain.java:193)\norg.apache.catalina.core.ApplicationFilterChain.doFilter(ApplicationFilterChain.java:166)\norg.springframework.web.filter.RequestContextFilter.doFilterInternal(RequestContextFilter.java:100)\norg.springframework.web.filter.OncePerRequestFilter.doFilter(OncePerRequestFilter.java:119)\norg.apache.catalina.core.ApplicationFilterChain.internalDoFilter(ApplicationFilterChain.java:193)\norg.apache.catalina.core.ApplicationFilterChain.doFilter(ApplicationFilterChain.java:166)\norg.springframework.web.filter.FormContentFilter.doFilterInternal(FormContentFilter.java:93)\norg.springframework.web.filter.OncePerRequestFilter.doFilter(OncePerRequestFilter.java:119)\norg.apache.catalina.core.ApplicationFilterChain.internalDoFilter(ApplicationFilterChain.java:193)\norg.apache.catalina.core.ApplicationFilterChain.doFilter(ApplicationFilterChain.java:166)\norg.springframework.web.filter.CharacterEncodingFilter.doFilterInternal(CharacterEncodingFilter.java:201)\norg.springframework.web.filter.OncePerRequestFilter.doFilter(OncePerRequestFilter.java:119)\norg.apache.catalina.core.ApplicationFilterChain.internalDoFilter(ApplicationFilterChain.java:193)\norg.apache.catalina.core.ApplicationFilterChain.doFilter(ApplicationFilterChain.java:166)\norg.apache.catalina.core.StandardWrapperValve.invoke(StandardWrapperValve.java:202)\norg.apache.catalina.core.StandardContextValve.invoke(StandardContextValve.java:97)\norg.apache.catalina.authenticator.AuthenticatorBase.invoke(AuthenticatorBase.java:542)\norg.apache.catalina.core.StandardHostValve.invoke(StandardHostValve.java:143)\norg.apache.catalina.valves.ErrorReportValve.invoke(ErrorReportValve.java:92)\norg.apache.catalina.core.StandardEngineValve.invoke(StandardEngineValve.java:78)\norg.apache.catalina.connector.CoyoteAdapter.service(CoyoteAdapter.java:343)\norg.apache.coyote.http11.Http11Processor.service(Http11Processor.java:374)\norg.apache.coyote.AbstractProcessorLight.process(AbstractProcessorLight.java:65)\norg.apache.coyote.AbstractProtocol$ConnectionHandler.process(AbstractProtocol.java:868)\norg.apache.tomcat.util.net.NioEndpoint$SocketProcessor.doRun(NioEndpoint.java:1590)\norg.apache.tomcat.util.net.SocketProcessorBase.run(SocketProcessorBase.java:49)\njava.util.concurrent.ThreadPoolExecutor.runWorker(Unknown Source)\njava.util.concurrent.ThreadPoolExecutor$Worker.run(Unknown Source)\norg.apache.tomcat.util.threads.TaskThread$WrappingRunnable.run(TaskThread.java:61)\njava.lang.Thread.run(Unknown Source)\n', '2021-03-07 22:28:41', null), ('9', '149', 'org.springframework.dao.DataIntegrityViolationException:\r\n### Error updating database.  Cause: java.sql.SQLException: Field \'role_rule_id\' doesn\'t have a default value\r\n### The error may exist in file [E:\\wan-admin\\wan-admin\\wan-system\\target\\classes\\mapper\\SysRoleRuleMapper.xml]\r\n### The error may involve com.wan.system.mapper.SysRoleRuleMapper.insertRoleRule-Inline\r\n### The error occurred while setting parameters\r\n### SQL: insert into sys_role_rule(     role_id,      permission_value,     gmt_create   ) values (     ?,      ?,     now()   )\r\n### Cause: java.sql.SQLException: Field \'role_rule_id\' doesn\'t have a default value\n; Field \'role_rule_id\' doesn\'t have a default value; nested exception is java.sql.SQLException: Field \'role_rule_id\' doesn\'t have a default value\n	org.springframework.jdbc.support.SQLErrorCodeSQLExceptionTranslator.doTranslate(SQLErrorCodeSQLExceptionTranslator.java:251)\norg.springframework.jdbc.support.AbstractFallbackSQLExceptionTranslator.translate(AbstractFallbackSQLExceptionTranslator.java:72)\norg.mybatis.spring.MyBatisExceptionTranslator.translateExceptionIfPossible(MyBatisExceptionTranslator.java:88)\norg.mybatis.spring.SqlSessionTemplate$SqlSessionInterceptor.invoke(SqlSessionTemplate.java:440)\ncom.sun.proxy.$Proxy79.insert(Unknown Source)\norg.mybatis.spring.SqlSessionTemplate.insert(SqlSessionTemplate.java:271)\norg.apache.ibatis.binding.MapperMethod.execute(MapperMethod.java:62)\norg.apache.ibatis.binding.MapperProxy$PlainMethodInvoker.invoke(MapperProxy.java:152)\norg.apache.ibatis.binding.MapperProxy.invoke(MapperProxy.java:85)\ncom.sun.proxy.$Proxy88.insertRoleRule(Unknown Source)\ncom.wan.system.service.impl.SysRoleServiceImpl.saveRoleRules(SysRoleServiceImpl.java:74)\ncom.wan.web.controller.system.SysRoleController.saveRules(SysRoleController.java:120)\ncom.wan.web.controller.system.SysRoleController$$FastClassBySpringCGLIB$$7830a941.invoke(<generated>)\norg.springframework.cglib.proxy.MethodProxy.invoke(MethodProxy.java:218)\norg.springframework.aop.framework.CglibAopProxy$CglibMethodInvocation.invokeJoinpoint(CglibAopProxy.java:771)\norg.springframework.aop.framework.ReflectiveMethodInvocation.proceed(ReflectiveMethodInvocation.java:163)\norg.springframework.aop.framework.CglibAopProxy$CglibMethodInvocation.proceed(CglibAopProxy.java:749)\norg.springframework.aop.aspectj.AspectJAfterThrowingAdvice.invoke(AspectJAfterThrowingAdvice.java:62)\norg.springframework.aop.framework.ReflectiveMethodInvocation.proceed(ReflectiveMethodInvocation.java:175)\norg.springframework.aop.framework.CglibAopProxy$CglibMethodInvocation.proceed(CglibAopProxy.java:749)\norg.springframework.aop.framework.adapter.AfterReturningAdviceInterceptor.invoke(AfterReturningAdviceInterceptor.java:55)\norg.springframework.aop.framework.ReflectiveMethodInvocation.proceed(ReflectiveMethodInvocation.java:175)\norg.springframework.aop.framework.CglibAopProxy$CglibMethodInvocation.proceed(CglibAopProxy.java:749)\norg.springframework.aop.interceptor.ExposeInvocationInterceptor.invoke(ExposeInvocationInterceptor.java:95)\norg.springframework.aop.framework.ReflectiveMethodInvocation.proceed(ReflectiveMethodInvocation.java:186)\norg.springframework.aop.framework.CglibAopProxy$CglibMethodInvocation.proceed(CglibAopProxy.java:749)\norg.springframework.aop.framework.CglibAopProxy$DynamicAdvisedInterceptor.intercept(CglibAopProxy.java:691)\ncom.wan.web.controller.system.SysRoleController$$EnhancerBySpringCGLIB$$32cfa036.saveRules(<generated>)\nsun.reflect.NativeMethodAccessorImpl.invoke0(Native Method)\nsun.reflect.NativeMethodAccessorImpl.invoke(Unknown Source)\nsun.reflect.DelegatingMethodAccessorImpl.invoke(Unknown Source)\njava.lang.reflect.Method.invoke(Unknown Source)\norg.springframework.web.method.support.InvocableHandlerMethod.doInvoke(InvocableHandlerMethod.java:190)\norg.springframework.web.method.support.InvocableHandlerMethod.invokeForRequest(InvocableHandlerMethod.java:138)\norg.springframework.web.servlet.mvc.method.annotation.ServletInvocableHandlerMethod.invokeAndHandle(ServletInvocableHandlerMethod.java:105)\norg.springframework.web.servlet.mvc.method.annotation.RequestMappingHandlerAdapter.invokeHandlerMethod(RequestMappingHandlerAdapter.java:878)\norg.springframework.web.servlet.mvc.method.annotation.RequestMappingHandlerAdapter.handleInternal(RequestMappingHandlerAdapter.java:792)\norg.springframework.web.servlet.mvc.method.AbstractHandlerMethodAdapter.handle(AbstractHandlerMethodAdapter.java:87)\norg.springframework.web.servlet.DispatcherServlet.doDispatch(DispatcherServlet.java:1040)\norg.springframework.web.servlet.DispatcherServlet.doService(DispatcherServlet.java:943)\norg.springframework.web.servlet.FrameworkServlet.processRequest(FrameworkServlet.java:1006)\norg.springframework.web.servlet.FrameworkServlet.doPost(FrameworkServlet.java:909)\njavax.servlet.http.HttpServlet.service(HttpServlet.java:652)\norg.springframework.web.servlet.FrameworkServlet.service(FrameworkServlet.java:883)\njavax.servlet.http.HttpServlet.service(HttpServlet.java:733)\norg.apache.catalina.core.ApplicationFilterChain.internalDoFilter(ApplicationFilterChain.java:231)\norg.apache.catalina.core.ApplicationFilterChain.doFilter(ApplicationFilterChain.java:166)\norg.apache.tomcat.websocket.server.WsFilter.doFilter(WsFilter.java:53)\norg.apache.catalina.core.ApplicationFilterChain.internalDoFilter(ApplicationFilterChain.java:193)\norg.apache.catalina.core.ApplicationFilterChain.doFilter(ApplicationFilterChain.java:166)\ncom.wan.security.filter.CaptchaFilter.doFilterInternal(CaptchaFilter.java:44)\norg.springframework.web.filter.OncePerRequestFilter.doFilter(OncePerRequestFilter.java:119)\norg.apache.catalina.core.ApplicationFilterChain.internalDoFilter(ApplicationFilterChain.java:193)\norg.apache.catalina.core.ApplicationFilterChain.doFilter(ApplicationFilterChain.java:166)\ncom.alibaba.druid.support.http.WebStatFilter.doFilter(WebStatFilter.java:123)\norg.apache.catalina.core.ApplicationFilterChain.internalDoFilter(ApplicationFilterChain.java:193)\norg.apache.catalina.core.ApplicationFilterChain.doFilter(ApplicationFilterChain.java:166)\norg.springframework.security.web.FilterChainProxy$VirtualFilterChain.doFilter(FilterChainProxy.java:320)\norg.springframework.security.web.access.intercept.FilterSecurityInterceptor.invoke(FilterSecurityInterceptor.java:126)\norg.springframework.security.web.access.intercept.FilterSecurityInterceptor.doFilter(FilterSecurityInterceptor.java:90)\norg.springframework.security.web.FilterChainProxy$VirtualFilterChain.doFilter(FilterChainProxy.java:334)\norg.springframework.security.web.access.ExceptionTranslationFilter.doFilter(ExceptionTranslationFilter.java:118)\norg.springframework.security.web.FilterChainProxy$VirtualFilterChain.doFilter(FilterChainProxy.java:334)\norg.springframework.security.web.session.SessionManagementFilter.doFilter(SessionManagementFilter.java:137)\norg.springframework.security.web.FilterChainProxy$VirtualFilterChain.doFilter(FilterChainProxy.java:334)\norg.springframework.security.web.authentication.AnonymousAuthenticationFilter.doFilter(AnonymousAuthenticationFilter.java:111)\norg.springframework.security.web.FilterChainProxy$VirtualFilterChain.doFilter(FilterChainProxy.java:334)\norg.springframework.security.web.authentication.rememberme.RememberMeAuthenticationFilter.doFilter(RememberMeAuthenticationFilter.java:158)\norg.springframework.security.web.FilterChainProxy$VirtualFilterChain.doFilter(FilterChainProxy.java:334)\norg.springframework.security.web.servletapi.SecurityContextHolderAwareRequestFilter.doFilter(SecurityContextHolderAwareRequestFilter.java:158)\norg.springframework.security.web.FilterChainProxy$VirtualFilterChain.doFilter(FilterChainProxy.java:334)\norg.springframework.security.web.savedrequest.RequestCacheAwareFilter.doFilter(RequestCacheAwareFilter.java:63)\norg.springframework.security.web.FilterChainProxy$VirtualFilterChain.doFilter(FilterChainProxy.java:334)\norg.springframework.security.web.authentication.AbstractAuthenticationProcessingFilter.doFilter(AbstractAuthenticationProcessingFilter.java:200)\norg.springframework.security.web.FilterChainProxy$VirtualFilterChain.doFilter(FilterChainProxy.java:334)\ncom.wan.security.filter.CaptchaFilter.doFilterInternal(CaptchaFilter.java:44)\norg.springframework.web.filter.OncePerRequestFilter.doFilter(OncePerRequestFilter.java:119)\norg.springframework.security.web.FilterChainProxy$VirtualFilterChain.doFilter(FilterChainProxy.java:334)\norg.springframework.security.web.authentication.logout.LogoutFilter.doFilter(LogoutFilter.java:116)\norg.springframework.security.web.FilterChainProxy$VirtualFilterChain.doFilter(FilterChainProxy.java:334)\norg.springframework.security.web.header.HeaderWriterFilter.doHeadersAfter(HeaderWriterFilter.java:92)\norg.springframework.security.web.header.HeaderWriterFilter.doFilterInternal(HeaderWriterFilter.java:77)\norg.springframework.web.filter.OncePerRequestFilter.doFilter(OncePerRequestFilter.java:119)\norg.springframework.security.web.FilterChainProxy$VirtualFilterChain.doFilter(FilterChainProxy.java:334)\norg.springframework.security.web.context.SecurityContextPersistenceFilter.doFilter(SecurityContextPersistenceFilter.java:105)\norg.springframework.security.web.FilterChainProxy$VirtualFilterChain.doFilter(FilterChainProxy.java:334)\norg.springframework.security.web.context.request.async.WebAsyncManagerIntegrationFilter.doFilterInternal(WebAsyncManagerIntegrationFilter.java:56)\norg.springframework.web.filter.OncePerRequestFilter.doFilter(OncePerRequestFilter.java:119)\norg.springframework.security.web.FilterChainProxy$VirtualFilterChain.doFilter(FilterChainProxy.java:334)\norg.springframework.security.web.FilterChainProxy.doFilterInternal(FilterChainProxy.java:215)\norg.springframework.security.web.FilterChainProxy.doFilter(FilterChainProxy.java:178)\norg.springframework.web.filter.DelegatingFilterProxy.invokeDelegate(DelegatingFilterProxy.java:358)\norg.springframework.web.filter.DelegatingFilterProxy.doFilter(DelegatingFilterProxy.java:271)\norg.apache.catalina.core.ApplicationFilterChain.internalDoFilter(ApplicationFilterChain.java:193)\norg.apache.catalina.core.ApplicationFilterChain.doFilter(ApplicationFilterChain.java:166)\norg.springframework.web.filter.RequestContextFilter.doFilterInternal(RequestContextFilter.java:100)\norg.springframework.web.filter.OncePerRequestFilter.doFilter(OncePerRequestFilter.java:119)\norg.apache.catalina.core.ApplicationFilterChain.internalDoFilter(ApplicationFilterChain.java:193)\norg.apache.catalina.core.ApplicationFilterChain.doFilter(ApplicationFilterChain.java:166)\norg.springframework.web.filter.FormContentFilter.doFilterInternal(FormContentFilter.java:93)\norg.springframework.web.filter.OncePerRequestFilter.doFilter(OncePerRequestFilter.java:119)\norg.apache.catalina.core.ApplicationFilterChain.internalDoFilter(ApplicationFilterChain.java:193)\norg.apache.catalina.core.ApplicationFilterChain.doFilter(ApplicationFilterChain.java:166)\norg.springframework.web.filter.CharacterEncodingFilter.doFilterInternal(CharacterEncodingFilter.java:201)\norg.springframework.web.filter.OncePerRequestFilter.doFilter(OncePerRequestFilter.java:119)\norg.apache.catalina.core.ApplicationFilterChain.internalDoFilter(ApplicationFilterChain.java:193)\norg.apache.catalina.core.ApplicationFilterChain.doFilter(ApplicationFilterChain.java:166)\norg.apache.catalina.core.StandardWrapperValve.invoke(StandardWrapperValve.java:202)\norg.apache.catalina.core.StandardContextValve.invoke(StandardContextValve.java:97)\norg.apache.catalina.authenticator.AuthenticatorBase.invoke(AuthenticatorBase.java:542)\norg.apache.catalina.core.StandardHostValve.invoke(StandardHostValve.java:143)\norg.apache.catalina.valves.ErrorReportValve.invoke(ErrorReportValve.java:92)\norg.apache.catalina.core.StandardEngineValve.invoke(StandardEngineValve.java:78)\norg.apache.catalina.connector.CoyoteAdapter.service(CoyoteAdapter.java:343)\norg.apache.coyote.http11.Http11Processor.service(Http11Processor.java:374)\norg.apache.coyote.AbstractProcessorLight.process(AbstractProcessorLight.java:65)\norg.apache.coyote.AbstractProtocol$ConnectionHandler.process(AbstractProtocol.java:868)\norg.apache.tomcat.util.net.NioEndpoint$SocketProcessor.doRun(NioEndpoint.java:1590)\norg.apache.tomcat.util.net.SocketProcessorBase.run(SocketProcessorBase.java:49)\njava.util.concurrent.ThreadPoolExecutor.runWorker(Unknown Source)\njava.util.concurrent.ThreadPoolExecutor$Worker.run(Unknown Source)\norg.apache.tomcat.util.threads.TaskThread$WrappingRunnable.run(TaskThread.java:61)\njava.lang.Thread.run(Unknown Source)\n', '2021-03-07 22:30:34', null), ('10', '154', 'java.lang.NullPointerException:null\n	com.wan.system.service.impl.SysRoleRuleServiceImpl.saveRoleRules(SysRoleRuleServiceImpl.java:23)\ncom.wan.web.controller.system.SysRoleController.saveRules(SysRoleController.java:124)\ncom.wan.web.controller.system.SysRoleController$$FastClassBySpringCGLIB$$7830a941.invoke(<generated>)\norg.springframework.cglib.proxy.MethodProxy.invoke(MethodProxy.java:218)\norg.springframework.aop.framework.CglibAopProxy$CglibMethodInvocation.invokeJoinpoint(CglibAopProxy.java:771)\norg.springframework.aop.framework.ReflectiveMethodInvocation.proceed(ReflectiveMethodInvocation.java:163)\norg.springframework.aop.framework.CglibAopProxy$CglibMethodInvocation.proceed(CglibAopProxy.java:749)\norg.springframework.aop.aspectj.AspectJAfterThrowingAdvice.invoke(AspectJAfterThrowingAdvice.java:62)\norg.springframework.aop.framework.ReflectiveMethodInvocation.proceed(ReflectiveMethodInvocation.java:175)\norg.springframework.aop.framework.CglibAopProxy$CglibMethodInvocation.proceed(CglibAopProxy.java:749)\norg.springframework.aop.framework.adapter.AfterReturningAdviceInterceptor.invoke(AfterReturningAdviceInterceptor.java:55)\norg.springframework.aop.framework.ReflectiveMethodInvocation.proceed(ReflectiveMethodInvocation.java:175)\norg.springframework.aop.framework.CglibAopProxy$CglibMethodInvocation.proceed(CglibAopProxy.java:749)\norg.springframework.aop.interceptor.ExposeInvocationInterceptor.invoke(ExposeInvocationInterceptor.java:95)\norg.springframework.aop.framework.ReflectiveMethodInvocation.proceed(ReflectiveMethodInvocation.java:186)\norg.springframework.aop.framework.CglibAopProxy$CglibMethodInvocation.proceed(CglibAopProxy.java:749)\norg.springframework.aop.framework.CglibAopProxy$DynamicAdvisedInterceptor.intercept(CglibAopProxy.java:691)\ncom.wan.web.controller.system.SysRoleController$$EnhancerBySpringCGLIB$$7ca36e20.saveRules(<generated>)\nsun.reflect.NativeMethodAccessorImpl.invoke0(Native Method)\nsun.reflect.NativeMethodAccessorImpl.invoke(Unknown Source)\nsun.reflect.DelegatingMethodAccessorImpl.invoke(Unknown Source)\njava.lang.reflect.Method.invoke(Unknown Source)\norg.springframework.web.method.support.InvocableHandlerMethod.doInvoke(InvocableHandlerMethod.java:190)\norg.springframework.web.method.support.InvocableHandlerMethod.invokeForRequest(InvocableHandlerMethod.java:138)\norg.springframework.web.servlet.mvc.method.annotation.ServletInvocableHandlerMethod.invokeAndHandle(ServletInvocableHandlerMethod.java:105)\norg.springframework.web.servlet.mvc.method.annotation.RequestMappingHandlerAdapter.invokeHandlerMethod(RequestMappingHandlerAdapter.java:878)\norg.springframework.web.servlet.mvc.method.annotation.RequestMappingHandlerAdapter.handleInternal(RequestMappingHandlerAdapter.java:792)\norg.springframework.web.servlet.mvc.method.AbstractHandlerMethodAdapter.handle(AbstractHandlerMethodAdapter.java:87)\norg.springframework.web.servlet.DispatcherServlet.doDispatch(DispatcherServlet.java:1040)\norg.springframework.web.servlet.DispatcherServlet.doService(DispatcherServlet.java:943)\norg.springframework.web.servlet.FrameworkServlet.processRequest(FrameworkServlet.java:1006)\norg.springframework.web.servlet.FrameworkServlet.doPost(FrameworkServlet.java:909)\njavax.servlet.http.HttpServlet.service(HttpServlet.java:652)\norg.springframework.web.servlet.FrameworkServlet.service(FrameworkServlet.java:883)\njavax.servlet.http.HttpServlet.service(HttpServlet.java:733)\norg.apache.catalina.core.ApplicationFilterChain.internalDoFilter(ApplicationFilterChain.java:231)\norg.apache.catalina.core.ApplicationFilterChain.doFilter(ApplicationFilterChain.java:166)\norg.apache.tomcat.websocket.server.WsFilter.doFilter(WsFilter.java:53)\norg.apache.catalina.core.ApplicationFilterChain.internalDoFilter(ApplicationFilterChain.java:193)\norg.apache.catalina.core.ApplicationFilterChain.doFilter(ApplicationFilterChain.java:166)\ncom.wan.security.filter.CaptchaFilter.doFilterInternal(CaptchaFilter.java:44)\norg.springframework.web.filter.OncePerRequestFilter.doFilter(OncePerRequestFilter.java:119)\norg.apache.catalina.core.ApplicationFilterChain.internalDoFilter(ApplicationFilterChain.java:193)\norg.apache.catalina.core.ApplicationFilterChain.doFilter(ApplicationFilterChain.java:166)\ncom.alibaba.druid.support.http.WebStatFilter.doFilter(WebStatFilter.java:123)\norg.apache.catalina.core.ApplicationFilterChain.internalDoFilter(ApplicationFilterChain.java:193)\norg.apache.catalina.core.ApplicationFilterChain.doFilter(ApplicationFilterChain.java:166)\norg.springframework.security.web.FilterChainProxy$VirtualFilterChain.doFilter(FilterChainProxy.java:320)\norg.springframework.security.web.access.intercept.FilterSecurityInterceptor.invoke(FilterSecurityInterceptor.java:126)\norg.springframework.security.web.access.intercept.FilterSecurityInterceptor.doFilter(FilterSecurityInterceptor.java:90)\norg.springframework.security.web.FilterChainProxy$VirtualFilterChain.doFilter(FilterChainProxy.java:334)\norg.springframework.security.web.access.ExceptionTranslationFilter.doFilter(ExceptionTranslationFilter.java:118)\norg.springframework.security.web.FilterChainProxy$VirtualFilterChain.doFilter(FilterChainProxy.java:334)\norg.springframework.security.web.session.SessionManagementFilter.doFilter(SessionManagementFilter.java:137)\norg.springframework.security.web.FilterChainProxy$VirtualFilterChain.doFilter(FilterChainProxy.java:334)\norg.springframework.security.web.authentication.AnonymousAuthenticationFilter.doFilter(AnonymousAuthenticationFilter.java:111)\norg.springframework.security.web.FilterChainProxy$VirtualFilterChain.doFilter(FilterChainProxy.java:334)\norg.springframework.security.web.authentication.rememberme.RememberMeAuthenticationFilter.doFilter(RememberMeAuthenticationFilter.java:158)\norg.springframework.security.web.FilterChainProxy$VirtualFilterChain.doFilter(FilterChainProxy.java:334)\norg.springframework.security.web.servletapi.SecurityContextHolderAwareRequestFilter.doFilter(SecurityContextHolderAwareRequestFilter.java:158)\norg.springframework.security.web.FilterChainProxy$VirtualFilterChain.doFilter(FilterChainProxy.java:334)\norg.springframework.security.web.savedrequest.RequestCacheAwareFilter.doFilter(RequestCacheAwareFilter.java:63)\norg.springframework.security.web.FilterChainProxy$VirtualFilterChain.doFilter(FilterChainProxy.java:334)\norg.springframework.security.web.authentication.AbstractAuthenticationProcessingFilter.doFilter(AbstractAuthenticationProcessingFilter.java:200)\norg.springframework.security.web.FilterChainProxy$VirtualFilterChain.doFilter(FilterChainProxy.java:334)\ncom.wan.security.filter.CaptchaFilter.doFilterInternal(CaptchaFilter.java:44)\norg.springframework.web.filter.OncePerRequestFilter.doFilter(OncePerRequestFilter.java:119)\norg.springframework.security.web.FilterChainProxy$VirtualFilterChain.doFilter(FilterChainProxy.java:334)\norg.springframework.security.web.authentication.logout.LogoutFilter.doFilter(LogoutFilter.java:116)\norg.springframework.security.web.FilterChainProxy$VirtualFilterChain.doFilter(FilterChainProxy.java:334)\norg.springframework.security.web.header.HeaderWriterFilter.doHeadersAfter(HeaderWriterFilter.java:92)\norg.springframework.security.web.header.HeaderWriterFilter.doFilterInternal(HeaderWriterFilter.java:77)\norg.springframework.web.filter.OncePerRequestFilter.doFilter(OncePerRequestFilter.java:119)\norg.springframework.security.web.FilterChainProxy$VirtualFilterChain.doFilter(FilterChainProxy.java:334)\norg.springframework.security.web.context.SecurityContextPersistenceFilter.doFilter(SecurityContextPersistenceFilter.java:105)\norg.springframework.security.web.FilterChainProxy$VirtualFilterChain.doFilter(FilterChainProxy.java:334)\norg.springframework.security.web.context.request.async.WebAsyncManagerIntegrationFilter.doFilterInternal(WebAsyncManagerIntegrationFilter.java:56)\norg.springframework.web.filter.OncePerRequestFilter.doFilter(OncePerRequestFilter.java:119)\norg.springframework.security.web.FilterChainProxy$VirtualFilterChain.doFilter(FilterChainProxy.java:334)\norg.springframework.security.web.FilterChainProxy.doFilterInternal(FilterChainProxy.java:215)\norg.springframework.security.web.FilterChainProxy.doFilter(FilterChainProxy.java:178)\norg.springframework.web.filter.DelegatingFilterProxy.invokeDelegate(DelegatingFilterProxy.java:358)\norg.springframework.web.filter.DelegatingFilterProxy.doFilter(DelegatingFilterProxy.java:271)\norg.apache.catalina.core.ApplicationFilterChain.internalDoFilter(ApplicationFilterChain.java:193)\norg.apache.catalina.core.ApplicationFilterChain.doFilter(ApplicationFilterChain.java:166)\norg.springframework.web.filter.RequestContextFilter.doFilterInternal(RequestContextFilter.java:100)\norg.springframework.web.filter.OncePerRequestFilter.doFilter(OncePerRequestFilter.java:119)\norg.apache.catalina.core.ApplicationFilterChain.internalDoFilter(ApplicationFilterChain.java:193)\norg.apache.catalina.core.ApplicationFilterChain.doFilter(ApplicationFilterChain.java:166)\norg.springframework.web.filter.FormContentFilter.doFilterInternal(FormContentFilter.java:93)\norg.springframework.web.filter.OncePerRequestFilter.doFilter(OncePerRequestFilter.java:119)\norg.apache.catalina.core.ApplicationFilterChain.internalDoFilter(ApplicationFilterChain.java:193)\norg.apache.catalina.core.ApplicationFilterChain.doFilter(ApplicationFilterChain.java:166)\norg.springframework.web.filter.CharacterEncodingFilter.doFilterInternal(CharacterEncodingFilter.java:201)\norg.springframework.web.filter.OncePerRequestFilter.doFilter(OncePerRequestFilter.java:119)\norg.apache.catalina.core.ApplicationFilterChain.internalDoFilter(ApplicationFilterChain.java:193)\norg.apache.catalina.core.ApplicationFilterChain.doFilter(ApplicationFilterChain.java:166)\norg.apache.catalina.core.StandardWrapperValve.invoke(StandardWrapperValve.java:202)\norg.apache.catalina.core.StandardContextValve.invoke(StandardContextValve.java:97)\norg.apache.catalina.authenticator.AuthenticatorBase.invoke(AuthenticatorBase.java:542)\norg.apache.catalina.core.StandardHostValve.invoke(StandardHostValve.java:143)\norg.apache.catalina.valves.ErrorReportValve.invoke(ErrorReportValve.java:92)\norg.apache.catalina.core.StandardEngineValve.invoke(StandardEngineValve.java:78)\norg.apache.catalina.connector.CoyoteAdapter.service(CoyoteAdapter.java:343)\norg.apache.coyote.http11.Http11Processor.service(Http11Processor.java:374)\norg.apache.coyote.AbstractProcessorLight.process(AbstractProcessorLight.java:65)\norg.apache.coyote.AbstractProtocol$ConnectionHandler.process(AbstractProtocol.java:868)\norg.apache.tomcat.util.net.NioEndpoint$SocketProcessor.doRun(NioEndpoint.java:1590)\norg.apache.tomcat.util.net.SocketProcessorBase.run(SocketProcessorBase.java:49)\njava.util.concurrent.ThreadPoolExecutor.runWorker(Unknown Source)\njava.util.concurrent.ThreadPoolExecutor$Worker.run(Unknown Source)\norg.apache.tomcat.util.threads.TaskThread$WrappingRunnable.run(TaskThread.java:61)\njava.lang.Thread.run(Unknown Source)\n', '2021-03-08 17:49:57', null), ('11', '159', 'org.springframework.dao.DataIntegrityViolationException:\r\n### Error updating database.  Cause: java.sql.SQLException: Field \'user_id\' doesn\'t have a default value\r\n### The error may exist in file [E:\\wan-admin\\wan-admin\\wan-system\\target\\classes\\mapper\\SysUserRoleMapper.xml]\r\n### The error may involve com.wan.system.mapper.SysUserRoleMapper.insertUserRole-Inline\r\n### The error occurred while setting parameters\r\n### SQL: insert into sys_user_role(          role_id,     gmt_create   ) values (          ?,     now()   )\r\n### Cause: java.sql.SQLException: Field \'user_id\' doesn\'t have a default value\n; Field \'user_id\' doesn\'t have a default value; nested exception is java.sql.SQLException: Field \'user_id\' doesn\'t have a default value\n	org.springframework.jdbc.support.SQLErrorCodeSQLExceptionTranslator.doTranslate(SQLErrorCodeSQLExceptionTranslator.java:251)\norg.springframework.jdbc.support.AbstractFallbackSQLExceptionTranslator.translate(AbstractFallbackSQLExceptionTranslator.java:72)\norg.mybatis.spring.MyBatisExceptionTranslator.translateExceptionIfPossible(MyBatisExceptionTranslator.java:88)\norg.mybatis.spring.SqlSessionTemplate$SqlSessionInterceptor.invoke(SqlSessionTemplate.java:440)\ncom.sun.proxy.$Proxy79.insert(Unknown Source)\norg.mybatis.spring.SqlSessionTemplate.insert(SqlSessionTemplate.java:271)\norg.apache.ibatis.binding.MapperMethod.execute(MapperMethod.java:62)\norg.apache.ibatis.binding.MapperProxy$PlainMethodInvoker.invoke(MapperProxy.java:152)\norg.apache.ibatis.binding.MapperProxy.invoke(MapperProxy.java:85)\ncom.sun.proxy.$Proxy90.insertUserRole(Unknown Source)\ncom.wan.system.service.impl.SysUserServiceImpl.saveUserRoles(SysUserServiceImpl.java:84)\ncom.wan.system.service.impl.SysUserServiceImpl.insertUser(SysUserServiceImpl.java:61)\ncom.wan.system.service.impl.SysUserServiceImpl$$FastClassBySpringCGLIB$$cb6db2aa.invoke(<generated>)\norg.springframework.cglib.proxy.MethodProxy.invoke(MethodProxy.java:218)\norg.springframework.aop.framework.CglibAopProxy$CglibMethodInvocation.invokeJoinpoint(CglibAopProxy.java:771)\norg.springframework.aop.framework.ReflectiveMethodInvocation.proceed(ReflectiveMethodInvocation.java:163)\norg.springframework.aop.framework.CglibAopProxy$CglibMethodInvocation.proceed(CglibAopProxy.java:749)\norg.springframework.transaction.interceptor.TransactionAspectSupport.invokeWithinTransaction(TransactionAspectSupport.java:367)\norg.springframework.transaction.interceptor.TransactionInterceptor.invoke(TransactionInterceptor.java:118)\norg.springframework.aop.framework.ReflectiveMethodInvocation.proceed(ReflectiveMethodInvocation.java:186)\norg.springframework.aop.framework.CglibAopProxy$CglibMethodInvocation.proceed(CglibAopProxy.java:749)\norg.springframework.aop.framework.CglibAopProxy$DynamicAdvisedInterceptor.intercept(CglibAopProxy.java:691)\ncom.wan.system.service.impl.SysUserServiceImpl$$EnhancerBySpringCGLIB$$41d43a0d.insertUser(<generated>)\ncom.wan.web.controller.system.SysUserController.save(SysUserController.java:87)\ncom.wan.web.controller.system.SysUserController$$FastClassBySpringCGLIB$$3197ae56.invoke(<generated>)\norg.springframework.cglib.proxy.MethodProxy.invoke(MethodProxy.java:218)\norg.springframework.aop.framework.CglibAopProxy$CglibMethodInvocation.invokeJoinpoint(CglibAopProxy.java:771)\norg.springframework.aop.framework.ReflectiveMethodInvocation.proceed(ReflectiveMethodInvocation.java:163)\norg.springframework.aop.framework.CglibAopProxy$CglibMethodInvocation.proceed(CglibAopProxy.java:749)\norg.springframework.aop.aspectj.AspectJAfterThrowingAdvice.invoke(AspectJAfterThrowingAdvice.java:62)\norg.springframework.aop.framework.ReflectiveMethodInvocation.proceed(ReflectiveMethodInvocation.java:175)\norg.springframework.aop.framework.CglibAopProxy$CglibMethodInvocation.proceed(CglibAopProxy.java:749)\norg.springframework.aop.framework.adapter.AfterReturningAdviceInterceptor.invoke(AfterReturningAdviceInterceptor.java:55)\norg.springframework.aop.framework.ReflectiveMethodInvocation.proceed(ReflectiveMethodInvocation.java:175)\norg.springframework.aop.framework.CglibAopProxy$CglibMethodInvocation.proceed(CglibAopProxy.java:749)\norg.springframework.aop.interceptor.ExposeInvocationInterceptor.invoke(ExposeInvocationInterceptor.java:95)\norg.springframework.aop.framework.ReflectiveMethodInvocation.proceed(ReflectiveMethodInvocation.java:186)\norg.springframework.aop.framework.CglibAopProxy$CglibMethodInvocation.proceed(CglibAopProxy.java:749)\norg.springframework.aop.framework.CglibAopProxy$DynamicAdvisedInterceptor.intercept(CglibAopProxy.java:691)\ncom.wan.web.controller.system.SysUserController$$EnhancerBySpringCGLIB$$84dd55e9.save(<generated>)\nsun.reflect.NativeMethodAccessorImpl.invoke0(Native Method)\nsun.reflect.NativeMethodAccessorImpl.invoke(Unknown Source)\nsun.reflect.DelegatingMethodAccessorImpl.invoke(Unknown Source)\njava.lang.reflect.Method.invoke(Unknown Source)\norg.springframework.web.method.support.InvocableHandlerMethod.doInvoke(InvocableHandlerMethod.java:190)\norg.springframework.web.method.support.InvocableHandlerMethod.invokeForRequest(InvocableHandlerMethod.java:138)\norg.springframework.web.servlet.mvc.method.annotation.ServletInvocableHandlerMethod.invokeAndHandle(ServletInvocableHandlerMethod.java:105)\norg.springframework.web.servlet.mvc.method.annotation.RequestMappingHandlerAdapter.invokeHandlerMethod(RequestMappingHandlerAdapter.java:878)\norg.springframework.web.servlet.mvc.method.annotation.RequestMappingHandlerAdapter.handleInternal(RequestMappingHandlerAdapter.java:792)\norg.springframework.web.servlet.mvc.method.AbstractHandlerMethodAdapter.handle(AbstractHandlerMethodAdapter.java:87)\norg.springframework.web.servlet.DispatcherServlet.doDispatch(DispatcherServlet.java:1040)\norg.springframework.web.servlet.DispatcherServlet.doService(DispatcherServlet.java:943)\norg.springframework.web.servlet.FrameworkServlet.processRequest(FrameworkServlet.java:1006)\norg.springframework.web.servlet.FrameworkServlet.doPost(FrameworkServlet.java:909)\njavax.servlet.http.HttpServlet.service(HttpServlet.java:652)\norg.springframework.web.servlet.FrameworkServlet.service(FrameworkServlet.java:883)\njavax.servlet.http.HttpServlet.service(HttpServlet.java:733)\norg.apache.catalina.core.ApplicationFilterChain.internalDoFilter(ApplicationFilterChain.java:231)\norg.apache.catalina.core.ApplicationFilterChain.doFilter(ApplicationFilterChain.java:166)\norg.apache.tomcat.websocket.server.WsFilter.doFilter(WsFilter.java:53)\norg.apache.catalina.core.ApplicationFilterChain.internalDoFilter(ApplicationFilterChain.java:193)\norg.apache.catalina.core.ApplicationFilterChain.doFilter(ApplicationFilterChain.java:166)\ncom.wan.security.filter.CaptchaFilter.doFilterInternal(CaptchaFilter.java:44)\norg.springframework.web.filter.OncePerRequestFilter.doFilter(OncePerRequestFilter.java:119)\norg.apache.catalina.core.ApplicationFilterChain.internalDoFilter(ApplicationFilterChain.java:193)\norg.apache.catalina.core.ApplicationFilterChain.doFilter(ApplicationFilterChain.java:166)\ncom.alibaba.druid.support.http.WebStatFilter.doFilter(WebStatFilter.java:123)\norg.apache.catalina.core.ApplicationFilterChain.internalDoFilter(ApplicationFilterChain.java:193)\norg.apache.catalina.core.ApplicationFilterChain.doFilter(ApplicationFilterChain.java:166)\norg.springframework.security.web.FilterChainProxy$VirtualFilterChain.doFilter(FilterChainProxy.java:320)\norg.springframework.security.web.access.intercept.FilterSecurityInterceptor.invoke(FilterSecurityInterceptor.java:126)\norg.springframework.security.web.access.intercept.FilterSecurityInterceptor.doFilter(FilterSecurityInterceptor.java:90)\norg.springframework.security.web.FilterChainProxy$VirtualFilterChain.doFilter(FilterChainProxy.java:334)\norg.springframework.security.web.access.ExceptionTranslationFilter.doFilter(ExceptionTranslationFilter.java:118)\norg.springframework.security.web.FilterChainProxy$VirtualFilterChain.doFilter(FilterChainProxy.java:334)\norg.springframework.security.web.session.SessionManagementFilter.doFilter(SessionManagementFilter.java:137)\norg.springframework.security.web.FilterChainProxy$VirtualFilterChain.doFilter(FilterChainProxy.java:334)\norg.springframework.security.web.authentication.AnonymousAuthenticationFilter.doFilter(AnonymousAuthenticationFilter.java:111)\norg.springframework.security.web.FilterChainProxy$VirtualFilterChain.doFilter(FilterChainProxy.java:334)\norg.springframework.security.web.authentication.rememberme.RememberMeAuthenticationFilter.doFilter(RememberMeAuthenticationFilter.java:158)\norg.springframework.security.web.FilterChainProxy$VirtualFilterChain.doFilter(FilterChainProxy.java:334)\norg.springframework.security.web.servletapi.SecurityContextHolderAwareRequestFilter.doFilter(SecurityContextHolderAwareRequestFilter.java:158)\norg.springframework.security.web.FilterChainProxy$VirtualFilterChain.doFilter(FilterChainProxy.java:334)\norg.springframework.security.web.savedrequest.RequestCacheAwareFilter.doFilter(RequestCacheAwareFilter.java:63)\norg.springframework.security.web.FilterChainProxy$VirtualFilterChain.doFilter(FilterChainProxy.java:334)\norg.springframework.security.web.authentication.AbstractAuthenticationProcessingFilter.doFilter(AbstractAuthenticationProcessingFilter.java:200)\norg.springframework.security.web.FilterChainProxy$VirtualFilterChain.doFilter(FilterChainProxy.java:334)\ncom.wan.security.filter.CaptchaFilter.doFilterInternal(CaptchaFilter.java:44)\norg.springframework.web.filter.OncePerRequestFilter.doFilter(OncePerRequestFilter.java:119)\norg.springframework.security.web.FilterChainProxy$VirtualFilterChain.doFilter(FilterChainProxy.java:334)\norg.springframework.security.web.authentication.logout.LogoutFilter.doFilter(LogoutFilter.java:116)\norg.springframework.security.web.FilterChainProxy$VirtualFilterChain.doFilter(FilterChainProxy.java:334)\norg.springframework.security.web.header.HeaderWriterFilter.doHeadersAfter(HeaderWriterFilter.java:92)\norg.springframework.security.web.header.HeaderWriterFilter.doFilterInternal(HeaderWriterFilter.java:77)\norg.springframework.web.filter.OncePerRequestFilter.doFilter(OncePerRequestFilter.java:119)\norg.springframework.security.web.FilterChainProxy$VirtualFilterChain.doFilter(FilterChainProxy.java:334)\norg.springframework.security.web.context.SecurityContextPersistenceFilter.doFilter(SecurityContextPersistenceFilter.java:105)\norg.springframework.security.web.FilterChainProxy$VirtualFilterChain.doFilter(FilterChainProxy.java:334)\norg.springframework.security.web.context.request.async.WebAsyncManagerIntegrationFilter.doFilterInternal(WebAsyncManagerIntegrationFilter.java:56)\norg.springframework.web.filter.OncePerRequestFilter.doFilter(OncePerRequestFilter.java:119)\norg.springframework.security.web.FilterChainProxy$VirtualFilterChain.doFilter(FilterChainProxy.java:334)\norg.springframework.security.web.FilterChainProxy.doFilterInternal(FilterChainProxy.java:215)\norg.springframework.security.web.FilterChainProxy.doFilter(FilterChainProxy.java:178)\norg.springframework.web.filter.DelegatingFilterProxy.invokeDelegate(DelegatingFilterProxy.java:358)\norg.springframework.web.filter.DelegatingFilterProxy.doFilter(DelegatingFilterProxy.java:271)\norg.apache.catalina.core.ApplicationFilterChain.internalDoFilter(ApplicationFilterChain.java:193)\norg.apache.catalina.core.ApplicationFilterChain.doFilter(ApplicationFilterChain.java:166)\norg.springframework.web.filter.RequestContextFilter.doFilterInternal(RequestContextFilter.java:100)\norg.springframework.web.filter.OncePerRequestFilter.doFilter(OncePerRequestFilter.java:119)\norg.apache.catalina.core.ApplicationFilterChain.internalDoFilter(ApplicationFilterChain.java:193)\norg.apache.catalina.core.ApplicationFilterChain.doFilter(ApplicationFilterChain.java:166)\norg.springframework.web.filter.FormContentFilter.doFilterInternal(FormContentFilter.java:93)\norg.springframework.web.filter.OncePerRequestFilter.doFilter(OncePerRequestFilter.java:119)\norg.apache.catalina.core.ApplicationFilterChain.internalDoFilter(ApplicationFilterChain.java:193)\norg.apache.catalina.core.ApplicationFilterChain.doFilter(ApplicationFilterChain.java:166)\norg.springframework.web.filter.CharacterEncodingFilter.doFilterInternal(CharacterEncodingFilter.java:201)\norg.springframework.web.filter.OncePerRequestFilter.doFilter(OncePerRequestFilter.java:119)\norg.apache.catalina.core.ApplicationFilterChain.internalDoFilter(ApplicationFilterChain.java:193)\norg.apache.catalina.core.ApplicationFilterChain.doFilter(ApplicationFilterChain.java:166)\norg.apache.catalina.core.StandardWrapperValve.invoke(StandardWrapperValve.java:202)\norg.apache.catalina.core.StandardContextValve.invoke(StandardContextValve.java:97)\norg.apache.catalina.authenticator.AuthenticatorBase.invoke(AuthenticatorBase.java:542)\norg.apache.catalina.core.StandardHostValve.invoke(StandardHostValve.java:143)\norg.apache.catalina.valves.ErrorReportValve.invoke(ErrorReportValve.java:92)\norg.apache.catalina.core.StandardEngineValve.invoke(StandardEngineValve.java:78)\norg.apache.catalina.connector.CoyoteAdapter.service(CoyoteAdapter.java:343)\norg.apache.coyote.http11.Http11Processor.service(Http11Processor.java:374)\norg.apache.coyote.AbstractProcessorLight.process(AbstractProcessorLight.java:65)\norg.apache.coyote.AbstractProtocol$ConnectionHandler.process(AbstractProtocol.java:868)\norg.apache.tomcat.util.net.NioEndpoint$SocketProcessor.doRun(NioEndpoint.java:1590)\norg.apache.tomcat.util.net.SocketProcessorBase.run(SocketProcessorBase.java:49)\njava.util.concurrent.ThreadPoolExecutor.runWorker(Unknown Source)\njava.util.concurrent.ThreadPoolExecutor$Worker.run(Unknown Source)\norg.apache.tomcat.util.threads.TaskThread$WrappingRunnable.run(TaskThread.java:61)\njava.lang.Thread.run(Unknown Source)\n', '2021-03-08 22:13:32', null), ('12', '166', 'org.springframework.data.redis.RedisConnectionFailureException:java.net.SocketException: Connection reset by peer: socket write error; nested exception is redis.clients.jedis.exceptions.JedisConnectionException: java.net.SocketException: Connection reset by peer: socket write error\n	org.springframework.data.redis.connection.jedis.JedisExceptionConverter.convert(JedisExceptionConverter.java:65)\norg.springframework.data.redis.connection.jedis.JedisExceptionConverter.convert(JedisExceptionConverter.java:42)\norg.springframework.data.redis.PassThroughExceptionTranslationStrategy.translate(PassThroughExceptionTranslationStrategy.java:44)\norg.springframework.data.redis.FallbackExceptionTranslationStrategy.translate(FallbackExceptionTranslationStrategy.java:42)\norg.springframework.data.redis.connection.jedis.JedisConnection.convertJedisAccessException(JedisConnection.java:135)\norg.springframework.data.redis.connection.jedis.JedisConnection.close(JedisConnection.java:301)\norg.springframework.data.redis.cache.DefaultRedisCacheWriter.execute(DefaultRedisCacheWriter.java:250)\norg.springframework.data.redis.cache.DefaultRedisCacheWriter.clean(DefaultRedisCacheWriter.java:177)\norg.springframework.data.redis.cache.RedisCache.clear(RedisCache.java:193)\norg.springframework.cache.interceptor.AbstractCacheInvoker.doClear(AbstractCacheInvoker.java:122)\norg.springframework.cache.interceptor.CacheAspectSupport.performCacheEvict(CacheAspectSupport.java:505)\norg.springframework.cache.interceptor.CacheAspectSupport.processCacheEvicts(CacheAspectSupport.java:493)\norg.springframework.cache.interceptor.CacheAspectSupport.execute(CacheAspectSupport.java:434)\norg.springframework.cache.interceptor.CacheAspectSupport.execute(CacheAspectSupport.java:346)\norg.springframework.cache.interceptor.CacheInterceptor.invoke(CacheInterceptor.java:61)\norg.springframework.aop.framework.ReflectiveMethodInvocation.proceed(ReflectiveMethodInvocation.java:186)\norg.springframework.aop.framework.CglibAopProxy$CglibMethodInvocation.proceed(CglibAopProxy.java:749)\norg.springframework.aop.framework.CglibAopProxy$DynamicAdvisedInterceptor.intercept(CglibAopProxy.java:691)\ncom.wan.system.service.impl.SysConfigServiceImpl$$EnhancerBySpringCGLIB$$ce6cac28.updateConfigs(<generated>)\ncom.wan.web.controller.system.SysConfigController.update(SysConfigController.java:54)\ncom.wan.web.controller.system.SysConfigController$$FastClassBySpringCGLIB$$ac4fb54d.invoke(<generated>)\norg.springframework.cglib.proxy.MethodProxy.invoke(MethodProxy.java:218)\norg.springframework.aop.framework.CglibAopProxy$CglibMethodInvocation.invokeJoinpoint(CglibAopProxy.java:771)\norg.springframework.aop.framework.ReflectiveMethodInvocation.proceed(ReflectiveMethodInvocation.java:163)\norg.springframework.aop.framework.CglibAopProxy$CglibMethodInvocation.proceed(CglibAopProxy.java:749)\norg.springframework.aop.aspectj.AspectJAfterThrowingAdvice.invoke(AspectJAfterThrowingAdvice.java:62)\norg.springframework.aop.framework.ReflectiveMethodInvocation.proceed(ReflectiveMethodInvocation.java:175)\norg.springframework.aop.framework.CglibAopProxy$CglibMethodInvocation.proceed(CglibAopProxy.java:749)\norg.springframework.aop.framework.adapter.AfterReturningAdviceInterceptor.invoke(AfterReturningAdviceInterceptor.java:55)\norg.springframework.aop.framework.ReflectiveMethodInvocation.proceed(ReflectiveMethodInvocation.java:175)\norg.springframework.aop.framework.CglibAopProxy$CglibMethodInvocation.proceed(CglibAopProxy.java:749)\norg.springframework.security.access.intercept.aopalliance.MethodSecurityInterceptor.invoke(MethodSecurityInterceptor.java:69)\norg.springframework.aop.framework.ReflectiveMethodInvocation.proceed(ReflectiveMethodInvocation.java:186)\norg.springframework.aop.framework.CglibAopProxy$CglibMethodInvocation.proceed(CglibAopProxy.java:749)\norg.springframework.aop.interceptor.ExposeInvocationInterceptor.invoke(ExposeInvocationInterceptor.java:95)\norg.springframework.aop.framework.ReflectiveMethodInvocation.proceed(ReflectiveMethodInvocation.java:186)\norg.springframework.aop.framework.CglibAopProxy$CglibMethodInvocation.proceed(CglibAopProxy.java:749)\norg.springframework.aop.framework.CglibAopProxy$DynamicAdvisedInterceptor.intercept(CglibAopProxy.java:691)\ncom.wan.web.controller.system.SysConfigController$$EnhancerBySpringCGLIB$$39b68845.update(<generated>)\nsun.reflect.NativeMethodAccessorImpl.invoke0(Native Method)\nsun.reflect.NativeMethodAccessorImpl.invoke(Unknown Source)\nsun.reflect.DelegatingMethodAccessorImpl.invoke(Unknown Source)\njava.lang.reflect.Method.invoke(Unknown Source)\norg.springframework.web.method.support.InvocableHandlerMethod.doInvoke(InvocableHandlerMethod.java:190)\norg.springframework.web.method.support.InvocableHandlerMethod.invokeForRequest(InvocableHandlerMethod.java:138)\norg.springframework.web.servlet.mvc.method.annotation.ServletInvocableHandlerMethod.invokeAndHandle(ServletInvocableHandlerMethod.java:105)\norg.springframework.web.servlet.mvc.method.annotation.RequestMappingHandlerAdapter.invokeHandlerMethod(RequestMappingHandlerAdapter.java:878)\norg.springframework.web.servlet.mvc.method.annotation.RequestMappingHandlerAdapter.handleInternal(RequestMappingHandlerAdapter.java:792)\norg.springframework.web.servlet.mvc.method.AbstractHandlerMethodAdapter.handle(AbstractHandlerMethodAdapter.java:87)\norg.springframework.web.servlet.DispatcherServlet.doDispatch(DispatcherServlet.java:1040)\norg.springframework.web.servlet.DispatcherServlet.doService(DispatcherServlet.java:943)\norg.springframework.web.servlet.FrameworkServlet.processRequest(FrameworkServlet.java:1006)\norg.springframework.web.servlet.FrameworkServlet.doPost(FrameworkServlet.java:909)\njavax.servlet.http.HttpServlet.service(HttpServlet.java:652)\norg.springframework.web.servlet.FrameworkServlet.service(FrameworkServlet.java:883)\njavax.servlet.http.HttpServlet.service(HttpServlet.java:733)\norg.apache.catalina.core.ApplicationFilterChain.internalDoFilter(ApplicationFilterChain.java:231)\norg.apache.catalina.core.ApplicationFilterChain.doFilter(ApplicationFilterChain.java:166)\norg.apache.tomcat.websocket.server.WsFilter.doFilter(WsFilter.java:53)\norg.apache.catalina.core.ApplicationFilterChain.internalDoFilter(ApplicationFilterChain.java:193)\norg.apache.catalina.core.ApplicationFilterChain.doFilter(ApplicationFilterChain.java:166)\ncom.wan.security.filter.CaptchaFilter.doFilterInternal(CaptchaFilter.java:44)\norg.springframework.web.filter.OncePerRequestFilter.doFilter(OncePerRequestFilter.java:119)\norg.apache.catalina.core.ApplicationFilterChain.internalDoFilter(ApplicationFilterChain.java:193)\norg.apache.catalina.core.ApplicationFilterChain.doFilter(ApplicationFilterChain.java:166)\ncom.alibaba.druid.support.http.WebStatFilter.doFilter(WebStatFilter.java:123)\norg.apache.catalina.core.ApplicationFilterChain.internalDoFilter(ApplicationFilterChain.java:193)\norg.apache.catalina.core.ApplicationFilterChain.doFilter(ApplicationFilterChain.java:166)\norg.springframework.security.web.FilterChainProxy$VirtualFilterChain.doFilter(FilterChainProxy.java:320)\norg.springframework.security.web.access.intercept.FilterSecurityInterceptor.invoke(FilterSecurityInterceptor.java:126)\norg.springframework.security.web.access.intercept.FilterSecurityInterceptor.doFilter(FilterSecurityInterceptor.java:90)\norg.springframework.security.web.FilterChainProxy$VirtualFilterChain.doFilter(FilterChainProxy.java:334)\norg.springframework.security.web.access.ExceptionTranslationFilter.doFilter(ExceptionTranslationFilter.java:118)\norg.springframework.security.web.FilterChainProxy$VirtualFilterChain.doFilter(FilterChainProxy.java:334)\norg.springframework.security.web.session.SessionManagementFilter.doFilter(SessionManagementFilter.java:137)\norg.springframework.security.web.FilterChainProxy$VirtualFilterChain.doFilter(FilterChainProxy.java:334)\norg.springframework.security.web.authentication.AnonymousAuthenticationFilter.doFilter(AnonymousAuthenticationFilter.java:111)\norg.springframework.security.web.FilterChainProxy$VirtualFilterChain.doFilter(FilterChainProxy.java:334)\norg.springframework.security.web.authentication.rememberme.RememberMeAuthenticationFilter.doFilter(RememberMeAuthenticationFilter.java:158)\norg.springframework.security.web.FilterChainProxy$VirtualFilterChain.doFilter(FilterChainProxy.java:334)\norg.springframework.security.web.servletapi.SecurityContextHolderAwareRequestFilter.doFilter(SecurityContextHolderAwareRequestFilter.java:158)\norg.springframework.security.web.FilterChainProxy$VirtualFilterChain.doFilter(FilterChainProxy.java:334)\norg.springframework.security.web.savedrequest.RequestCacheAwareFilter.doFilter(RequestCacheAwareFilter.java:63)\norg.springframework.security.web.FilterChainProxy$VirtualFilterChain.doFilter(FilterChainProxy.java:334)\norg.springframework.security.web.authentication.AbstractAuthenticationProcessingFilter.doFilter(AbstractAuthenticationProcessingFilter.java:200)\norg.springframework.security.web.FilterChainProxy$VirtualFilterChain.doFilter(FilterChainProxy.java:334)\ncom.wan.security.filter.CaptchaFilter.doFilterInternal(CaptchaFilter.java:44)\norg.springframework.web.filter.OncePerRequestFilter.doFilter(OncePerRequestFilter.java:119)\norg.springframework.security.web.FilterChainProxy$VirtualFilterChain.doFilter(FilterChainProxy.java:334)\norg.springframework.security.web.authentication.logout.LogoutFilter.doFilter(LogoutFilter.java:116)\norg.springframework.security.web.FilterChainProxy$VirtualFilterChain.doFilter(FilterChainProxy.java:334)\norg.springframework.security.web.header.HeaderWriterFilter.doHeadersAfter(HeaderWriterFilter.java:92)\norg.springframework.security.web.header.HeaderWriterFilter.doFilterInternal(HeaderWriterFilter.java:77)\norg.springframework.web.filter.OncePerRequestFilter.doFilter(OncePerRequestFilter.java:119)\norg.springframework.security.web.FilterChainProxy$VirtualFilterChain.doFilter(FilterChainProxy.java:334)\norg.springframework.security.web.context.SecurityContextPersistenceFilter.doFilter(SecurityContextPersistenceFilter.java:105)\norg.springframework.security.web.FilterChainProxy$VirtualFilterChain.doFilter(FilterChainProxy.java:334)\norg.springframework.security.web.context.request.async.WebAsyncManagerIntegrationFilter.doFilterInternal(WebAsyncManagerIntegrationFilter.java:56)\norg.springframework.web.filter.OncePerRequestFilter.doFilter(OncePerRequestFilter.java:119)\norg.springframework.security.web.FilterChainProxy$VirtualFilterChain.doFilter(FilterChainProxy.java:334)\norg.springframework.security.web.FilterChainProxy.doFilterInternal(FilterChainProxy.java:215)\norg.springframework.security.web.FilterChainProxy.doFilter(FilterChainProxy.java:178)\norg.springframework.web.filter.DelegatingFilterProxy.invokeDelegate(DelegatingFilterProxy.java:358)\norg.springframework.web.filter.DelegatingFilterProxy.doFilter(DelegatingFilterProxy.java:271)\norg.apache.catalina.core.ApplicationFilterChain.internalDoFilter(ApplicationFilterChain.java:193)\norg.apache.catalina.core.ApplicationFilterChain.doFilter(ApplicationFilterChain.java:166)\norg.springframework.web.filter.RequestContextFilter.doFilterInternal(RequestContextFilter.java:100)\norg.springframework.web.filter.OncePerRequestFilter.doFilter(OncePerRequestFilter.java:119)\norg.apache.catalina.core.ApplicationFilterChain.internalDoFilter(ApplicationFilterChain.java:193)\norg.apache.catalina.core.ApplicationFilterChain.doFilter(ApplicationFilterChain.java:166)\norg.springframework.web.filter.FormContentFilter.doFilterInternal(FormContentFilter.java:93)\norg.springframework.web.filter.OncePerRequestFilter.doFilter(OncePerRequestFilter.java:119)\norg.apache.catalina.core.ApplicationFilterChain.internalDoFilter(ApplicationFilterChain.java:193)\norg.apache.catalina.core.ApplicationFilterChain.doFilter(ApplicationFilterChain.java:166)\norg.springframework.web.filter.CharacterEncodingFilter.doFilterInternal(CharacterEncodingFilter.java:201)\norg.springframework.web.filter.OncePerRequestFilter.doFilter(OncePerRequestFilter.java:119)\norg.apache.catalina.core.ApplicationFilterChain.internalDoFilter(ApplicationFilterChain.java:193)\norg.apache.catalina.core.ApplicationFilterChain.doFilter(ApplicationFilterChain.java:166)\norg.apache.catalina.core.StandardWrapperValve.invoke(StandardWrapperValve.java:202)\norg.apache.catalina.core.StandardContextValve.invoke(StandardContextValve.java:97)\norg.apache.catalina.authenticator.AuthenticatorBase.invoke(AuthenticatorBase.java:542)\norg.apache.catalina.core.StandardHostValve.invoke(StandardHostValve.java:143)\norg.apache.catalina.valves.ErrorReportValve.invoke(ErrorReportValve.java:92)\norg.apache.catalina.core.StandardEngineValve.invoke(StandardEngineValve.java:78)\norg.apache.catalina.connector.CoyoteAdapter.service(CoyoteAdapter.java:343)\norg.apache.coyote.http11.Http11Processor.service(Http11Processor.java:374)\norg.apache.coyote.AbstractProcessorLight.process(AbstractProcessorLight.java:65)\norg.apache.coyote.AbstractProtocol$ConnectionHandler.process(AbstractProtocol.java:868)\norg.apache.tomcat.util.net.NioEndpoint$SocketProcessor.doRun(NioEndpoint.java:1590)\norg.apache.tomcat.util.net.SocketProcessorBase.run(SocketProcessorBase.java:49)\njava.util.concurrent.ThreadPoolExecutor.runWorker(Unknown Source)\njava.util.concurrent.ThreadPoolExecutor$Worker.run(Unknown Source)\norg.apache.tomcat.util.threads.TaskThread$WrappingRunnable.run(TaskThread.java:61)\njava.lang.Thread.run(Unknown Source)\n', '2021-03-09 20:31:23', null), ('13', '245', 'org.springframework.dao.DataIntegrityViolationException:\r\n### Error updating database.  Cause: java.sql.SQLException: Field \'content\' doesn\'t have a default value\r\n### The error may exist in file [E:\\wan-admin\\wan-admin\\wan-system\\target\\classes\\mapper\\SysNoticeMapper.xml]\r\n### The error may involve com.wan.system.mapper.SysNoticeMapper.insertNoticeContent-Inline\r\n### The error occurred while setting parameters\r\n### SQL: insert into sys_notice_content(     notice_id,          gmt_create   ) values (     ?,          now()   )\r\n### Cause: java.sql.SQLException: Field \'content\' doesn\'t have a default value\n; Field \'content\' doesn\'t have a default value; nested exception is java.sql.SQLException: Field \'content\' doesn\'t have a default value\n	org.springframework.jdbc.support.SQLErrorCodeSQLExceptionTranslator.doTranslate(SQLErrorCodeSQLExceptionTranslator.java:251)\norg.springframework.jdbc.support.AbstractFallbackSQLExceptionTranslator.translate(AbstractFallbackSQLExceptionTranslator.java:72)\norg.mybatis.spring.MyBatisExceptionTranslator.translateExceptionIfPossible(MyBatisExceptionTranslator.java:88)\norg.mybatis.spring.SqlSessionTemplate$SqlSessionInterceptor.invoke(SqlSessionTemplate.java:440)\ncom.sun.proxy.$Proxy79.insert(Unknown Source)\norg.mybatis.spring.SqlSessionTemplate.insert(SqlSessionTemplate.java:271)\norg.apache.ibatis.binding.MapperMethod.execute(MapperMethod.java:62)\norg.apache.ibatis.binding.MapperProxy$PlainMethodInvoker.invoke(MapperProxy.java:152)\norg.apache.ibatis.binding.MapperProxy.invoke(MapperProxy.java:85)\ncom.sun.proxy.$Proxy91.insertNoticeContent(Unknown Source)\ncom.wan.system.service.impl.SysNoticeServiceImpl.insertNotice(SysNoticeServiceImpl.java:33)\ncom.wan.system.service.impl.SysNoticeServiceImpl$$FastClassBySpringCGLIB$$d21f4d7d.invoke(<generated>)\norg.springframework.cglib.proxy.MethodProxy.invoke(MethodProxy.java:218)\norg.springframework.aop.framework.CglibAopProxy$CglibMethodInvocation.invokeJoinpoint(CglibAopProxy.java:771)\norg.springframework.aop.framework.ReflectiveMethodInvocation.proceed(ReflectiveMethodInvocation.java:163)\norg.springframework.aop.framework.CglibAopProxy$CglibMethodInvocation.proceed(CglibAopProxy.java:749)\norg.springframework.transaction.interceptor.TransactionAspectSupport.invokeWithinTransaction(TransactionAspectSupport.java:367)\norg.springframework.transaction.interceptor.TransactionInterceptor.invoke(TransactionInterceptor.java:118)\norg.springframework.aop.framework.ReflectiveMethodInvocation.proceed(ReflectiveMethodInvocation.java:186)\norg.springframework.aop.framework.CglibAopProxy$CglibMethodInvocation.proceed(CglibAopProxy.java:749)\norg.springframework.aop.framework.CglibAopProxy$DynamicAdvisedInterceptor.intercept(CglibAopProxy.java:691)\ncom.wan.system.service.impl.SysNoticeServiceImpl$$EnhancerBySpringCGLIB$$c0d746df.insertNotice(<generated>)\ncom.wan.web.controller.system.SysNoticeController.save(SysNoticeController.java:82)\ncom.wan.web.controller.system.SysNoticeController$$FastClassBySpringCGLIB$$1c5cc563.invoke(<generated>)\norg.springframework.cglib.proxy.MethodProxy.invoke(MethodProxy.java:218)\norg.springframework.aop.framework.CglibAopProxy$CglibMethodInvocation.invokeJoinpoint(CglibAopProxy.java:771)\norg.springframework.aop.framework.ReflectiveMethodInvocation.proceed(ReflectiveMethodInvocation.java:163)\norg.springframework.aop.framework.CglibAopProxy$CglibMethodInvocation.proceed(CglibAopProxy.java:749)\norg.springframework.aop.aspectj.AspectJAfterThrowingAdvice.invoke(AspectJAfterThrowingAdvice.java:62)\norg.springframework.aop.framework.ReflectiveMethodInvocation.proceed(ReflectiveMethodInvocation.java:175)\norg.springframework.aop.framework.CglibAopProxy$CglibMethodInvocation.proceed(CglibAopProxy.java:749)\norg.springframework.aop.framework.adapter.AfterReturningAdviceInterceptor.invoke(AfterReturningAdviceInterceptor.java:55)\norg.springframework.aop.framework.ReflectiveMethodInvocation.proceed(ReflectiveMethodInvocation.java:175)\norg.springframework.aop.framework.CglibAopProxy$CglibMethodInvocation.proceed(CglibAopProxy.java:749)\norg.springframework.security.access.intercept.aopalliance.MethodSecurityInterceptor.invoke(MethodSecurityInterceptor.java:69)\norg.springframework.aop.framework.ReflectiveMethodInvocation.proceed(ReflectiveMethodInvocation.java:186)\norg.springframework.aop.framework.CglibAopProxy$CglibMethodInvocation.proceed(CglibAopProxy.java:749)\norg.springframework.aop.interceptor.ExposeInvocationInterceptor.invoke(ExposeInvocationInterceptor.java:95)\norg.springframework.aop.framework.ReflectiveMethodInvocation.proceed(ReflectiveMethodInvocation.java:186)\norg.springframework.aop.framework.CglibAopProxy$CglibMethodInvocation.proceed(CglibAopProxy.java:749)\norg.springframework.aop.framework.CglibAopProxy$DynamicAdvisedInterceptor.intercept(CglibAopProxy.java:691)\ncom.wan.web.controller.system.SysNoticeController$$EnhancerBySpringCGLIB$$a07c7145.save(<generated>)\nsun.reflect.NativeMethodAccessorImpl.invoke0(Native Method)\nsun.reflect.NativeMethodAccessorImpl.invoke(Unknown Source)\nsun.reflect.DelegatingMethodAccessorImpl.invoke(Unknown Source)\njava.lang.reflect.Method.invoke(Unknown Source)\norg.springframework.web.method.support.InvocableHandlerMethod.doInvoke(InvocableHandlerMethod.java:190)\norg.springframework.web.method.support.InvocableHandlerMethod.invokeForRequest(InvocableHandlerMethod.java:138)\norg.springframework.web.servlet.mvc.method.annotation.ServletInvocableHandlerMethod.invokeAndHandle(ServletInvocableHandlerMethod.java:105)\norg.springframework.web.servlet.mvc.method.annotation.RequestMappingHandlerAdapter.invokeHandlerMethod(RequestMappingHandlerAdapter.java:878)\norg.springframework.web.servlet.mvc.method.annotation.RequestMappingHandlerAdapter.handleInternal(RequestMappingHandlerAdapter.java:792)\norg.springframework.web.servlet.mvc.method.AbstractHandlerMethodAdapter.handle(AbstractHandlerMethodAdapter.java:87)\norg.springframework.web.servlet.DispatcherServlet.doDispatch(DispatcherServlet.java:1040)\norg.springframework.web.servlet.DispatcherServlet.doService(DispatcherServlet.java:943)\norg.springframework.web.servlet.FrameworkServlet.processRequest(FrameworkServlet.java:1006)\norg.springframework.web.servlet.FrameworkServlet.doPost(FrameworkServlet.java:909)\njavax.servlet.http.HttpServlet.service(HttpServlet.java:652)\norg.springframework.web.servlet.FrameworkServlet.service(FrameworkServlet.java:883)\njavax.servlet.http.HttpServlet.service(HttpServlet.java:733)\norg.apache.catalina.core.ApplicationFilterChain.internalDoFilter(ApplicationFilterChain.java:231)\norg.apache.catalina.core.ApplicationFilterChain.doFilter(ApplicationFilterChain.java:166)\norg.apache.tomcat.websocket.server.WsFilter.doFilter(WsFilter.java:53)\norg.apache.catalina.core.ApplicationFilterChain.internalDoFilter(ApplicationFilterChain.java:193)\norg.apache.catalina.core.ApplicationFilterChain.doFilter(ApplicationFilterChain.java:166)\ncom.wan.security.filter.CaptchaFilter.doFilterInternal(CaptchaFilter.java:44)\norg.springframework.web.filter.OncePerRequestFilter.doFilter(OncePerRequestFilter.java:119)\norg.apache.catalina.core.ApplicationFilterChain.internalDoFilter(ApplicationFilterChain.java:193)\norg.apache.catalina.core.ApplicationFilterChain.doFilter(ApplicationFilterChain.java:166)\ncom.alibaba.druid.support.http.WebStatFilter.doFilter(WebStatFilter.java:123)\norg.apache.catalina.core.ApplicationFilterChain.internalDoFilter(ApplicationFilterChain.java:193)\norg.apache.catalina.core.ApplicationFilterChain.doFilter(ApplicationFilterChain.java:166)\norg.springframework.security.web.FilterChainProxy$VirtualFilterChain.doFilter(FilterChainProxy.java:320)\norg.springframework.security.web.access.intercept.FilterSecurityInterceptor.invoke(FilterSecurityInterceptor.java:126)\norg.springframework.security.web.access.intercept.FilterSecurityInterceptor.doFilter(FilterSecurityInterceptor.java:90)\norg.springframework.security.web.FilterChainProxy$VirtualFilterChain.doFilter(FilterChainProxy.java:334)\norg.springframework.security.web.access.ExceptionTranslationFilter.doFilter(ExceptionTranslationFilter.java:118)\norg.springframework.security.web.FilterChainProxy$VirtualFilterChain.doFilter(FilterChainProxy.java:334)\norg.springframework.security.web.session.SessionManagementFilter.doFilter(SessionManagementFilter.java:137)\norg.springframework.security.web.FilterChainProxy$VirtualFilterChain.doFilter(FilterChainProxy.java:334)\norg.springframework.security.web.authentication.AnonymousAuthenticationFilter.doFilter(AnonymousAuthenticationFilter.java:111)\norg.springframework.security.web.FilterChainProxy$VirtualFilterChain.doFilter(FilterChainProxy.java:334)\norg.springframework.security.web.authentication.rememberme.RememberMeAuthenticationFilter.doFilter(RememberMeAuthenticationFilter.java:158)\norg.springframework.security.web.FilterChainProxy$VirtualFilterChain.doFilter(FilterChainProxy.java:334)\norg.springframework.security.web.servletapi.SecurityContextHolderAwareRequestFilter.doFilter(SecurityContextHolderAwareRequestFilter.java:158)\norg.springframework.security.web.FilterChainProxy$VirtualFilterChain.doFilter(FilterChainProxy.java:334)\norg.springframework.security.web.savedrequest.RequestCacheAwareFilter.doFilter(RequestCacheAwareFilter.java:63)\norg.springframework.security.web.FilterChainProxy$VirtualFilterChain.doFilter(FilterChainProxy.java:334)\norg.springframework.security.web.authentication.AbstractAuthenticationProcessingFilter.doFilter(AbstractAuthenticationProcessingFilter.java:200)\norg.springframework.security.web.FilterChainProxy$VirtualFilterChain.doFilter(FilterChainProxy.java:334)\ncom.wan.security.filter.CaptchaFilter.doFilterInternal(CaptchaFilter.java:44)\norg.springframework.web.filter.OncePerRequestFilter.doFilter(OncePerRequestFilter.java:119)\norg.springframework.security.web.FilterChainProxy$VirtualFilterChain.doFilter(FilterChainProxy.java:334)\norg.springframework.security.web.authentication.logout.LogoutFilter.doFilter(LogoutFilter.java:116)\norg.springframework.security.web.FilterChainProxy$VirtualFilterChain.doFilter(FilterChainProxy.java:334)\norg.springframework.security.web.header.HeaderWriterFilter.doHeadersAfter(HeaderWriterFilter.java:92)\norg.springframework.security.web.header.HeaderWriterFilter.doFilterInternal(HeaderWriterFilter.java:77)\norg.springframework.web.filter.OncePerRequestFilter.doFilter(OncePerRequestFilter.java:119)\norg.springframework.security.web.FilterChainProxy$VirtualFilterChain.doFilter(FilterChainProxy.java:334)\norg.springframework.security.web.context.SecurityContextPersistenceFilter.doFilter(SecurityContextPersistenceFilter.java:105)\norg.springframework.security.web.FilterChainProxy$VirtualFilterChain.doFilter(FilterChainProxy.java:334)\norg.springframework.security.web.context.request.async.WebAsyncManagerIntegrationFilter.doFilterInternal(WebAsyncManagerIntegrationFilter.java:56)\norg.springframework.web.filter.OncePerRequestFilter.doFilter(OncePerRequestFilter.java:119)\norg.springframework.security.web.FilterChainProxy$VirtualFilterChain.doFilter(FilterChainProxy.java:334)\norg.springframework.security.web.FilterChainProxy.doFilterInternal(FilterChainProxy.java:215)\norg.springframework.security.web.FilterChainProxy.doFilter(FilterChainProxy.java:178)\norg.springframework.web.filter.DelegatingFilterProxy.invokeDelegate(DelegatingFilterProxy.java:358)\norg.springframework.web.filter.DelegatingFilterProxy.doFilter(DelegatingFilterProxy.java:271)\norg.apache.catalina.core.ApplicationFilterChain.internalDoFilter(ApplicationFilterChain.java:193)\norg.apache.catalina.core.ApplicationFilterChain.doFilter(ApplicationFilterChain.java:166)\norg.springframework.web.filter.RequestContextFilter.doFilterInternal(RequestContextFilter.java:100)\norg.springframework.web.filter.OncePerRequestFilter.doFilter(OncePerRequestFilter.java:119)\norg.apache.catalina.core.ApplicationFilterChain.internalDoFilter(ApplicationFilterChain.java:193)\norg.apache.catalina.core.ApplicationFilterChain.doFilter(ApplicationFilterChain.java:166)\norg.springframework.web.filter.FormContentFilter.doFilterInternal(FormContentFilter.java:93)\norg.springframework.web.filter.OncePerRequestFilter.doFilter(OncePerRequestFilter.java:119)\norg.apache.catalina.core.ApplicationFilterChain.internalDoFilter(ApplicationFilterChain.java:193)\norg.apache.catalina.core.ApplicationFilterChain.doFilter(ApplicationFilterChain.java:166)\norg.springframework.web.filter.CharacterEncodingFilter.doFilterInternal(CharacterEncodingFilter.java:201)\norg.springframework.web.filter.OncePerRequestFilter.doFilter(OncePerRequestFilter.java:119)\norg.apache.catalina.core.ApplicationFilterChain.internalDoFilter(ApplicationFilterChain.java:193)\norg.apache.catalina.core.ApplicationFilterChain.doFilter(ApplicationFilterChain.java:166)\norg.apache.catalina.core.StandardWrapperValve.invoke(StandardWrapperValve.java:202)\norg.apache.catalina.core.StandardContextValve.invoke(StandardContextValve.java:97)\norg.apache.catalina.authenticator.AuthenticatorBase.invoke(AuthenticatorBase.java:542)\norg.apache.catalina.core.StandardHostValve.invoke(StandardHostValve.java:143)\norg.apache.catalina.valves.ErrorReportValve.invoke(ErrorReportValve.java:92)\norg.apache.catalina.core.StandardEngineValve.invoke(StandardEngineValve.java:78)\norg.apache.catalina.connector.CoyoteAdapter.service(CoyoteAdapter.java:343)\norg.apache.coyote.http11.Http11Processor.service(Http11Processor.java:374)\norg.apache.coyote.AbstractProcessorLight.process(AbstractProcessorLight.java:65)\norg.apache.coyote.AbstractProtocol$ConnectionHandler.process(AbstractProtocol.java:868)\norg.apache.tomcat.util.net.NioEndpoint$SocketProcessor.doRun(NioEndpoint.java:1590)\norg.apache.tomcat.util.net.SocketProcessorBase.run(SocketProcessorBase.java:49)\njava.util.concurrent.ThreadPoolExecutor.runWorker(Unknown Source)\njava.util.concurrent.ThreadPoolExecutor$Worker.run(Unknown Source)\norg.apache.tomcat.util.threads.TaskThread$WrappingRunnable.run(TaskThread.java:61)\njava.lang.Thread.run(Unknown Source)\n', '2021-03-12 22:41:35', null), ('14', '258', 'org.springframework.dao.DataIntegrityViolationException:\r\n### Error updating database.  Cause: java.sql.SQLException: Field \'gmt_create\' doesn\'t have a default value\r\n### The error may exist in file [E:\\wan-admin\\wan-admin\\wan-system\\target\\classes\\mapper\\SysUserNoticeMapper.xml]\r\n### The error may involve com.wan.system.mapper.SysUserNoticeMapper.insertUserNotices-Inline\r\n### The error occurred while setting parameters\r\n### SQL: insert into sys_user_notice (    user_id, notice_id   )(    select user_id, ?    from sys_user   )\r\n### Cause: java.sql.SQLException: Field \'gmt_create\' doesn\'t have a default value\n; Field \'gmt_create\' doesn\'t have a default value; nested exception is java.sql.SQLException: Field \'gmt_create\' doesn\'t have a default value\n	org.springframework.jdbc.support.SQLErrorCodeSQLExceptionTranslator.doTranslate(SQLErrorCodeSQLExceptionTranslator.java:251)\norg.springframework.jdbc.support.AbstractFallbackSQLExceptionTranslator.translate(AbstractFallbackSQLExceptionTranslator.java:72)\norg.mybatis.spring.MyBatisExceptionTranslator.translateExceptionIfPossible(MyBatisExceptionTranslator.java:88)\norg.mybatis.spring.SqlSessionTemplate$SqlSessionInterceptor.invoke(SqlSessionTemplate.java:440)\ncom.sun.proxy.$Proxy79.insert(Unknown Source)\norg.mybatis.spring.SqlSessionTemplate.insert(SqlSessionTemplate.java:271)\norg.apache.ibatis.binding.MapperMethod.execute(MapperMethod.java:62)\norg.apache.ibatis.binding.MapperProxy$PlainMethodInvoker.invoke(MapperProxy.java:152)\norg.apache.ibatis.binding.MapperProxy.invoke(MapperProxy.java:85)\ncom.sun.proxy.$Proxy92.insertUserNotices(Unknown Source)\ncom.wan.system.service.impl.SysNoticeServiceImpl.sendNotice(SysNoticeServiceImpl.java:57)\ncom.wan.system.service.impl.SysNoticeServiceImpl$$FastClassBySpringCGLIB$$d21f4d7d.invoke(<generated>)\norg.springframework.cglib.proxy.MethodProxy.invoke(MethodProxy.java:218)\norg.springframework.aop.framework.CglibAopProxy$DynamicAdvisedInterceptor.intercept(CglibAopProxy.java:687)\ncom.wan.system.service.impl.SysNoticeServiceImpl$$EnhancerBySpringCGLIB$$d0b8d4b8.sendNotice(<generated>)\ncom.wan.web.controller.system.SysNoticeController.send(SysNoticeController.java:109)\ncom.wan.web.controller.system.SysNoticeController$$FastClassBySpringCGLIB$$1c5cc563.invoke(<generated>)\norg.springframework.cglib.proxy.MethodProxy.invoke(MethodProxy.java:218)\norg.springframework.aop.framework.CglibAopProxy$CglibMethodInvocation.invokeJoinpoint(CglibAopProxy.java:771)\norg.springframework.aop.framework.ReflectiveMethodInvocation.proceed(ReflectiveMethodInvocation.java:163)\norg.springframework.aop.framework.CglibAopProxy$CglibMethodInvocation.proceed(CglibAopProxy.java:749)\norg.springframework.aop.aspectj.AspectJAfterThrowingAdvice.invoke(AspectJAfterThrowingAdvice.java:62)\norg.springframework.aop.framework.ReflectiveMethodInvocation.proceed(ReflectiveMethodInvocation.java:175)\norg.springframework.aop.framework.CglibAopProxy$CglibMethodInvocation.proceed(CglibAopProxy.java:749)\norg.springframework.aop.framework.adapter.AfterReturningAdviceInterceptor.invoke(AfterReturningAdviceInterceptor.java:55)\norg.springframework.aop.framework.ReflectiveMethodInvocation.proceed(ReflectiveMethodInvocation.java:175)\norg.springframework.aop.framework.CglibAopProxy$CglibMethodInvocation.proceed(CglibAopProxy.java:749)\norg.springframework.security.access.intercept.aopalliance.MethodSecurityInterceptor.invoke(MethodSecurityInterceptor.java:69)\norg.springframework.aop.framework.ReflectiveMethodInvocation.proceed(ReflectiveMethodInvocation.java:186)\norg.springframework.aop.framework.CglibAopProxy$CglibMethodInvocation.proceed(CglibAopProxy.java:749)\norg.springframework.aop.interceptor.ExposeInvocationInterceptor.invoke(ExposeInvocationInterceptor.java:95)\norg.springframework.aop.framework.ReflectiveMethodInvocation.proceed(ReflectiveMethodInvocation.java:186)\norg.springframework.aop.framework.CglibAopProxy$CglibMethodInvocation.proceed(CglibAopProxy.java:749)\norg.springframework.aop.framework.CglibAopProxy$DynamicAdvisedInterceptor.intercept(CglibAopProxy.java:691)\ncom.wan.web.controller.system.SysNoticeController$$EnhancerBySpringCGLIB$$545ab8a6.send(<generated>)\nsun.reflect.NativeMethodAccessorImpl.invoke0(Native Method)\nsun.reflect.NativeMethodAccessorImpl.invoke(Unknown Source)\nsun.reflect.DelegatingMethodAccessorImpl.invoke(Unknown Source)\njava.lang.reflect.Method.invoke(Unknown Source)\norg.springframework.web.method.support.InvocableHandlerMethod.doInvoke(InvocableHandlerMethod.java:190)\norg.springframework.web.method.support.InvocableHandlerMethod.invokeForRequest(InvocableHandlerMethod.java:138)\norg.springframework.web.servlet.mvc.method.annotation.ServletInvocableHandlerMethod.invokeAndHandle(ServletInvocableHandlerMethod.java:105)\norg.springframework.web.servlet.mvc.method.annotation.RequestMappingHandlerAdapter.invokeHandlerMethod(RequestMappingHandlerAdapter.java:878)\norg.springframework.web.servlet.mvc.method.annotation.RequestMappingHandlerAdapter.handleInternal(RequestMappingHandlerAdapter.java:792)\norg.springframework.web.servlet.mvc.method.AbstractHandlerMethodAdapter.handle(AbstractHandlerMethodAdapter.java:87)\norg.springframework.web.servlet.DispatcherServlet.doDispatch(DispatcherServlet.java:1040)\norg.springframework.web.servlet.DispatcherServlet.doService(DispatcherServlet.java:943)\norg.springframework.web.servlet.FrameworkServlet.processRequest(FrameworkServlet.java:1006)\norg.springframework.web.servlet.FrameworkServlet.doPost(FrameworkServlet.java:909)\njavax.servlet.http.HttpServlet.service(HttpServlet.java:652)\norg.springframework.web.servlet.FrameworkServlet.service(FrameworkServlet.java:883)\njavax.servlet.http.HttpServlet.service(HttpServlet.java:733)\norg.apache.catalina.core.ApplicationFilterChain.internalDoFilter(ApplicationFilterChain.java:231)\norg.apache.catalina.core.ApplicationFilterChain.doFilter(ApplicationFilterChain.java:166)\norg.apache.tomcat.websocket.server.WsFilter.doFilter(WsFilter.java:53)\norg.apache.catalina.core.ApplicationFilterChain.internalDoFilter(ApplicationFilterChain.java:193)\norg.apache.catalina.core.ApplicationFilterChain.doFilter(ApplicationFilterChain.java:166)\ncom.wan.security.filter.CaptchaFilter.doFilterInternal(CaptchaFilter.java:44)\norg.springframework.web.filter.OncePerRequestFilter.doFilter(OncePerRequestFilter.java:119)\norg.apache.catalina.core.ApplicationFilterChain.internalDoFilter(ApplicationFilterChain.java:193)\norg.apache.catalina.core.ApplicationFilterChain.doFilter(ApplicationFilterChain.java:166)\ncom.alibaba.druid.support.http.WebStatFilter.doFilter(WebStatFilter.java:123)\norg.apache.catalina.core.ApplicationFilterChain.internalDoFilter(ApplicationFilterChain.java:193)\norg.apache.catalina.core.ApplicationFilterChain.doFilter(ApplicationFilterChain.java:166)\norg.springframework.security.web.FilterChainProxy$VirtualFilterChain.doFilter(FilterChainProxy.java:320)\norg.springframework.security.web.access.intercept.FilterSecurityInterceptor.invoke(FilterSecurityInterceptor.java:126)\norg.springframework.security.web.access.intercept.FilterSecurityInterceptor.doFilter(FilterSecurityInterceptor.java:90)\norg.springframework.security.web.FilterChainProxy$VirtualFilterChain.doFilter(FilterChainProxy.java:334)\norg.springframework.security.web.access.ExceptionTranslationFilter.doFilter(ExceptionTranslationFilter.java:118)\norg.springframework.security.web.FilterChainProxy$VirtualFilterChain.doFilter(FilterChainProxy.java:334)\norg.springframework.security.web.session.SessionManagementFilter.doFilter(SessionManagementFilter.java:137)\norg.springframework.security.web.FilterChainProxy$VirtualFilterChain.doFilter(FilterChainProxy.java:334)\norg.springframework.security.web.authentication.AnonymousAuthenticationFilter.doFilter(AnonymousAuthenticationFilter.java:111)\norg.springframework.security.web.FilterChainProxy$VirtualFilterChain.doFilter(FilterChainProxy.java:334)\norg.springframework.security.web.authentication.rememberme.RememberMeAuthenticationFilter.doFilter(RememberMeAuthenticationFilter.java:158)\norg.springframework.security.web.FilterChainProxy$VirtualFilterChain.doFilter(FilterChainProxy.java:334)\norg.springframework.security.web.servletapi.SecurityContextHolderAwareRequestFilter.doFilter(SecurityContextHolderAwareRequestFilter.java:158)\norg.springframework.security.web.FilterChainProxy$VirtualFilterChain.doFilter(FilterChainProxy.java:334)\norg.springframework.security.web.savedrequest.RequestCacheAwareFilter.doFilter(RequestCacheAwareFilter.java:63)\norg.springframework.security.web.FilterChainProxy$VirtualFilterChain.doFilter(FilterChainProxy.java:334)\norg.springframework.security.web.authentication.AbstractAuthenticationProcessingFilter.doFilter(AbstractAuthenticationProcessingFilter.java:200)\norg.springframework.security.web.FilterChainProxy$VirtualFilterChain.doFilter(FilterChainProxy.java:334)\ncom.wan.security.filter.CaptchaFilter.doFilterInternal(CaptchaFilter.java:44)\norg.springframework.web.filter.OncePerRequestFilter.doFilter(OncePerRequestFilter.java:119)\norg.springframework.security.web.FilterChainProxy$VirtualFilterChain.doFilter(FilterChainProxy.java:334)\norg.springframework.security.web.authentication.logout.LogoutFilter.doFilter(LogoutFilter.java:116)\norg.springframework.security.web.FilterChainProxy$VirtualFilterChain.doFilter(FilterChainProxy.java:334)\norg.springframework.security.web.header.HeaderWriterFilter.doHeadersAfter(HeaderWriterFilter.java:92)\norg.springframework.security.web.header.HeaderWriterFilter.doFilterInternal(HeaderWriterFilter.java:77)\norg.springframework.web.filter.OncePerRequestFilter.doFilter(OncePerRequestFilter.java:119)\norg.springframework.security.web.FilterChainProxy$VirtualFilterChain.doFilter(FilterChainProxy.java:334)\norg.springframework.security.web.context.SecurityContextPersistenceFilter.doFilter(SecurityContextPersistenceFilter.java:105)\norg.springframework.security.web.FilterChainProxy$VirtualFilterChain.doFilter(FilterChainProxy.java:334)\norg.springframework.security.web.context.request.async.WebAsyncManagerIntegrationFilter.doFilterInternal(WebAsyncManagerIntegrationFilter.java:56)\norg.springframework.web.filter.OncePerRequestFilter.doFilter(OncePerRequestFilter.java:119)\norg.springframework.security.web.FilterChainProxy$VirtualFilterChain.doFilter(FilterChainProxy.java:334)\norg.springframework.security.web.FilterChainProxy.doFilterInternal(FilterChainProxy.java:215)\norg.springframework.security.web.FilterChainProxy.doFilter(FilterChainProxy.java:178)\norg.springframework.web.filter.DelegatingFilterProxy.invokeDelegate(DelegatingFilterProxy.java:358)\norg.springframework.web.filter.DelegatingFilterProxy.doFilter(DelegatingFilterProxy.java:271)\norg.apache.catalina.core.ApplicationFilterChain.internalDoFilter(ApplicationFilterChain.java:193)\norg.apache.catalina.core.ApplicationFilterChain.doFilter(ApplicationFilterChain.java:166)\norg.springframework.web.filter.RequestContextFilter.doFilterInternal(RequestContextFilter.java:100)\norg.springframework.web.filter.OncePerRequestFilter.doFilter(OncePerRequestFilter.java:119)\norg.apache.catalina.core.ApplicationFilterChain.internalDoFilter(ApplicationFilterChain.java:193)\norg.apache.catalina.core.ApplicationFilterChain.doFilter(ApplicationFilterChain.java:166)\norg.springframework.web.filter.FormContentFilter.doFilterInternal(FormContentFilter.java:93)\norg.springframework.web.filter.OncePerRequestFilter.doFilter(OncePerRequestFilter.java:119)\norg.apache.catalina.core.ApplicationFilterChain.internalDoFilter(ApplicationFilterChain.java:193)\norg.apache.catalina.core.ApplicationFilterChain.doFilter(ApplicationFilterChain.java:166)\norg.springframework.web.filter.CharacterEncodingFilter.doFilterInternal(CharacterEncodingFilter.java:201)\norg.springframework.web.filter.OncePerRequestFilter.doFilter(OncePerRequestFilter.java:119)\norg.apache.catalina.core.ApplicationFilterChain.internalDoFilter(ApplicationFilterChain.java:193)\norg.apache.catalina.core.ApplicationFilterChain.doFilter(ApplicationFilterChain.java:166)\norg.apache.catalina.core.StandardWrapperValve.invoke(StandardWrapperValve.java:202)\norg.apache.catalina.core.StandardContextValve.invoke(StandardContextValve.java:97)\norg.apache.catalina.authenticator.AuthenticatorBase.invoke(AuthenticatorBase.java:542)\norg.apache.catalina.core.StandardHostValve.invoke(StandardHostValve.java:143)\norg.apache.catalina.valves.ErrorReportValve.invoke(ErrorReportValve.java:92)\norg.apache.catalina.core.StandardEngineValve.invoke(StandardEngineValve.java:78)\norg.apache.catalina.connector.CoyoteAdapter.service(CoyoteAdapter.java:343)\norg.apache.coyote.http11.Http11Processor.service(Http11Processor.java:374)\norg.apache.coyote.AbstractProcessorLight.process(AbstractProcessorLight.java:65)\norg.apache.coyote.AbstractProtocol$ConnectionHandler.process(AbstractProtocol.java:868)\norg.apache.tomcat.util.net.NioEndpoint$SocketProcessor.doRun(NioEndpoint.java:1590)\norg.apache.tomcat.util.net.SocketProcessorBase.run(SocketProcessorBase.java:49)\njava.util.concurrent.ThreadPoolExecutor.runWorker(Unknown Source)\njava.util.concurrent.ThreadPoolExecutor$Worker.run(Unknown Source)\norg.apache.tomcat.util.threads.TaskThread$WrappingRunnable.run(TaskThread.java:61)\njava.lang.Thread.run(Unknown Source)\n', '2021-03-14 00:26:01', null), ('15', '260', 'org.springframework.dao.DataIntegrityViolationException:\r\n### Error updating database.  Cause: java.sql.SQLException: Field \'gmt_create\' doesn\'t have a default value\r\n### The error may exist in file [E:\\wan-admin\\wan-admin\\wan-system\\target\\classes\\mapper\\SysUserNoticeMapper.xml]\r\n### The error may involve com.wan.system.mapper.SysUserNoticeMapper.insertUserNotices-Inline\r\n### The error occurred while setting parameters\r\n### SQL: insert into sys_user_notice (    user_id, notice_id, gmt_modified   )(    select user_id, ?, now()    from sys_user   )\r\n### Cause: java.sql.SQLException: Field \'gmt_create\' doesn\'t have a default value\n; Field \'gmt_create\' doesn\'t have a default value; nested exception is java.sql.SQLException: Field \'gmt_create\' doesn\'t have a default value\n	org.springframework.jdbc.support.SQLErrorCodeSQLExceptionTranslator.doTranslate(SQLErrorCodeSQLExceptionTranslator.java:251)\norg.springframework.jdbc.support.AbstractFallbackSQLExceptionTranslator.translate(AbstractFallbackSQLExceptionTranslator.java:72)\norg.mybatis.spring.MyBatisExceptionTranslator.translateExceptionIfPossible(MyBatisExceptionTranslator.java:88)\norg.mybatis.spring.SqlSessionTemplate$SqlSessionInterceptor.invoke(SqlSessionTemplate.java:440)\ncom.sun.proxy.$Proxy79.insert(Unknown Source)\norg.mybatis.spring.SqlSessionTemplate.insert(SqlSessionTemplate.java:271)\norg.apache.ibatis.binding.MapperMethod.execute(MapperMethod.java:62)\norg.apache.ibatis.binding.MapperProxy$PlainMethodInvoker.invoke(MapperProxy.java:152)\norg.apache.ibatis.binding.MapperProxy.invoke(MapperProxy.java:85)\ncom.sun.proxy.$Proxy92.insertUserNotices(Unknown Source)\ncom.wan.system.service.impl.SysNoticeServiceImpl.sendNotice(SysNoticeServiceImpl.java:57)\ncom.wan.system.service.impl.SysNoticeServiceImpl$$FastClassBySpringCGLIB$$d21f4d7d.invoke(<generated>)\norg.springframework.cglib.proxy.MethodProxy.invoke(MethodProxy.java:218)\norg.springframework.aop.framework.CglibAopProxy$DynamicAdvisedInterceptor.intercept(CglibAopProxy.java:687)\ncom.wan.system.service.impl.SysNoticeServiceImpl$$EnhancerBySpringCGLIB$$2e8672e9.sendNotice(<generated>)\ncom.wan.web.controller.system.SysNoticeController.send(SysNoticeController.java:109)\ncom.wan.web.controller.system.SysNoticeController$$FastClassBySpringCGLIB$$1c5cc563.invoke(<generated>)\norg.springframework.cglib.proxy.MethodProxy.invoke(MethodProxy.java:218)\norg.springframework.aop.framework.CglibAopProxy$CglibMethodInvocation.invokeJoinpoint(CglibAopProxy.java:771)\norg.springframework.aop.framework.ReflectiveMethodInvocation.proceed(ReflectiveMethodInvocation.java:163)\norg.springframework.aop.framework.CglibAopProxy$CglibMethodInvocation.proceed(CglibAopProxy.java:749)\norg.springframework.aop.aspectj.AspectJAfterThrowingAdvice.invoke(AspectJAfterThrowingAdvice.java:62)\norg.springframework.aop.framework.ReflectiveMethodInvocation.proceed(ReflectiveMethodInvocation.java:175)\norg.springframework.aop.framework.CglibAopProxy$CglibMethodInvocation.proceed(CglibAopProxy.java:749)\norg.springframework.aop.framework.adapter.AfterReturningAdviceInterceptor.invoke(AfterReturningAdviceInterceptor.java:55)\norg.springframework.aop.framework.ReflectiveMethodInvocation.proceed(ReflectiveMethodInvocation.java:175)\norg.springframework.aop.framework.CglibAopProxy$CglibMethodInvocation.proceed(CglibAopProxy.java:749)\norg.springframework.security.access.intercept.aopalliance.MethodSecurityInterceptor.invoke(MethodSecurityInterceptor.java:69)\norg.springframework.aop.framework.ReflectiveMethodInvocation.proceed(ReflectiveMethodInvocation.java:186)\norg.springframework.aop.framework.CglibAopProxy$CglibMethodInvocation.proceed(CglibAopProxy.java:749)\norg.springframework.aop.interceptor.ExposeInvocationInterceptor.invoke(ExposeInvocationInterceptor.java:95)\norg.springframework.aop.framework.ReflectiveMethodInvocation.proceed(ReflectiveMethodInvocation.java:186)\norg.springframework.aop.framework.CglibAopProxy$CglibMethodInvocation.proceed(CglibAopProxy.java:749)\norg.springframework.aop.framework.CglibAopProxy$DynamicAdvisedInterceptor.intercept(CglibAopProxy.java:691)\ncom.wan.web.controller.system.SysNoticeController$$EnhancerBySpringCGLIB$$f2247ba2.send(<generated>)\nsun.reflect.NativeMethodAccessorImpl.invoke0(Native Method)\nsun.reflect.NativeMethodAccessorImpl.invoke(Unknown Source)\nsun.reflect.DelegatingMethodAccessorImpl.invoke(Unknown Source)\njava.lang.reflect.Method.invoke(Unknown Source)\norg.springframework.web.method.support.InvocableHandlerMethod.doInvoke(InvocableHandlerMethod.java:190)\norg.springframework.web.method.support.InvocableHandlerMethod.invokeForRequest(InvocableHandlerMethod.java:138)\norg.springframework.web.servlet.mvc.method.annotation.ServletInvocableHandlerMethod.invokeAndHandle(ServletInvocableHandlerMethod.java:105)\norg.springframework.web.servlet.mvc.method.annotation.RequestMappingHandlerAdapter.invokeHandlerMethod(RequestMappingHandlerAdapter.java:878)\norg.springframework.web.servlet.mvc.method.annotation.RequestMappingHandlerAdapter.handleInternal(RequestMappingHandlerAdapter.java:792)\norg.springframework.web.servlet.mvc.method.AbstractHandlerMethodAdapter.handle(AbstractHandlerMethodAdapter.java:87)\norg.springframework.web.servlet.DispatcherServlet.doDispatch(DispatcherServlet.java:1040)\norg.springframework.web.servlet.DispatcherServlet.doService(DispatcherServlet.java:943)\norg.springframework.web.servlet.FrameworkServlet.processRequest(FrameworkServlet.java:1006)\norg.springframework.web.servlet.FrameworkServlet.doPost(FrameworkServlet.java:909)\njavax.servlet.http.HttpServlet.service(HttpServlet.java:652)\norg.springframework.web.servlet.FrameworkServlet.service(FrameworkServlet.java:883)\njavax.servlet.http.HttpServlet.service(HttpServlet.java:733)\norg.apache.catalina.core.ApplicationFilterChain.internalDoFilter(ApplicationFilterChain.java:231)\norg.apache.catalina.core.ApplicationFilterChain.doFilter(ApplicationFilterChain.java:166)\norg.apache.tomcat.websocket.server.WsFilter.doFilter(WsFilter.java:53)\norg.apache.catalina.core.ApplicationFilterChain.internalDoFilter(ApplicationFilterChain.java:193)\norg.apache.catalina.core.ApplicationFilterChain.doFilter(ApplicationFilterChain.java:166)\ncom.wan.security.filter.CaptchaFilter.doFilterInternal(CaptchaFilter.java:44)\norg.springframework.web.filter.OncePerRequestFilter.doFilter(OncePerRequestFilter.java:119)\norg.apache.catalina.core.ApplicationFilterChain.internalDoFilter(ApplicationFilterChain.java:193)\norg.apache.catalina.core.ApplicationFilterChain.doFilter(ApplicationFilterChain.java:166)\ncom.alibaba.druid.support.http.WebStatFilter.doFilter(WebStatFilter.java:123)\norg.apache.catalina.core.ApplicationFilterChain.internalDoFilter(ApplicationFilterChain.java:193)\norg.apache.catalina.core.ApplicationFilterChain.doFilter(ApplicationFilterChain.java:166)\norg.springframework.security.web.FilterChainProxy$VirtualFilterChain.doFilter(FilterChainProxy.java:320)\norg.springframework.security.web.access.intercept.FilterSecurityInterceptor.invoke(FilterSecurityInterceptor.java:126)\norg.springframework.security.web.access.intercept.FilterSecurityInterceptor.doFilter(FilterSecurityInterceptor.java:90)\norg.springframework.security.web.FilterChainProxy$VirtualFilterChain.doFilter(FilterChainProxy.java:334)\norg.springframework.security.web.access.ExceptionTranslationFilter.doFilter(ExceptionTranslationFilter.java:118)\norg.springframework.security.web.FilterChainProxy$VirtualFilterChain.doFilter(FilterChainProxy.java:334)\norg.springframework.security.web.session.SessionManagementFilter.doFilter(SessionManagementFilter.java:137)\norg.springframework.security.web.FilterChainProxy$VirtualFilterChain.doFilter(FilterChainProxy.java:334)\norg.springframework.security.web.authentication.AnonymousAuthenticationFilter.doFilter(AnonymousAuthenticationFilter.java:111)\norg.springframework.security.web.FilterChainProxy$VirtualFilterChain.doFilter(FilterChainProxy.java:334)\norg.springframework.security.web.authentication.rememberme.RememberMeAuthenticationFilter.doFilter(RememberMeAuthenticationFilter.java:158)\norg.springframework.security.web.FilterChainProxy$VirtualFilterChain.doFilter(FilterChainProxy.java:334)\norg.springframework.security.web.servletapi.SecurityContextHolderAwareRequestFilter.doFilter(SecurityContextHolderAwareRequestFilter.java:158)\norg.springframework.security.web.FilterChainProxy$VirtualFilterChain.doFilter(FilterChainProxy.java:334)\norg.springframework.security.web.savedrequest.RequestCacheAwareFilter.doFilter(RequestCacheAwareFilter.java:63)\norg.springframework.security.web.FilterChainProxy$VirtualFilterChain.doFilter(FilterChainProxy.java:334)\norg.springframework.security.web.authentication.AbstractAuthenticationProcessingFilter.doFilter(AbstractAuthenticationProcessingFilter.java:200)\norg.springframework.security.web.FilterChainProxy$VirtualFilterChain.doFilter(FilterChainProxy.java:334)\ncom.wan.security.filter.CaptchaFilter.doFilterInternal(CaptchaFilter.java:44)\norg.springframework.web.filter.OncePerRequestFilter.doFilter(OncePerRequestFilter.java:119)\norg.springframework.security.web.FilterChainProxy$VirtualFilterChain.doFilter(FilterChainProxy.java:334)\norg.springframework.security.web.authentication.logout.LogoutFilter.doFilter(LogoutFilter.java:116)\norg.springframework.security.web.FilterChainProxy$VirtualFilterChain.doFilter(FilterChainProxy.java:334)\norg.springframework.security.web.header.HeaderWriterFilter.doHeadersAfter(HeaderWriterFilter.java:92)\norg.springframework.security.web.header.HeaderWriterFilter.doFilterInternal(HeaderWriterFilter.java:77)\norg.springframework.web.filter.OncePerRequestFilter.doFilter(OncePerRequestFilter.java:119)\norg.springframework.security.web.FilterChainProxy$VirtualFilterChain.doFilter(FilterChainProxy.java:334)\norg.springframework.security.web.context.SecurityContextPersistenceFilter.doFilter(SecurityContextPersistenceFilter.java:105)\norg.springframework.security.web.FilterChainProxy$VirtualFilterChain.doFilter(FilterChainProxy.java:334)\norg.springframework.security.web.context.request.async.WebAsyncManagerIntegrationFilter.doFilterInternal(WebAsyncManagerIntegrationFilter.java:56)\norg.springframework.web.filter.OncePerRequestFilter.doFilter(OncePerRequestFilter.java:119)\norg.springframework.security.web.FilterChainProxy$VirtualFilterChain.doFilter(FilterChainProxy.java:334)\norg.springframework.security.web.FilterChainProxy.doFilterInternal(FilterChainProxy.java:215)\norg.springframework.security.web.FilterChainProxy.doFilter(FilterChainProxy.java:178)\norg.springframework.web.filter.DelegatingFilterProxy.invokeDelegate(DelegatingFilterProxy.java:358)\norg.springframework.web.filter.DelegatingFilterProxy.doFilter(DelegatingFilterProxy.java:271)\norg.apache.catalina.core.ApplicationFilterChain.internalDoFilter(ApplicationFilterChain.java:193)\norg.apache.catalina.core.ApplicationFilterChain.doFilter(ApplicationFilterChain.java:166)\norg.springframework.web.filter.RequestContextFilter.doFilterInternal(RequestContextFilter.java:100)\norg.springframework.web.filter.OncePerRequestFilter.doFilter(OncePerRequestFilter.java:119)\norg.apache.catalina.core.ApplicationFilterChain.internalDoFilter(ApplicationFilterChain.java:193)\norg.apache.catalina.core.ApplicationFilterChain.doFilter(ApplicationFilterChain.java:166)\norg.springframework.web.filter.FormContentFilter.doFilterInternal(FormContentFilter.java:93)\norg.springframework.web.filter.OncePerRequestFilter.doFilter(OncePerRequestFilter.java:119)\norg.apache.catalina.core.ApplicationFilterChain.internalDoFilter(ApplicationFilterChain.java:193)\norg.apache.catalina.core.ApplicationFilterChain.doFilter(ApplicationFilterChain.java:166)\norg.springframework.web.filter.CharacterEncodingFilter.doFilterInternal(CharacterEncodingFilter.java:201)\norg.springframework.web.filter.OncePerRequestFilter.doFilter(OncePerRequestFilter.java:119)\norg.apache.catalina.core.ApplicationFilterChain.internalDoFilter(ApplicationFilterChain.java:193)\norg.apache.catalina.core.ApplicationFilterChain.doFilter(ApplicationFilterChain.java:166)\norg.apache.catalina.core.StandardWrapperValve.invoke(StandardWrapperValve.java:202)\norg.apache.catalina.core.StandardContextValve.invoke(StandardContextValve.java:97)\norg.apache.catalina.authenticator.AuthenticatorBase.invoke(AuthenticatorBase.java:542)\norg.apache.catalina.core.StandardHostValve.invoke(StandardHostValve.java:143)\norg.apache.catalina.valves.ErrorReportValve.invoke(ErrorReportValve.java:92)\norg.apache.catalina.core.StandardEngineValve.invoke(StandardEngineValve.java:78)\norg.apache.catalina.connector.CoyoteAdapter.service(CoyoteAdapter.java:343)\norg.apache.coyote.http11.Http11Processor.service(Http11Processor.java:374)\norg.apache.coyote.AbstractProcessorLight.process(AbstractProcessorLight.java:65)\norg.apache.coyote.AbstractProtocol$ConnectionHandler.process(AbstractProtocol.java:868)\norg.apache.tomcat.util.net.NioEndpoint$SocketProcessor.doRun(NioEndpoint.java:1590)\norg.apache.tomcat.util.net.SocketProcessorBase.run(SocketProcessorBase.java:49)\njava.util.concurrent.ThreadPoolExecutor.runWorker(Unknown Source)\njava.util.concurrent.ThreadPoolExecutor$Worker.run(Unknown Source)\norg.apache.tomcat.util.threads.TaskThread$WrappingRunnable.run(TaskThread.java:61)\njava.lang.Thread.run(Unknown Source)\n', '2021-03-14 00:27:18', null), ('16', '285', 'org.springframework.expression.spel.SpelEvaluationException:EL1007E: Property or field \'id\' cannot be found on null\n	org.springframework.expression.spel.ast.PropertyOrFieldReference.readProperty(PropertyOrFieldReference.java:213)\norg.springframework.expression.spel.ast.PropertyOrFieldReference.getValueInternal(PropertyOrFieldReference.java:104)\norg.springframework.expression.spel.ast.PropertyOrFieldReference.access$000(PropertyOrFieldReference.java:51)\norg.springframework.expression.spel.ast.PropertyOrFieldReference$AccessorLValue.getValue(PropertyOrFieldReference.java:406)\norg.springframework.expression.spel.ast.CompoundExpression.getValueInternal(CompoundExpression.java:92)\norg.springframework.expression.spel.ast.SpelNodeImpl.getValue(SpelNodeImpl.java:112)\norg.springframework.expression.spel.standard.SpelExpression.getValue(SpelExpression.java:272)\norg.springframework.cache.interceptor.CacheOperationExpressionEvaluator.key(CacheOperationExpressionEvaluator.java:104)\norg.springframework.cache.interceptor.CacheAspectSupport$CacheOperationContext.generateKey(CacheAspectSupport.java:795)\norg.springframework.cache.interceptor.CacheAspectSupport.generateKey(CacheAspectSupport.java:592)\norg.springframework.cache.interceptor.CacheAspectSupport.findCachedItem(CacheAspectSupport.java:535)\norg.springframework.cache.interceptor.CacheAspectSupport.execute(CacheAspectSupport.java:402)\norg.springframework.cache.interceptor.CacheAspectSupport.execute(CacheAspectSupport.java:346)\norg.springframework.cache.interceptor.CacheInterceptor.invoke(CacheInterceptor.java:61)\norg.springframework.aop.framework.ReflectiveMethodInvocation.proceed(ReflectiveMethodInvocation.java:186)\norg.springframework.aop.framework.JdkDynamicAopProxy.invoke(JdkDynamicAopProxy.java:212)\ncom.sun.proxy.$Proxy92.updateNoticeContent(Unknown Source)\ncom.wan.system.service.impl.SysNoticeServiceImpl.updateNotice(SysNoticeServiceImpl.java:44)\ncom.wan.system.service.impl.SysNoticeServiceImpl$$FastClassBySpringCGLIB$$d21f4d7d.invoke(<generated>)\norg.springframework.cglib.proxy.MethodProxy.invoke(MethodProxy.java:218)\norg.springframework.aop.framework.CglibAopProxy$CglibMethodInvocation.invokeJoinpoint(CglibAopProxy.java:771)\norg.springframework.aop.framework.ReflectiveMethodInvocation.proceed(ReflectiveMethodInvocation.java:163)\norg.springframework.aop.framework.CglibAopProxy$CglibMethodInvocation.proceed(CglibAopProxy.java:749)\norg.springframework.transaction.interceptor.TransactionAspectSupport.invokeWithinTransaction(TransactionAspectSupport.java:367)\norg.springframework.transaction.interceptor.TransactionInterceptor.invoke(TransactionInterceptor.java:118)\norg.springframework.aop.framework.ReflectiveMethodInvocation.proceed(ReflectiveMethodInvocation.java:186)\norg.springframework.aop.framework.CglibAopProxy$CglibMethodInvocation.proceed(CglibAopProxy.java:749)\norg.springframework.aop.framework.CglibAopProxy$DynamicAdvisedInterceptor.intercept(CglibAopProxy.java:691)\ncom.wan.system.service.impl.SysNoticeServiceImpl$$EnhancerBySpringCGLIB$$5282b4c7.updateNotice(<generated>)\ncom.wan.web.controller.system.SysNoticeController.update(SysNoticeController.java:95)\ncom.wan.web.controller.system.SysNoticeController$$FastClassBySpringCGLIB$$1c5cc563.invoke(<generated>)\norg.springframework.cglib.proxy.MethodProxy.invoke(MethodProxy.java:218)\norg.springframework.aop.framework.CglibAopProxy$CglibMethodInvocation.invokeJoinpoint(CglibAopProxy.java:771)\norg.springframework.aop.framework.ReflectiveMethodInvocation.proceed(ReflectiveMethodInvocation.java:163)\norg.springframework.aop.framework.CglibAopProxy$CglibMethodInvocation.proceed(CglibAopProxy.java:749)\norg.springframework.aop.aspectj.AspectJAfterThrowingAdvice.invoke(AspectJAfterThrowingAdvice.java:62)\norg.springframework.aop.framework.ReflectiveMethodInvocation.proceed(ReflectiveMethodInvocation.java:175)\norg.springframework.aop.framework.CglibAopProxy$CglibMethodInvocation.proceed(CglibAopProxy.java:749)\norg.springframework.aop.framework.adapter.AfterReturningAdviceInterceptor.invoke(AfterReturningAdviceInterceptor.java:55)\norg.springframework.aop.framework.ReflectiveMethodInvocation.proceed(ReflectiveMethodInvocation.java:175)\norg.springframework.aop.framework.CglibAopProxy$CglibMethodInvocation.proceed(CglibAopProxy.java:749)\norg.springframework.security.access.intercept.aopalliance.MethodSecurityInterceptor.invoke(MethodSecurityInterceptor.java:69)\norg.springframework.aop.framework.ReflectiveMethodInvocation.proceed(ReflectiveMethodInvocation.java:186)\norg.springframework.aop.framework.CglibAopProxy$CglibMethodInvocation.proceed(CglibAopProxy.java:749)\norg.springframework.aop.interceptor.ExposeInvocationInterceptor.invoke(ExposeInvocationInterceptor.java:95)\norg.springframework.aop.framework.ReflectiveMethodInvocation.proceed(ReflectiveMethodInvocation.java:186)\norg.springframework.aop.framework.CglibAopProxy$CglibMethodInvocation.proceed(CglibAopProxy.java:749)\norg.springframework.aop.framework.CglibAopProxy$DynamicAdvisedInterceptor.intercept(CglibAopProxy.java:691)\ncom.wan.web.controller.system.SysNoticeController$$EnhancerBySpringCGLIB$$c666c3f6.update(<generated>)\nsun.reflect.NativeMethodAccessorImpl.invoke0(Native Method)\nsun.reflect.NativeMethodAccessorImpl.invoke(Unknown Source)\nsun.reflect.DelegatingMethodAccessorImpl.invoke(Unknown Source)\njava.lang.reflect.Method.invoke(Unknown Source)\norg.springframework.web.method.support.InvocableHandlerMethod.doInvoke(InvocableHandlerMethod.java:190)\norg.springframework.web.method.support.InvocableHandlerMethod.invokeForRequest(InvocableHandlerMethod.java:138)\norg.springframework.web.servlet.mvc.method.annotation.ServletInvocableHandlerMethod.invokeAndHandle(ServletInvocableHandlerMethod.java:105)\norg.springframework.web.servlet.mvc.method.annotation.RequestMappingHandlerAdapter.invokeHandlerMethod(RequestMappingHandlerAdapter.java:878)\norg.springframework.web.servlet.mvc.method.annotation.RequestMappingHandlerAdapter.handleInternal(RequestMappingHandlerAdapter.java:792)\norg.springframework.web.servlet.mvc.method.AbstractHandlerMethodAdapter.handle(AbstractHandlerMethodAdapter.java:87)\norg.springframework.web.servlet.DispatcherServlet.doDispatch(DispatcherServlet.java:1040)\norg.springframework.web.servlet.DispatcherServlet.doService(DispatcherServlet.java:943)\norg.springframework.web.servlet.FrameworkServlet.processRequest(FrameworkServlet.java:1006)\norg.springframework.web.servlet.FrameworkServlet.doPost(FrameworkServlet.java:909)\njavax.servlet.http.HttpServlet.service(HttpServlet.java:652)\norg.springframework.web.servlet.FrameworkServlet.service(FrameworkServlet.java:883)\njavax.servlet.http.HttpServlet.service(HttpServlet.java:733)\norg.apache.catalina.core.ApplicationFilterChain.internalDoFilter(ApplicationFilterChain.java:231)\norg.apache.catalina.core.ApplicationFilterChain.doFilter(ApplicationFilterChain.java:166)\norg.apache.tomcat.websocket.server.WsFilter.doFilter(WsFilter.java:53)\norg.apache.catalina.core.ApplicationFilterChain.internalDoFilter(ApplicationFilterChain.java:193)\norg.apache.catalina.core.ApplicationFilterChain.doFilter(ApplicationFilterChain.java:166)\ncom.wan.security.filter.CaptchaFilter.doFilterInternal(CaptchaFilter.java:44)\norg.springframework.web.filter.OncePerRequestFilter.doFilter(OncePerRequestFilter.java:119)\norg.apache.catalina.core.ApplicationFilterChain.internalDoFilter(ApplicationFilterChain.java:193)\norg.apache.catalina.core.ApplicationFilterChain.doFilter(ApplicationFilterChain.java:166)\ncom.alibaba.druid.support.http.WebStatFilter.doFilter(WebStatFilter.java:123)\norg.apache.catalina.core.ApplicationFilterChain.internalDoFilter(ApplicationFilterChain.java:193)\norg.apache.catalina.core.ApplicationFilterChain.doFilter(ApplicationFilterChain.java:166)\norg.springframework.security.web.FilterChainProxy$VirtualFilterChain.doFilter(FilterChainProxy.java:320)\norg.springframework.security.web.access.intercept.FilterSecurityInterceptor.invoke(FilterSecurityInterceptor.java:126)\norg.springframework.security.web.access.intercept.FilterSecurityInterceptor.doFilter(FilterSecurityInterceptor.java:90)\norg.springframework.security.web.FilterChainProxy$VirtualFilterChain.doFilter(FilterChainProxy.java:334)\norg.springframework.security.web.access.ExceptionTranslationFilter.doFilter(ExceptionTranslationFilter.java:118)\norg.springframework.security.web.FilterChainProxy$VirtualFilterChain.doFilter(FilterChainProxy.java:334)\norg.springframework.security.web.session.SessionManagementFilter.doFilter(SessionManagementFilter.java:137)\norg.springframework.security.web.FilterChainProxy$VirtualFilterChain.doFilter(FilterChainProxy.java:334)\norg.springframework.security.web.authentication.AnonymousAuthenticationFilter.doFilter(AnonymousAuthenticationFilter.java:111)\norg.springframework.security.web.FilterChainProxy$VirtualFilterChain.doFilter(FilterChainProxy.java:334)\norg.springframework.security.web.authentication.rememberme.RememberMeAuthenticationFilter.doFilter(RememberMeAuthenticationFilter.java:158)\norg.springframework.security.web.FilterChainProxy$VirtualFilterChain.doFilter(FilterChainProxy.java:334)\norg.springframework.security.web.servletapi.SecurityContextHolderAwareRequestFilter.doFilter(SecurityContextHolderAwareRequestFilter.java:158)\norg.springframework.security.web.FilterChainProxy$VirtualFilterChain.doFilter(FilterChainProxy.java:334)\norg.springframework.security.web.savedrequest.RequestCacheAwareFilter.doFilter(RequestCacheAwareFilter.java:63)\norg.springframework.security.web.FilterChainProxy$VirtualFilterChain.doFilter(FilterChainProxy.java:334)\norg.springframework.security.web.authentication.AbstractAuthenticationProcessingFilter.doFilter(AbstractAuthenticationProcessingFilter.java:200)\norg.springframework.security.web.FilterChainProxy$VirtualFilterChain.doFilter(FilterChainProxy.java:334)\ncom.wan.security.filter.CaptchaFilter.doFilterInternal(CaptchaFilter.java:44)\norg.springframework.web.filter.OncePerRequestFilter.doFilter(OncePerRequestFilter.java:119)\norg.springframework.security.web.FilterChainProxy$VirtualFilterChain.doFilter(FilterChainProxy.java:334)\norg.springframework.security.web.authentication.logout.LogoutFilter.doFilter(LogoutFilter.java:116)\norg.springframework.security.web.FilterChainProxy$VirtualFilterChain.doFilter(FilterChainProxy.java:334)\norg.springframework.security.web.header.HeaderWriterFilter.doHeadersAfter(HeaderWriterFilter.java:92)\norg.springframework.security.web.header.HeaderWriterFilter.doFilterInternal(HeaderWriterFilter.java:77)\norg.springframework.web.filter.OncePerRequestFilter.doFilter(OncePerRequestFilter.java:119)\norg.springframework.security.web.FilterChainProxy$VirtualFilterChain.doFilter(FilterChainProxy.java:334)\norg.springframework.security.web.context.SecurityContextPersistenceFilter.doFilter(SecurityContextPersistenceFilter.java:105)\norg.springframework.security.web.FilterChainProxy$VirtualFilterChain.doFilter(FilterChainProxy.java:334)\norg.springframework.security.web.context.request.async.WebAsyncManagerIntegrationFilter.doFilterInternal(WebAsyncManagerIntegrationFilter.java:56)\norg.springframework.web.filter.OncePerRequestFilter.doFilter(OncePerRequestFilter.java:119)\norg.springframework.security.web.FilterChainProxy$VirtualFilterChain.doFilter(FilterChainProxy.java:334)\norg.springframework.security.web.FilterChainProxy.doFilterInternal(FilterChainProxy.java:215)\norg.springframework.security.web.FilterChainProxy.doFilter(FilterChainProxy.java:178)\norg.springframework.web.filter.DelegatingFilterProxy.invokeDelegate(DelegatingFilterProxy.java:358)\norg.springframework.web.filter.DelegatingFilterProxy.doFilter(DelegatingFilterProxy.java:271)\norg.apache.catalina.core.ApplicationFilterChain.internalDoFilter(ApplicationFilterChain.java:193)\norg.apache.catalina.core.ApplicationFilterChain.doFilter(ApplicationFilterChain.java:166)\norg.springframework.web.filter.RequestContextFilter.doFilterInternal(RequestContextFilter.java:100)\norg.springframework.web.filter.OncePerRequestFilter.doFilter(OncePerRequestFilter.java:119)\norg.apache.catalina.core.ApplicationFilterChain.internalDoFilter(ApplicationFilterChain.java:193)\norg.apache.catalina.core.ApplicationFilterChain.doFilter(ApplicationFilterChain.java:166)\norg.springframework.web.filter.FormContentFilter.doFilterInternal(FormContentFilter.java:93)\norg.springframework.web.filter.OncePerRequestFilter.doFilter(OncePerRequestFilter.java:119)\norg.apache.catalina.core.ApplicationFilterChain.internalDoFilter(ApplicationFilterChain.java:193)\norg.apache.catalina.core.ApplicationFilterChain.doFilter(ApplicationFilterChain.java:166)\norg.springframework.web.filter.CharacterEncodingFilter.doFilterInternal(CharacterEncodingFilter.java:201)\norg.springframework.web.filter.OncePerRequestFilter.doFilter(OncePerRequestFilter.java:119)\norg.apache.catalina.core.ApplicationFilterChain.internalDoFilter(ApplicationFilterChain.java:193)\norg.apache.catalina.core.ApplicationFilterChain.doFilter(ApplicationFilterChain.java:166)\norg.apache.catalina.core.StandardWrapperValve.invoke(StandardWrapperValve.java:202)\norg.apache.catalina.core.StandardContextValve.invoke(StandardContextValve.java:97)\norg.apache.catalina.authenticator.AuthenticatorBase.invoke(AuthenticatorBase.java:542)\norg.apache.catalina.core.StandardHostValve.invoke(StandardHostValve.java:143)\norg.apache.catalina.valves.ErrorReportValve.invoke(ErrorReportValve.java:92)\norg.apache.catalina.core.StandardEngineValve.invoke(StandardEngineValve.java:78)\norg.apache.catalina.connector.CoyoteAdapter.service(CoyoteAdapter.java:343)\norg.apache.coyote.http11.Http11Processor.service(Http11Processor.java:374)\norg.apache.coyote.AbstractProcessorLight.process(AbstractProcessorLight.java:65)\norg.apache.coyote.AbstractProtocol$ConnectionHandler.process(AbstractProtocol.java:868)\norg.apache.tomcat.util.net.NioEndpoint$SocketProcessor.doRun(NioEndpoint.java:1590)\norg.apache.tomcat.util.net.SocketProcessorBase.run(SocketProcessorBase.java:49)\njava.util.concurrent.ThreadPoolExecutor.runWorker(Unknown Source)\njava.util.concurrent.ThreadPoolExecutor$Worker.run(Unknown Source)\norg.apache.tomcat.util.threads.TaskThread$WrappingRunnable.run(TaskThread.java:61)\njava.lang.Thread.run(Unknown Source)\n', '2021-03-17 22:31:41', null), ('17', '297', 'java.lang.NullPointerException:null\n	com.wan.system.service.impl.SysUserNoticeServiceImpl.readUserNotice(SysUserNoticeServiceImpl.java:61)\ncom.wan.system.service.impl.SysUserNoticeServiceImpl$$FastClassBySpringCGLIB$$9069d0f2.invoke(<generated>)\norg.springframework.cglib.proxy.MethodProxy.invoke(MethodProxy.java:218)\norg.springframework.aop.framework.CglibAopProxy$CglibMethodInvocation.invokeJoinpoint(CglibAopProxy.java:771)\norg.springframework.aop.framework.ReflectiveMethodInvocation.proceed(ReflectiveMethodInvocation.java:163)\norg.springframework.aop.framework.CglibAopProxy$CglibMethodInvocation.proceed(CglibAopProxy.java:749)\norg.springframework.transaction.interceptor.TransactionAspectSupport.invokeWithinTransaction(TransactionAspectSupport.java:367)\norg.springframework.transaction.interceptor.TransactionInterceptor.invoke(TransactionInterceptor.java:118)\norg.springframework.aop.framework.ReflectiveMethodInvocation.proceed(ReflectiveMethodInvocation.java:186)\norg.springframework.aop.framework.CglibAopProxy$CglibMethodInvocation.proceed(CglibAopProxy.java:749)\norg.springframework.aop.framework.CglibAopProxy$DynamicAdvisedInterceptor.intercept(CglibAopProxy.java:691)\ncom.wan.system.service.impl.SysUserNoticeServiceImpl$$EnhancerBySpringCGLIB$$c209df5f.readUserNotice(<generated>)\ncom.wan.web.controller.system.SysUserNoticeController.read(SysUserNoticeController.java:86)\ncom.wan.web.controller.system.SysUserNoticeController$$FastClassBySpringCGLIB$$950bffce.invoke(<generated>)\norg.springframework.cglib.proxy.MethodProxy.invoke(MethodProxy.java:218)\norg.springframework.aop.framework.CglibAopProxy$CglibMethodInvocation.invokeJoinpoint(CglibAopProxy.java:771)\norg.springframework.aop.framework.ReflectiveMethodInvocation.proceed(ReflectiveMethodInvocation.java:163)\norg.springframework.aop.framework.CglibAopProxy$CglibMethodInvocation.proceed(CglibAopProxy.java:749)\norg.springframework.aop.aspectj.AspectJAfterThrowingAdvice.invoke(AspectJAfterThrowingAdvice.java:62)\norg.springframework.aop.framework.ReflectiveMethodInvocation.proceed(ReflectiveMethodInvocation.java:175)\norg.springframework.aop.framework.CglibAopProxy$CglibMethodInvocation.proceed(CglibAopProxy.java:749)\norg.springframework.aop.framework.adapter.AfterReturningAdviceInterceptor.invoke(AfterReturningAdviceInterceptor.java:55)\norg.springframework.aop.framework.ReflectiveMethodInvocation.proceed(ReflectiveMethodInvocation.java:175)\norg.springframework.aop.framework.CglibAopProxy$CglibMethodInvocation.proceed(CglibAopProxy.java:749)\norg.springframework.aop.interceptor.ExposeInvocationInterceptor.invoke(ExposeInvocationInterceptor.java:95)\norg.springframework.aop.framework.ReflectiveMethodInvocation.proceed(ReflectiveMethodInvocation.java:186)\norg.springframework.aop.framework.CglibAopProxy$CglibMethodInvocation.proceed(CglibAopProxy.java:749)\norg.springframework.aop.framework.CglibAopProxy$DynamicAdvisedInterceptor.intercept(CglibAopProxy.java:691)\ncom.wan.web.controller.system.SysUserNoticeController$$EnhancerBySpringCGLIB$$1d9afbbc.read(<generated>)\nsun.reflect.NativeMethodAccessorImpl.invoke0(Native Method)\nsun.reflect.NativeMethodAccessorImpl.invoke(Unknown Source)\nsun.reflect.DelegatingMethodAccessorImpl.invoke(Unknown Source)\njava.lang.reflect.Method.invoke(Unknown Source)\norg.springframework.web.method.support.InvocableHandlerMethod.doInvoke(InvocableHandlerMethod.java:190)\norg.springframework.web.method.support.InvocableHandlerMethod.invokeForRequest(InvocableHandlerMethod.java:138)\norg.springframework.web.servlet.mvc.method.annotation.ServletInvocableHandlerMethod.invokeAndHandle(ServletInvocableHandlerMethod.java:105)\norg.springframework.web.servlet.mvc.method.annotation.RequestMappingHandlerAdapter.invokeHandlerMethod(RequestMappingHandlerAdapter.java:878)\norg.springframework.web.servlet.mvc.method.annotation.RequestMappingHandlerAdapter.handleInternal(RequestMappingHandlerAdapter.java:792)\norg.springframework.web.servlet.mvc.method.AbstractHandlerMethodAdapter.handle(AbstractHandlerMethodAdapter.java:87)\norg.springframework.web.servlet.DispatcherServlet.doDispatch(DispatcherServlet.java:1040)\norg.springframework.web.servlet.DispatcherServlet.doService(DispatcherServlet.java:943)\norg.springframework.web.servlet.FrameworkServlet.processRequest(FrameworkServlet.java:1006)\norg.springframework.web.servlet.FrameworkServlet.doPost(FrameworkServlet.java:909)\njavax.servlet.http.HttpServlet.service(HttpServlet.java:652)\norg.springframework.web.servlet.FrameworkServlet.service(FrameworkServlet.java:883)\njavax.servlet.http.HttpServlet.service(HttpServlet.java:733)\norg.apache.catalina.core.ApplicationFilterChain.internalDoFilter(ApplicationFilterChain.java:231)\norg.apache.catalina.core.ApplicationFilterChain.doFilter(ApplicationFilterChain.java:166)\norg.apache.tomcat.websocket.server.WsFilter.doFilter(WsFilter.java:53)\norg.apache.catalina.core.ApplicationFilterChain.internalDoFilter(ApplicationFilterChain.java:193)\norg.apache.catalina.core.ApplicationFilterChain.doFilter(ApplicationFilterChain.java:166)\ncom.wan.security.filter.CaptchaFilter.doFilterInternal(CaptchaFilter.java:44)\norg.springframework.web.filter.OncePerRequestFilter.doFilter(OncePerRequestFilter.java:119)\norg.apache.catalina.core.ApplicationFilterChain.internalDoFilter(ApplicationFilterChain.java:193)\norg.apache.catalina.core.ApplicationFilterChain.doFilter(ApplicationFilterChain.java:166)\ncom.alibaba.druid.support.http.WebStatFilter.doFilter(WebStatFilter.java:123)\norg.apache.catalina.core.ApplicationFilterChain.internalDoFilter(ApplicationFilterChain.java:193)\norg.apache.catalina.core.ApplicationFilterChain.doFilter(ApplicationFilterChain.java:166)\norg.springframework.security.web.FilterChainProxy$VirtualFilterChain.doFilter(FilterChainProxy.java:320)\norg.springframework.security.web.access.intercept.FilterSecurityInterceptor.invoke(FilterSecurityInterceptor.java:126)\norg.springframework.security.web.access.intercept.FilterSecurityInterceptor.doFilter(FilterSecurityInterceptor.java:90)\norg.springframework.security.web.FilterChainProxy$VirtualFilterChain.doFilter(FilterChainProxy.java:334)\norg.springframework.security.web.access.ExceptionTranslationFilter.doFilter(ExceptionTranslationFilter.java:118)\norg.springframework.security.web.FilterChainProxy$VirtualFilterChain.doFilter(FilterChainProxy.java:334)\norg.springframework.security.web.session.SessionManagementFilter.doFilter(SessionManagementFilter.java:137)\norg.springframework.security.web.FilterChainProxy$VirtualFilterChain.doFilter(FilterChainProxy.java:334)\norg.springframework.security.web.authentication.AnonymousAuthenticationFilter.doFilter(AnonymousAuthenticationFilter.java:111)\norg.springframework.security.web.FilterChainProxy$VirtualFilterChain.doFilter(FilterChainProxy.java:334)\norg.springframework.security.web.authentication.rememberme.RememberMeAuthenticationFilter.doFilter(RememberMeAuthenticationFilter.java:158)\norg.springframework.security.web.FilterChainProxy$VirtualFilterChain.doFilter(FilterChainProxy.java:334)\norg.springframework.security.web.servletapi.SecurityContextHolderAwareRequestFilter.doFilter(SecurityContextHolderAwareRequestFilter.java:158)\norg.springframework.security.web.FilterChainProxy$VirtualFilterChain.doFilter(FilterChainProxy.java:334)\norg.springframework.security.web.savedrequest.RequestCacheAwareFilter.doFilter(RequestCacheAwareFilter.java:63)\norg.springframework.security.web.FilterChainProxy$VirtualFilterChain.doFilter(FilterChainProxy.java:334)\norg.springframework.security.web.authentication.AbstractAuthenticationProcessingFilter.doFilter(AbstractAuthenticationProcessingFilter.java:200)\norg.springframework.security.web.FilterChainProxy$VirtualFilterChain.doFilter(FilterChainProxy.java:334)\ncom.wan.security.filter.CaptchaFilter.doFilterInternal(CaptchaFilter.java:44)\norg.springframework.web.filter.OncePerRequestFilter.doFilter(OncePerRequestFilter.java:119)\norg.springframework.security.web.FilterChainProxy$VirtualFilterChain.doFilter(FilterChainProxy.java:334)\norg.springframework.security.web.authentication.logout.LogoutFilter.doFilter(LogoutFilter.java:116)\norg.springframework.security.web.FilterChainProxy$VirtualFilterChain.doFilter(FilterChainProxy.java:334)\norg.springframework.security.web.header.HeaderWriterFilter.doHeadersAfter(HeaderWriterFilter.java:92)\norg.springframework.security.web.header.HeaderWriterFilter.doFilterInternal(HeaderWriterFilter.java:77)\norg.springframework.web.filter.OncePerRequestFilter.doFilter(OncePerRequestFilter.java:119)\norg.springframework.security.web.FilterChainProxy$VirtualFilterChain.doFilter(FilterChainProxy.java:334)\norg.springframework.security.web.context.SecurityContextPersistenceFilter.doFilter(SecurityContextPersistenceFilter.java:105)\norg.springframework.security.web.FilterChainProxy$VirtualFilterChain.doFilter(FilterChainProxy.java:334)\norg.springframework.security.web.context.request.async.WebAsyncManagerIntegrationFilter.doFilterInternal(WebAsyncManagerIntegrationFilter.java:56)\norg.springframework.web.filter.OncePerRequestFilter.doFilter(OncePerRequestFilter.java:119)\norg.springframework.security.web.FilterChainProxy$VirtualFilterChain.doFilter(FilterChainProxy.java:334)\norg.springframework.security.web.FilterChainProxy.doFilterInternal(FilterChainProxy.java:215)\norg.springframework.security.web.FilterChainProxy.doFilter(FilterChainProxy.java:178)\norg.springframework.web.filter.DelegatingFilterProxy.invokeDelegate(DelegatingFilterProxy.java:358)\norg.springframework.web.filter.DelegatingFilterProxy.doFilter(DelegatingFilterProxy.java:271)\norg.apache.catalina.core.ApplicationFilterChain.internalDoFilter(ApplicationFilterChain.java:193)\norg.apache.catalina.core.ApplicationFilterChain.doFilter(ApplicationFilterChain.java:166)\norg.springframework.web.filter.RequestContextFilter.doFilterInternal(RequestContextFilter.java:100)\norg.springframework.web.filter.OncePerRequestFilter.doFilter(OncePerRequestFilter.java:119)\norg.apache.catalina.core.ApplicationFilterChain.internalDoFilter(ApplicationFilterChain.java:193)\norg.apache.catalina.core.ApplicationFilterChain.doFilter(ApplicationFilterChain.java:166)\norg.springframework.web.filter.FormContentFilter.doFilterInternal(FormContentFilter.java:93)\norg.springframework.web.filter.OncePerRequestFilter.doFilter(OncePerRequestFilter.java:119)\norg.apache.catalina.core.ApplicationFilterChain.internalDoFilter(ApplicationFilterChain.java:193)\norg.apache.catalina.core.ApplicationFilterChain.doFilter(ApplicationFilterChain.java:166)\norg.springframework.web.filter.CharacterEncodingFilter.doFilterInternal(CharacterEncodingFilter.java:201)\norg.springframework.web.filter.OncePerRequestFilter.doFilter(OncePerRequestFilter.java:119)\norg.apache.catalina.core.ApplicationFilterChain.internalDoFilter(ApplicationFilterChain.java:193)\norg.apache.catalina.core.ApplicationFilterChain.doFilter(ApplicationFilterChain.java:166)\norg.apache.catalina.core.StandardWrapperValve.invoke(StandardWrapperValve.java:202)\norg.apache.catalina.core.StandardContextValve.invoke(StandardContextValve.java:97)\norg.apache.catalina.authenticator.AuthenticatorBase.invoke(AuthenticatorBase.java:542)\norg.apache.catalina.core.StandardHostValve.invoke(StandardHostValve.java:143)\norg.apache.catalina.valves.ErrorReportValve.invoke(ErrorReportValve.java:92)\norg.apache.catalina.core.StandardEngineValve.invoke(StandardEngineValve.java:78)\norg.apache.catalina.connector.CoyoteAdapter.service(CoyoteAdapter.java:343)\norg.apache.coyote.http11.Http11Processor.service(Http11Processor.java:374)\norg.apache.coyote.AbstractProcessorLight.process(AbstractProcessorLight.java:65)\norg.apache.coyote.AbstractProtocol$ConnectionHandler.process(AbstractProtocol.java:868)\norg.apache.tomcat.util.net.NioEndpoint$SocketProcessor.doRun(NioEndpoint.java:1590)\norg.apache.tomcat.util.net.SocketProcessorBase.run(SocketProcessorBase.java:49)\njava.util.concurrent.ThreadPoolExecutor.runWorker(Unknown Source)\njava.util.concurrent.ThreadPoolExecutor$Worker.run(Unknown Source)\norg.apache.tomcat.util.threads.TaskThread$WrappingRunnable.run(TaskThread.java:61)\njava.lang.Thread.run(Unknown Source)\n', '2021-03-18 21:44:34', null), ('18', '298', 'java.lang.NullPointerException:null\n	com.wan.system.service.impl.SysUserNoticeServiceImpl.readUserNotice(SysUserNoticeServiceImpl.java:61)\ncom.wan.system.service.impl.SysUserNoticeServiceImpl$$FastClassBySpringCGLIB$$9069d0f2.invoke(<generated>)\norg.springframework.cglib.proxy.MethodProxy.invoke(MethodProxy.java:218)\norg.springframework.aop.framework.CglibAopProxy$CglibMethodInvocation.invokeJoinpoint(CglibAopProxy.java:771)\norg.springframework.aop.framework.ReflectiveMethodInvocation.proceed(ReflectiveMethodInvocation.java:163)\norg.springframework.aop.framework.CglibAopProxy$CglibMethodInvocation.proceed(CglibAopProxy.java:749)\norg.springframework.transaction.interceptor.TransactionAspectSupport.invokeWithinTransaction(TransactionAspectSupport.java:367)\norg.springframework.transaction.interceptor.TransactionInterceptor.invoke(TransactionInterceptor.java:118)\norg.springframework.aop.framework.ReflectiveMethodInvocation.proceed(ReflectiveMethodInvocation.java:186)\norg.springframework.aop.framework.CglibAopProxy$CglibMethodInvocation.proceed(CglibAopProxy.java:749)\norg.springframework.aop.framework.CglibAopProxy$DynamicAdvisedInterceptor.intercept(CglibAopProxy.java:691)\ncom.wan.system.service.impl.SysUserNoticeServiceImpl$$EnhancerBySpringCGLIB$$c209df5f.readUserNotice(<generated>)\ncom.wan.web.controller.system.SysUserNoticeController.read(SysUserNoticeController.java:86)\ncom.wan.web.controller.system.SysUserNoticeController$$FastClassBySpringCGLIB$$950bffce.invoke(<generated>)\norg.springframework.cglib.proxy.MethodProxy.invoke(MethodProxy.java:218)\norg.springframework.aop.framework.CglibAopProxy$CglibMethodInvocation.invokeJoinpoint(CglibAopProxy.java:771)\norg.springframework.aop.framework.ReflectiveMethodInvocation.proceed(ReflectiveMethodInvocation.java:163)\norg.springframework.aop.framework.CglibAopProxy$CglibMethodInvocation.proceed(CglibAopProxy.java:749)\norg.springframework.aop.aspectj.AspectJAfterThrowingAdvice.invoke(AspectJAfterThrowingAdvice.java:62)\norg.springframework.aop.framework.ReflectiveMethodInvocation.proceed(ReflectiveMethodInvocation.java:175)\norg.springframework.aop.framework.CglibAopProxy$CglibMethodInvocation.proceed(CglibAopProxy.java:749)\norg.springframework.aop.framework.adapter.AfterReturningAdviceInterceptor.invoke(AfterReturningAdviceInterceptor.java:55)\norg.springframework.aop.framework.ReflectiveMethodInvocation.proceed(ReflectiveMethodInvocation.java:175)\norg.springframework.aop.framework.CglibAopProxy$CglibMethodInvocation.proceed(CglibAopProxy.java:749)\norg.springframework.aop.interceptor.ExposeInvocationInterceptor.invoke(ExposeInvocationInterceptor.java:95)\norg.springframework.aop.framework.ReflectiveMethodInvocation.proceed(ReflectiveMethodInvocation.java:186)\norg.springframework.aop.framework.CglibAopProxy$CglibMethodInvocation.proceed(CglibAopProxy.java:749)\norg.springframework.aop.framework.CglibAopProxy$DynamicAdvisedInterceptor.intercept(CglibAopProxy.java:691)\ncom.wan.web.controller.system.SysUserNoticeController$$EnhancerBySpringCGLIB$$1d9afbbc.read(<generated>)\nsun.reflect.NativeMethodAccessorImpl.invoke0(Native Method)\nsun.reflect.NativeMethodAccessorImpl.invoke(Unknown Source)\nsun.reflect.DelegatingMethodAccessorImpl.invoke(Unknown Source)\njava.lang.reflect.Method.invoke(Unknown Source)\norg.springframework.web.method.support.InvocableHandlerMethod.doInvoke(InvocableHandlerMethod.java:190)\norg.springframework.web.method.support.InvocableHandlerMethod.invokeForRequest(InvocableHandlerMethod.java:138)\norg.springframework.web.servlet.mvc.method.annotation.ServletInvocableHandlerMethod.invokeAndHandle(ServletInvocableHandlerMethod.java:105)\norg.springframework.web.servlet.mvc.method.annotation.RequestMappingHandlerAdapter.invokeHandlerMethod(RequestMappingHandlerAdapter.java:878)\norg.springframework.web.servlet.mvc.method.annotation.RequestMappingHandlerAdapter.handleInternal(RequestMappingHandlerAdapter.java:792)\norg.springframework.web.servlet.mvc.method.AbstractHandlerMethodAdapter.handle(AbstractHandlerMethodAdapter.java:87)\norg.springframework.web.servlet.DispatcherServlet.doDispatch(DispatcherServlet.java:1040)\norg.springframework.web.servlet.DispatcherServlet.doService(DispatcherServlet.java:943)\norg.springframework.web.servlet.FrameworkServlet.processRequest(FrameworkServlet.java:1006)\norg.springframework.web.servlet.FrameworkServlet.doPost(FrameworkServlet.java:909)\njavax.servlet.http.HttpServlet.service(HttpServlet.java:652)\norg.springframework.web.servlet.FrameworkServlet.service(FrameworkServlet.java:883)\njavax.servlet.http.HttpServlet.service(HttpServlet.java:733)\norg.apache.catalina.core.ApplicationFilterChain.internalDoFilter(ApplicationFilterChain.java:231)\norg.apache.catalina.core.ApplicationFilterChain.doFilter(ApplicationFilterChain.java:166)\norg.apache.tomcat.websocket.server.WsFilter.doFilter(WsFilter.java:53)\norg.apache.catalina.core.ApplicationFilterChain.internalDoFilter(ApplicationFilterChain.java:193)\norg.apache.catalina.core.ApplicationFilterChain.doFilter(ApplicationFilterChain.java:166)\ncom.wan.security.filter.CaptchaFilter.doFilterInternal(CaptchaFilter.java:44)\norg.springframework.web.filter.OncePerRequestFilter.doFilter(OncePerRequestFilter.java:119)\norg.apache.catalina.core.ApplicationFilterChain.internalDoFilter(ApplicationFilterChain.java:193)\norg.apache.catalina.core.ApplicationFilterChain.doFilter(ApplicationFilterChain.java:166)\ncom.alibaba.druid.support.http.WebStatFilter.doFilter(WebStatFilter.java:123)\norg.apache.catalina.core.ApplicationFilterChain.internalDoFilter(ApplicationFilterChain.java:193)\norg.apache.catalina.core.ApplicationFilterChain.doFilter(ApplicationFilterChain.java:166)\norg.springframework.security.web.FilterChainProxy$VirtualFilterChain.doFilter(FilterChainProxy.java:320)\norg.springframework.security.web.access.intercept.FilterSecurityInterceptor.invoke(FilterSecurityInterceptor.java:126)\norg.springframework.security.web.access.intercept.FilterSecurityInterceptor.doFilter(FilterSecurityInterceptor.java:90)\norg.springframework.security.web.FilterChainProxy$VirtualFilterChain.doFilter(FilterChainProxy.java:334)\norg.springframework.security.web.access.ExceptionTranslationFilter.doFilter(ExceptionTranslationFilter.java:118)\norg.springframework.security.web.FilterChainProxy$VirtualFilterChain.doFilter(FilterChainProxy.java:334)\norg.springframework.security.web.session.SessionManagementFilter.doFilter(SessionManagementFilter.java:137)\norg.springframework.security.web.FilterChainProxy$VirtualFilterChain.doFilter(FilterChainProxy.java:334)\norg.springframework.security.web.authentication.AnonymousAuthenticationFilter.doFilter(AnonymousAuthenticationFilter.java:111)\norg.springframework.security.web.FilterChainProxy$VirtualFilterChain.doFilter(FilterChainProxy.java:334)\norg.springframework.security.web.authentication.rememberme.RememberMeAuthenticationFilter.doFilter(RememberMeAuthenticationFilter.java:158)\norg.springframework.security.web.FilterChainProxy$VirtualFilterChain.doFilter(FilterChainProxy.java:334)\norg.springframework.security.web.servletapi.SecurityContextHolderAwareRequestFilter.doFilter(SecurityContextHolderAwareRequestFilter.java:158)\norg.springframework.security.web.FilterChainProxy$VirtualFilterChain.doFilter(FilterChainProxy.java:334)\norg.springframework.security.web.savedrequest.RequestCacheAwareFilter.doFilter(RequestCacheAwareFilter.java:63)\norg.springframework.security.web.FilterChainProxy$VirtualFilterChain.doFilter(FilterChainProxy.java:334)\norg.springframework.security.web.authentication.AbstractAuthenticationProcessingFilter.doFilter(AbstractAuthenticationProcessingFilter.java:200)\norg.springframework.security.web.FilterChainProxy$VirtualFilterChain.doFilter(FilterChainProxy.java:334)\ncom.wan.security.filter.CaptchaFilter.doFilterInternal(CaptchaFilter.java:44)\norg.springframework.web.filter.OncePerRequestFilter.doFilter(OncePerRequestFilter.java:119)\norg.springframework.security.web.FilterChainProxy$VirtualFilterChain.doFilter(FilterChainProxy.java:334)\norg.springframework.security.web.authentication.logout.LogoutFilter.doFilter(LogoutFilter.java:116)\norg.springframework.security.web.FilterChainProxy$VirtualFilterChain.doFilter(FilterChainProxy.java:334)\norg.springframework.security.web.header.HeaderWriterFilter.doHeadersAfter(HeaderWriterFilter.java:92)\norg.springframework.security.web.header.HeaderWriterFilter.doFilterInternal(HeaderWriterFilter.java:77)\norg.springframework.web.filter.OncePerRequestFilter.doFilter(OncePerRequestFilter.java:119)\norg.springframework.security.web.FilterChainProxy$VirtualFilterChain.doFilter(FilterChainProxy.java:334)\norg.springframework.security.web.context.SecurityContextPersistenceFilter.doFilter(SecurityContextPersistenceFilter.java:105)\norg.springframework.security.web.FilterChainProxy$VirtualFilterChain.doFilter(FilterChainProxy.java:334)\norg.springframework.security.web.context.request.async.WebAsyncManagerIntegrationFilter.doFilterInternal(WebAsyncManagerIntegrationFilter.java:56)\norg.springframework.web.filter.OncePerRequestFilter.doFilter(OncePerRequestFilter.java:119)\norg.springframework.security.web.FilterChainProxy$VirtualFilterChain.doFilter(FilterChainProxy.java:334)\norg.springframework.security.web.FilterChainProxy.doFilterInternal(FilterChainProxy.java:215)\norg.springframework.security.web.FilterChainProxy.doFilter(FilterChainProxy.java:178)\norg.springframework.web.filter.DelegatingFilterProxy.invokeDelegate(DelegatingFilterProxy.java:358)\norg.springframework.web.filter.DelegatingFilterProxy.doFilter(DelegatingFilterProxy.java:271)\norg.apache.catalina.core.ApplicationFilterChain.internalDoFilter(ApplicationFilterChain.java:193)\norg.apache.catalina.core.ApplicationFilterChain.doFilter(ApplicationFilterChain.java:166)\norg.springframework.web.filter.RequestContextFilter.doFilterInternal(RequestContextFilter.java:100)\norg.springframework.web.filter.OncePerRequestFilter.doFilter(OncePerRequestFilter.java:119)\norg.apache.catalina.core.ApplicationFilterChain.internalDoFilter(ApplicationFilterChain.java:193)\norg.apache.catalina.core.ApplicationFilterChain.doFilter(ApplicationFilterChain.java:166)\norg.springframework.web.filter.FormContentFilter.doFilterInternal(FormContentFilter.java:93)\norg.springframework.web.filter.OncePerRequestFilter.doFilter(OncePerRequestFilter.java:119)\norg.apache.catalina.core.ApplicationFilterChain.internalDoFilter(ApplicationFilterChain.java:193)\norg.apache.catalina.core.ApplicationFilterChain.doFilter(ApplicationFilterChain.java:166)\norg.springframework.web.filter.CharacterEncodingFilter.doFilterInternal(CharacterEncodingFilter.java:201)\norg.springframework.web.filter.OncePerRequestFilter.doFilter(OncePerRequestFilter.java:119)\norg.apache.catalina.core.ApplicationFilterChain.internalDoFilter(ApplicationFilterChain.java:193)\norg.apache.catalina.core.ApplicationFilterChain.doFilter(ApplicationFilterChain.java:166)\norg.apache.catalina.core.StandardWrapperValve.invoke(StandardWrapperValve.java:202)\norg.apache.catalina.core.StandardContextValve.invoke(StandardContextValve.java:97)\norg.apache.catalina.authenticator.AuthenticatorBase.invoke(AuthenticatorBase.java:542)\norg.apache.catalina.core.StandardHostValve.invoke(StandardHostValve.java:143)\norg.apache.catalina.valves.ErrorReportValve.invoke(ErrorReportValve.java:92)\norg.apache.catalina.core.StandardEngineValve.invoke(StandardEngineValve.java:78)\norg.apache.catalina.connector.CoyoteAdapter.service(CoyoteAdapter.java:343)\norg.apache.coyote.http11.Http11Processor.service(Http11Processor.java:374)\norg.apache.coyote.AbstractProcessorLight.process(AbstractProcessorLight.java:65)\norg.apache.coyote.AbstractProtocol$ConnectionHandler.process(AbstractProtocol.java:868)\norg.apache.tomcat.util.net.NioEndpoint$SocketProcessor.doRun(NioEndpoint.java:1590)\norg.apache.tomcat.util.net.SocketProcessorBase.run(SocketProcessorBase.java:49)\njava.util.concurrent.ThreadPoolExecutor.runWorker(Unknown Source)\njava.util.concurrent.ThreadPoolExecutor$Worker.run(Unknown Source)\norg.apache.tomcat.util.threads.TaskThread$WrappingRunnable.run(TaskThread.java:61)\njava.lang.Thread.run(Unknown Source)\n', '2021-03-18 21:45:12', null), ('19', '326', 'org.springframework.data.redis.RedisConnectionFailureException:java.net.SocketException: Connection reset by peer: socket write error; nested exception is redis.clients.jedis.exceptions.JedisConnectionException: java.net.SocketException: Connection reset by peer: socket write error\n	org.springframework.data.redis.connection.jedis.JedisExceptionConverter.convert(JedisExceptionConverter.java:65)\norg.springframework.data.redis.connection.jedis.JedisExceptionConverter.convert(JedisExceptionConverter.java:42)\norg.springframework.data.redis.PassThroughExceptionTranslationStrategy.translate(PassThroughExceptionTranslationStrategy.java:44)\norg.springframework.data.redis.FallbackExceptionTranslationStrategy.translate(FallbackExceptionTranslationStrategy.java:42)\norg.springframework.data.redis.connection.jedis.JedisConnection.convertJedisAccessException(JedisConnection.java:135)\norg.springframework.data.redis.connection.jedis.JedisConnection.close(JedisConnection.java:301)\norg.springframework.data.redis.cache.DefaultRedisCacheWriter.execute(DefaultRedisCacheWriter.java:250)\norg.springframework.data.redis.cache.DefaultRedisCacheWriter.clean(DefaultRedisCacheWriter.java:177)\norg.springframework.data.redis.cache.RedisCache.clear(RedisCache.java:193)\norg.springframework.cache.interceptor.AbstractCacheInvoker.doClear(AbstractCacheInvoker.java:122)\norg.springframework.cache.interceptor.CacheAspectSupport.performCacheEvict(CacheAspectSupport.java:505)\norg.springframework.cache.interceptor.CacheAspectSupport.processCacheEvicts(CacheAspectSupport.java:493)\norg.springframework.cache.interceptor.CacheAspectSupport.execute(CacheAspectSupport.java:434)\norg.springframework.cache.interceptor.CacheAspectSupport.execute(CacheAspectSupport.java:346)\norg.springframework.cache.interceptor.CacheInterceptor.invoke(CacheInterceptor.java:61)\norg.springframework.aop.framework.ReflectiveMethodInvocation.proceed(ReflectiveMethodInvocation.java:186)\norg.springframework.aop.framework.CglibAopProxy$CglibMethodInvocation.proceed(CglibAopProxy.java:749)\norg.springframework.aop.framework.CglibAopProxy$DynamicAdvisedInterceptor.intercept(CglibAopProxy.java:691)\ncom.wan.system.service.impl.SysMenuServiceImpl$$EnhancerBySpringCGLIB$$517f43eb.insertMenu(<generated>)\ncom.wan.web.controller.system.SysMenuController.save(SysMenuController.java:84)\ncom.wan.web.controller.system.SysMenuController$$FastClassBySpringCGLIB$$1b6beeea.invoke(<generated>)\norg.springframework.cglib.proxy.MethodProxy.invoke(MethodProxy.java:218)\norg.springframework.aop.framework.CglibAopProxy$CglibMethodInvocation.invokeJoinpoint(CglibAopProxy.java:771)\norg.springframework.aop.framework.ReflectiveMethodInvocation.proceed(ReflectiveMethodInvocation.java:163)\norg.springframework.aop.framework.CglibAopProxy$CglibMethodInvocation.proceed(CglibAopProxy.java:749)\norg.springframework.aop.aspectj.AspectJAfterThrowingAdvice.invoke(AspectJAfterThrowingAdvice.java:62)\norg.springframework.aop.framework.ReflectiveMethodInvocation.proceed(ReflectiveMethodInvocation.java:175)\norg.springframework.aop.framework.CglibAopProxy$CglibMethodInvocation.proceed(CglibAopProxy.java:749)\norg.springframework.aop.framework.adapter.AfterReturningAdviceInterceptor.invoke(AfterReturningAdviceInterceptor.java:55)\norg.springframework.aop.framework.ReflectiveMethodInvocation.proceed(ReflectiveMethodInvocation.java:175)\norg.springframework.aop.framework.CglibAopProxy$CglibMethodInvocation.proceed(CglibAopProxy.java:749)\norg.springframework.security.access.intercept.aopalliance.MethodSecurityInterceptor.invoke(MethodSecurityInterceptor.java:69)\norg.springframework.aop.framework.ReflectiveMethodInvocation.proceed(ReflectiveMethodInvocation.java:186)\norg.springframework.aop.framework.CglibAopProxy$CglibMethodInvocation.proceed(CglibAopProxy.java:749)\norg.springframework.aop.interceptor.ExposeInvocationInterceptor.invoke(ExposeInvocationInterceptor.java:95)\norg.springframework.aop.framework.ReflectiveMethodInvocation.proceed(ReflectiveMethodInvocation.java:186)\norg.springframework.aop.framework.CglibAopProxy$CglibMethodInvocation.proceed(CglibAopProxy.java:749)\norg.springframework.aop.framework.CglibAopProxy$DynamicAdvisedInterceptor.intercept(CglibAopProxy.java:691)\ncom.wan.web.controller.system.SysMenuController$$EnhancerBySpringCGLIB$$758be7c3.save(<generated>)\nsun.reflect.NativeMethodAccessorImpl.invoke0(Native Method)\nsun.reflect.NativeMethodAccessorImpl.invoke(Unknown Source)\nsun.reflect.DelegatingMethodAccessorImpl.invoke(Unknown Source)\njava.lang.reflect.Method.invoke(Unknown Source)\norg.springframework.web.method.support.InvocableHandlerMethod.doInvoke(InvocableHandlerMethod.java:190)\norg.springframework.web.method.support.InvocableHandlerMethod.invokeForRequest(InvocableHandlerMethod.java:138)\norg.springframework.web.servlet.mvc.method.annotation.ServletInvocableHandlerMethod.invokeAndHandle(ServletInvocableHandlerMethod.java:105)\norg.springframework.web.servlet.mvc.method.annotation.RequestMappingHandlerAdapter.invokeHandlerMethod(RequestMappingHandlerAdapter.java:878)\norg.springframework.web.servlet.mvc.method.annotation.RequestMappingHandlerAdapter.handleInternal(RequestMappingHandlerAdapter.java:792)\norg.springframework.web.servlet.mvc.method.AbstractHandlerMethodAdapter.handle(AbstractHandlerMethodAdapter.java:87)\norg.springframework.web.servlet.DispatcherServlet.doDispatch(DispatcherServlet.java:1040)\norg.springframework.web.servlet.DispatcherServlet.doService(DispatcherServlet.java:943)\norg.springframework.web.servlet.FrameworkServlet.processRequest(FrameworkServlet.java:1006)\norg.springframework.web.servlet.FrameworkServlet.doPost(FrameworkServlet.java:909)\njavax.servlet.http.HttpServlet.service(HttpServlet.java:652)\norg.springframework.web.servlet.FrameworkServlet.service(FrameworkServlet.java:883)\njavax.servlet.http.HttpServlet.service(HttpServlet.java:733)\norg.apache.catalina.core.ApplicationFilterChain.internalDoFilter(ApplicationFilterChain.java:231)\norg.apache.catalina.core.ApplicationFilterChain.doFilter(ApplicationFilterChain.java:166)\norg.apache.tomcat.websocket.server.WsFilter.doFilter(WsFilter.java:53)\norg.apache.catalina.core.ApplicationFilterChain.internalDoFilter(ApplicationFilterChain.java:193)\norg.apache.catalina.core.ApplicationFilterChain.doFilter(ApplicationFilterChain.java:166)\ncom.wan.security.filter.CaptchaFilter.doFilterInternal(CaptchaFilter.java:44)\norg.springframework.web.filter.OncePerRequestFilter.doFilter(OncePerRequestFilter.java:119)\norg.apache.catalina.core.ApplicationFilterChain.internalDoFilter(ApplicationFilterChain.java:193)\norg.apache.catalina.core.ApplicationFilterChain.doFilter(ApplicationFilterChain.java:166)\ncom.alibaba.druid.support.http.WebStatFilter.doFilter(WebStatFilter.java:123)\norg.apache.catalina.core.ApplicationFilterChain.internalDoFilter(ApplicationFilterChain.java:193)\norg.apache.catalina.core.ApplicationFilterChain.doFilter(ApplicationFilterChain.java:166)\norg.springframework.security.web.FilterChainProxy$VirtualFilterChain.doFilter(FilterChainProxy.java:320)\norg.springframework.security.web.access.intercept.FilterSecurityInterceptor.invoke(FilterSecurityInterceptor.java:126)\norg.springframework.security.web.access.intercept.FilterSecurityInterceptor.doFilter(FilterSecurityInterceptor.java:90)\norg.springframework.security.web.FilterChainProxy$VirtualFilterChain.doFilter(FilterChainProxy.java:334)\norg.springframework.security.web.access.ExceptionTranslationFilter.doFilter(ExceptionTranslationFilter.java:118)\norg.springframework.security.web.FilterChainProxy$VirtualFilterChain.doFilter(FilterChainProxy.java:334)\norg.springframework.security.web.session.SessionManagementFilter.doFilter(SessionManagementFilter.java:137)\norg.springframework.security.web.FilterChainProxy$VirtualFilterChain.doFilter(FilterChainProxy.java:334)\norg.springframework.security.web.authentication.AnonymousAuthenticationFilter.doFilter(AnonymousAuthenticationFilter.java:111)\norg.springframework.security.web.FilterChainProxy$VirtualFilterChain.doFilter(FilterChainProxy.java:334)\norg.springframework.security.web.authentication.rememberme.RememberMeAuthenticationFilter.doFilter(RememberMeAuthenticationFilter.java:158)\norg.springframework.security.web.FilterChainProxy$VirtualFilterChain.doFilter(FilterChainProxy.java:334)\norg.springframework.security.web.servletapi.SecurityContextHolderAwareRequestFilter.doFilter(SecurityContextHolderAwareRequestFilter.java:158)\norg.springframework.security.web.FilterChainProxy$VirtualFilterChain.doFilter(FilterChainProxy.java:334)\norg.springframework.security.web.savedrequest.RequestCacheAwareFilter.doFilter(RequestCacheAwareFilter.java:63)\norg.springframework.security.web.FilterChainProxy$VirtualFilterChain.doFilter(FilterChainProxy.java:334)\norg.springframework.security.web.authentication.AbstractAuthenticationProcessingFilter.doFilter(AbstractAuthenticationProcessingFilter.java:200)\norg.springframework.security.web.FilterChainProxy$VirtualFilterChain.doFilter(FilterChainProxy.java:334)\ncom.wan.security.filter.CaptchaFilter.doFilterInternal(CaptchaFilter.java:44)\norg.springframework.web.filter.OncePerRequestFilter.doFilter(OncePerRequestFilter.java:119)\norg.springframework.security.web.FilterChainProxy$VirtualFilterChain.doFilter(FilterChainProxy.java:334)\norg.springframework.security.web.authentication.logout.LogoutFilter.doFilter(LogoutFilter.java:116)\norg.springframework.security.web.FilterChainProxy$VirtualFilterChain.doFilter(FilterChainProxy.java:334)\norg.springframework.security.web.header.HeaderWriterFilter.doHeadersAfter(HeaderWriterFilter.java:92)\norg.springframework.security.web.header.HeaderWriterFilter.doFilterInternal(HeaderWriterFilter.java:77)\norg.springframework.web.filter.OncePerRequestFilter.doFilter(OncePerRequestFilter.java:119)\norg.springframework.security.web.FilterChainProxy$VirtualFilterChain.doFilter(FilterChainProxy.java:334)\norg.springframework.security.web.context.SecurityContextPersistenceFilter.doFilter(SecurityContextPersistenceFilter.java:105)\norg.springframework.security.web.FilterChainProxy$VirtualFilterChain.doFilter(FilterChainProxy.java:334)\norg.springframework.security.web.context.request.async.WebAsyncManagerIntegrationFilter.doFilterInternal(WebAsyncManagerIntegrationFilter.java:56)\norg.springframework.web.filter.OncePerRequestFilter.doFilter(OncePerRequestFilter.java:119)\norg.springframework.security.web.FilterChainProxy$VirtualFilterChain.doFilter(FilterChainProxy.java:334)\norg.springframework.security.web.FilterChainProxy.doFilterInternal(FilterChainProxy.java:215)\norg.springframework.security.web.FilterChainProxy.doFilter(FilterChainProxy.java:178)\norg.springframework.web.filter.DelegatingFilterProxy.invokeDelegate(DelegatingFilterProxy.java:358)\norg.springframework.web.filter.DelegatingFilterProxy.doFilter(DelegatingFilterProxy.java:271)\norg.apache.catalina.core.ApplicationFilterChain.internalDoFilter(ApplicationFilterChain.java:193)\norg.apache.catalina.core.ApplicationFilterChain.doFilter(ApplicationFilterChain.java:166)\norg.springframework.web.filter.RequestContextFilter.doFilterInternal(RequestContextFilter.java:100)\norg.springframework.web.filter.OncePerRequestFilter.doFilter(OncePerRequestFilter.java:119)\norg.apache.catalina.core.ApplicationFilterChain.internalDoFilter(ApplicationFilterChain.java:193)\norg.apache.catalina.core.ApplicationFilterChain.doFilter(ApplicationFilterChain.java:166)\norg.springframework.web.filter.FormContentFilter.doFilterInternal(FormContentFilter.java:93)\norg.springframework.web.filter.OncePerRequestFilter.doFilter(OncePerRequestFilter.java:119)\norg.apache.catalina.core.ApplicationFilterChain.internalDoFilter(ApplicationFilterChain.java:193)\norg.apache.catalina.core.ApplicationFilterChain.doFilter(ApplicationFilterChain.java:166)\norg.springframework.web.filter.CharacterEncodingFilter.doFilterInternal(CharacterEncodingFilter.java:201)\norg.springframework.web.filter.OncePerRequestFilter.doFilter(OncePerRequestFilter.java:119)\norg.apache.catalina.core.ApplicationFilterChain.internalDoFilter(ApplicationFilterChain.java:193)\norg.apache.catalina.core.ApplicationFilterChain.doFilter(ApplicationFilterChain.java:166)\norg.apache.catalina.core.StandardWrapperValve.invoke(StandardWrapperValve.java:202)\norg.apache.catalina.core.StandardContextValve.invoke(StandardContextValve.java:97)\norg.apache.catalina.authenticator.AuthenticatorBase.invoke(AuthenticatorBase.java:542)\norg.apache.catalina.core.StandardHostValve.invoke(StandardHostValve.java:143)\norg.apache.catalina.valves.ErrorReportValve.invoke(ErrorReportValve.java:92)\norg.apache.catalina.core.StandardEngineValve.invoke(StandardEngineValve.java:78)\norg.apache.catalina.connector.CoyoteAdapter.service(CoyoteAdapter.java:343)\norg.apache.coyote.http11.Http11Processor.service(Http11Processor.java:374)\norg.apache.coyote.AbstractProcessorLight.process(AbstractProcessorLight.java:65)\norg.apache.coyote.AbstractProtocol$ConnectionHandler.process(AbstractProtocol.java:868)\norg.apache.tomcat.util.net.NioEndpoint$SocketProcessor.doRun(NioEndpoint.java:1590)\norg.apache.tomcat.util.net.SocketProcessorBase.run(SocketProcessorBase.java:49)\njava.util.concurrent.ThreadPoolExecutor.runWorker(Unknown Source)\njava.util.concurrent.ThreadPoolExecutor$Worker.run(Unknown Source)\norg.apache.tomcat.util.threads.TaskThread$WrappingRunnable.run(TaskThread.java:61)\njava.lang.Thread.run(Unknown Source)\n', '2021-03-20 21:41:06', null), ('20', '365', 'org.springframework.jdbc.BadSqlGrammarException:\r\n### Error updating database.  Cause: java.sql.SQLSyntaxErrorException: You have an error in your SQL syntax; check the manual that corresponds to your MySQL server version for the right syntax to use near \'key, \n			 value, \n			 status, \n			 seq, \n			gmt_create\n		) values (\n			 \'1\', \n		\' at line 3\r\n### The error may exist in file [E:\\wan-admin\\wan-admin\\wan-system\\target\\classes\\mapper\\SysDictDataMapper.xml]\r\n### The error may involve com.wan.system.mapper.SysDictDataMapper.insertDictData-Inline\r\n### The error occurred while setting parameters\r\n### SQL: insert into sys_dict_data(     dict_id,      key,      value,      status,      seq,     gmt_create   ) values (     ?,      ?,      ?,      ?,      ?,     now()   )\r\n### Cause: java.sql.SQLSyntaxErrorException: You have an error in your SQL syntax; check the manual that corresponds to your MySQL server version for the right syntax to use near \'key, \n			 value, \n			 status, \n			 seq, \n			gmt_create\n		) values (\n			 \'1\', \n		\' at line 3\n; bad SQL grammar []; nested exception is java.sql.SQLSyntaxErrorException: You have an error in your SQL syntax; check the manual that corresponds to your MySQL server version for the right syntax to use near \'key, \n			 value, \n			 status, \n			 seq, \n			gmt_create\n		) values (\n			 \'1\', \n		\' at line 3\n	org.springframework.jdbc.support.SQLErrorCodeSQLExceptionTranslator.doTranslate(SQLErrorCodeSQLExceptionTranslator.java:239)\norg.springframework.jdbc.support.AbstractFallbackSQLExceptionTranslator.translate(AbstractFallbackSQLExceptionTranslator.java:72)\norg.mybatis.spring.MyBatisExceptionTranslator.translateExceptionIfPossible(MyBatisExceptionTranslator.java:88)\norg.mybatis.spring.SqlSessionTemplate$SqlSessionInterceptor.invoke(SqlSessionTemplate.java:440)\ncom.sun.proxy.$Proxy79.insert(Unknown Source)\norg.mybatis.spring.SqlSessionTemplate.insert(SqlSessionTemplate.java:271)\norg.apache.ibatis.binding.MapperMethod.execute(MapperMethod.java:62)\norg.apache.ibatis.binding.MapperProxy$PlainMethodInvoker.invoke(MapperProxy.java:152)\norg.apache.ibatis.binding.MapperProxy.invoke(MapperProxy.java:85)\ncom.sun.proxy.$Proxy89.insertDictData(Unknown Source)\ncom.wan.system.service.impl.SysDictDataServiceImpl.insertDictData(SysDictDataServiceImpl.java:30)\ncom.wan.web.controller.system.SysDictDataController.save(SysDictDataController.java:89)\ncom.wan.web.controller.system.SysDictDataController$$FastClassBySpringCGLIB$$8ea0e94b.invoke(<generated>)\norg.springframework.cglib.proxy.MethodProxy.invoke(MethodProxy.java:218)\norg.springframework.aop.framework.CglibAopProxy$CglibMethodInvocation.invokeJoinpoint(CglibAopProxy.java:771)\norg.springframework.aop.framework.ReflectiveMethodInvocation.proceed(ReflectiveMethodInvocation.java:163)\norg.springframework.aop.framework.CglibAopProxy$CglibMethodInvocation.proceed(CglibAopProxy.java:749)\norg.springframework.aop.aspectj.AspectJAfterThrowingAdvice.invoke(AspectJAfterThrowingAdvice.java:62)\norg.springframework.aop.framework.ReflectiveMethodInvocation.proceed(ReflectiveMethodInvocation.java:175)\norg.springframework.aop.framework.CglibAopProxy$CglibMethodInvocation.proceed(CglibAopProxy.java:749)\norg.springframework.aop.framework.adapter.AfterReturningAdviceInterceptor.invoke(AfterReturningAdviceInterceptor.java:55)\norg.springframework.aop.framework.ReflectiveMethodInvocation.proceed(ReflectiveMethodInvocation.java:175)\norg.springframework.aop.framework.CglibAopProxy$CglibMethodInvocation.proceed(CglibAopProxy.java:749)\norg.springframework.security.access.intercept.aopalliance.MethodSecurityInterceptor.invoke(MethodSecurityInterceptor.java:69)\norg.springframework.aop.framework.ReflectiveMethodInvocation.proceed(ReflectiveMethodInvocation.java:186)\norg.springframework.aop.framework.CglibAopProxy$CglibMethodInvocation.proceed(CglibAopProxy.java:749)\norg.springframework.aop.interceptor.ExposeInvocationInterceptor.invoke(ExposeInvocationInterceptor.java:95)\norg.springframework.aop.framework.ReflectiveMethodInvocation.proceed(ReflectiveMethodInvocation.java:186)\norg.springframework.aop.framework.CglibAopProxy$CglibMethodInvocation.proceed(CglibAopProxy.java:749)\norg.springframework.aop.framework.CglibAopProxy$DynamicAdvisedInterceptor.intercept(CglibAopProxy.java:691)\ncom.wan.web.controller.system.SysDictDataController$$EnhancerBySpringCGLIB$$5d71a193.save(<generated>)\nsun.reflect.NativeMethodAccessorImpl.invoke0(Native Method)\nsun.reflect.NativeMethodAccessorImpl.invoke(Unknown Source)\nsun.reflect.DelegatingMethodAccessorImpl.invoke(Unknown Source)\njava.lang.reflect.Method.invoke(Unknown Source)\norg.springframework.web.method.support.InvocableHandlerMethod.doInvoke(InvocableHandlerMethod.java:190)\norg.springframework.web.method.support.InvocableHandlerMethod.invokeForRequest(InvocableHandlerMethod.java:138)\norg.springframework.web.servlet.mvc.method.annotation.ServletInvocableHandlerMethod.invokeAndHandle(ServletInvocableHandlerMethod.java:105)\norg.springframework.web.servlet.mvc.method.annotation.RequestMappingHandlerAdapter.invokeHandlerMethod(RequestMappingHandlerAdapter.java:878)\norg.springframework.web.servlet.mvc.method.annotation.RequestMappingHandlerAdapter.handleInternal(RequestMappingHandlerAdapter.java:792)\norg.springframework.web.servlet.mvc.method.AbstractHandlerMethodAdapter.handle(AbstractHandlerMethodAdapter.java:87)\norg.springframework.web.servlet.DispatcherServlet.doDispatch(DispatcherServlet.java:1040)\norg.springframework.web.servlet.DispatcherServlet.doService(DispatcherServlet.java:943)\norg.springframework.web.servlet.FrameworkServlet.processRequest(FrameworkServlet.java:1006)\norg.springframework.web.servlet.FrameworkServlet.doPost(FrameworkServlet.java:909)\njavax.servlet.http.HttpServlet.service(HttpServlet.java:652)\norg.springframework.web.servlet.FrameworkServlet.service(FrameworkServlet.java:883)\njavax.servlet.http.HttpServlet.service(HttpServlet.java:733)\norg.apache.catalina.core.ApplicationFilterChain.internalDoFilter(ApplicationFilterChain.java:231)\norg.apache.catalina.core.ApplicationFilterChain.doFilter(ApplicationFilterChain.java:166)\norg.apache.tomcat.websocket.server.WsFilter.doFilter(WsFilter.java:53)\norg.apache.catalina.core.ApplicationFilterChain.internalDoFilter(ApplicationFilterChain.java:193)\norg.apache.catalina.core.ApplicationFilterChain.doFilter(ApplicationFilterChain.java:166)\ncom.wan.security.filter.CaptchaFilter.doFilterInternal(CaptchaFilter.java:44)\norg.springframework.web.filter.OncePerRequestFilter.doFilter(OncePerRequestFilter.java:119)\norg.apache.catalina.core.ApplicationFilterChain.internalDoFilter(ApplicationFilterChain.java:193)\norg.apache.catalina.core.ApplicationFilterChain.doFilter(ApplicationFilterChain.java:166)\ncom.alibaba.druid.support.http.WebStatFilter.doFilter(WebStatFilter.java:123)\norg.apache.catalina.core.ApplicationFilterChain.internalDoFilter(ApplicationFilterChain.java:193)\norg.apache.catalina.core.ApplicationFilterChain.doFilter(ApplicationFilterChain.java:166)\norg.springframework.security.web.FilterChainProxy$VirtualFilterChain.doFilter(FilterChainProxy.java:320)\norg.springframework.security.web.access.intercept.FilterSecurityInterceptor.invoke(FilterSecurityInterceptor.java:126)\norg.springframework.security.web.access.intercept.FilterSecurityInterceptor.doFilter(FilterSecurityInterceptor.java:90)\norg.springframework.security.web.FilterChainProxy$VirtualFilterChain.doFilter(FilterChainProxy.java:334)\norg.springframework.security.web.access.ExceptionTranslationFilter.doFilter(ExceptionTranslationFilter.java:118)\norg.springframework.security.web.FilterChainProxy$VirtualFilterChain.doFilter(FilterChainProxy.java:334)\norg.springframework.security.web.session.SessionManagementFilter.doFilter(SessionManagementFilter.java:137)\norg.springframework.security.web.FilterChainProxy$VirtualFilterChain.doFilter(FilterChainProxy.java:334)\norg.springframework.security.web.authentication.AnonymousAuthenticationFilter.doFilter(AnonymousAuthenticationFilter.java:111)\norg.springframework.security.web.FilterChainProxy$VirtualFilterChain.doFilter(FilterChainProxy.java:334)\norg.springframework.security.web.authentication.rememberme.RememberMeAuthenticationFilter.doFilter(RememberMeAuthenticationFilter.java:158)\norg.springframework.security.web.FilterChainProxy$VirtualFilterChain.doFilter(FilterChainProxy.java:334)\norg.springframework.security.web.servletapi.SecurityContextHolderAwareRequestFilter.doFilter(SecurityContextHolderAwareRequestFilter.java:158)\norg.springframework.security.web.FilterChainProxy$VirtualFilterChain.doFilter(FilterChainProxy.java:334)\norg.springframework.security.web.savedrequest.RequestCacheAwareFilter.doFilter(RequestCacheAwareFilter.java:63)\norg.springframework.security.web.FilterChainProxy$VirtualFilterChain.doFilter(FilterChainProxy.java:334)\norg.springframework.security.web.authentication.AbstractAuthenticationProcessingFilter.doFilter(AbstractAuthenticationProcessingFilter.java:200)\norg.springframework.security.web.FilterChainProxy$VirtualFilterChain.doFilter(FilterChainProxy.java:334)\ncom.wan.security.filter.CaptchaFilter.doFilterInternal(CaptchaFilter.java:44)\norg.springframework.web.filter.OncePerRequestFilter.doFilter(OncePerRequestFilter.java:119)\norg.springframework.security.web.FilterChainProxy$VirtualFilterChain.doFilter(FilterChainProxy.java:334)\norg.springframework.security.web.authentication.logout.LogoutFilter.doFilter(LogoutFilter.java:116)\norg.springframework.security.web.FilterChainProxy$VirtualFilterChain.doFilter(FilterChainProxy.java:334)\norg.springframework.security.web.header.HeaderWriterFilter.doHeadersAfter(HeaderWriterFilter.java:92)\norg.springframework.security.web.header.HeaderWriterFilter.doFilterInternal(HeaderWriterFilter.java:77)\norg.springframework.web.filter.OncePerRequestFilter.doFilter(OncePerRequestFilter.java:119)\norg.springframework.security.web.FilterChainProxy$VirtualFilterChain.doFilter(FilterChainProxy.java:334)\norg.springframework.security.web.context.SecurityContextPersistenceFilter.doFilter(SecurityContextPersistenceFilter.java:105)\norg.springframework.security.web.FilterChainProxy$VirtualFilterChain.doFilter(FilterChainProxy.java:334)\norg.springframework.security.web.context.request.async.WebAsyncManagerIntegrationFilter.doFilterInternal(WebAsyncManagerIntegrationFilter.java:56)\norg.springframework.web.filter.OncePerRequestFilter.doFilter(OncePerRequestFilter.java:119)\norg.springframework.security.web.FilterChainProxy$VirtualFilterChain.doFilter(FilterChainProxy.java:334)\norg.springframework.security.web.FilterChainProxy.doFilterInternal(FilterChainProxy.java:215)\norg.springframework.security.web.FilterChainProxy.doFilter(FilterChainProxy.java:178)\norg.springframework.web.filter.DelegatingFilterProxy.invokeDelegate(DelegatingFilterProxy.java:358)\norg.springframework.web.filter.DelegatingFilterProxy.doFilter(DelegatingFilterProxy.java:271)\norg.apache.catalina.core.ApplicationFilterChain.internalDoFilter(ApplicationFilterChain.java:193)\norg.apache.catalina.core.ApplicationFilterChain.doFilter(ApplicationFilterChain.java:166)\norg.springframework.web.filter.RequestContextFilter.doFilterInternal(RequestContextFilter.java:100)\norg.springframework.web.filter.OncePerRequestFilter.doFilter(OncePerRequestFilter.java:119)\norg.apache.catalina.core.ApplicationFilterChain.internalDoFilter(ApplicationFilterChain.java:193)\norg.apache.catalina.core.ApplicationFilterChain.doFilter(ApplicationFilterChain.java:166)\norg.springframework.web.filter.FormContentFilter.doFilterInternal(FormContentFilter.java:93)\norg.springframework.web.filter.OncePerRequestFilter.doFilter(OncePerRequestFilter.java:119)\norg.apache.catalina.core.ApplicationFilterChain.internalDoFilter(ApplicationFilterChain.java:193)\norg.apache.catalina.core.ApplicationFilterChain.doFilter(ApplicationFilterChain.java:166)\norg.springframework.web.filter.CharacterEncodingFilter.doFilterInternal(CharacterEncodingFilter.java:201)\norg.springframework.web.filter.OncePerRequestFilter.doFilter(OncePerRequestFilter.java:119)\norg.apache.catalina.core.ApplicationFilterChain.internalDoFilter(ApplicationFilterChain.java:193)\norg.apache.catalina.core.ApplicationFilterChain.doFilter(ApplicationFilterChain.java:166)\norg.apache.catalina.core.StandardWrapperValve.invoke(StandardWrapperValve.java:202)\norg.apache.catalina.core.StandardContextValve.invoke(StandardContextValve.java:97)\norg.apache.catalina.authenticator.AuthenticatorBase.invoke(AuthenticatorBase.java:542)\norg.apache.catalina.core.StandardHostValve.invoke(StandardHostValve.java:143)\norg.apache.catalina.valves.ErrorReportValve.invoke(ErrorReportValve.java:92)\norg.apache.catalina.core.StandardEngineValve.invoke(StandardEngineValve.java:78)\norg.apache.catalina.connector.CoyoteAdapter.service(CoyoteAdapter.java:343)\norg.apache.coyote.http11.Http11Processor.service(Http11Processor.java:374)\norg.apache.coyote.AbstractProcessorLight.process(AbstractProcessorLight.java:65)\norg.apache.coyote.AbstractProtocol$ConnectionHandler.process(AbstractProtocol.java:868)\norg.apache.tomcat.util.net.NioEndpoint$SocketProcessor.doRun(NioEndpoint.java:1590)\norg.apache.tomcat.util.net.SocketProcessorBase.run(SocketProcessorBase.java:49)\njava.util.concurrent.ThreadPoolExecutor.runWorker(Unknown Source)\njava.util.concurrent.ThreadPoolExecutor$Worker.run(Unknown Source)\norg.apache.tomcat.util.threads.TaskThread$WrappingRunnable.run(TaskThread.java:61)\njava.lang.Thread.run(Unknown Source)\n', '2021-03-23 21:29:02', null), ('21', '692', 'org.springframework.data.redis.RedisConnectionFailureException:java.net.SocketException: Connection reset by peer: socket write error; nested exception is redis.clients.jedis.exceptions.JedisConnectionException: java.net.SocketException: Connection reset by peer: socket write error\n	org.springframework.data.redis.connection.jedis.JedisExceptionConverter.convert(JedisExceptionConverter.java:65)\norg.springframework.data.redis.connection.jedis.JedisExceptionConverter.convert(JedisExceptionConverter.java:42)\norg.springframework.data.redis.PassThroughExceptionTranslationStrategy.translate(PassThroughExceptionTranslationStrategy.java:44)\norg.springframework.data.redis.FallbackExceptionTranslationStrategy.translate(FallbackExceptionTranslationStrategy.java:42)\norg.springframework.data.redis.connection.jedis.JedisConnection.convertJedisAccessException(JedisConnection.java:135)\norg.springframework.data.redis.connection.jedis.JedisConnection.close(JedisConnection.java:301)\norg.springframework.data.redis.cache.DefaultRedisCacheWriter.execute(DefaultRedisCacheWriter.java:250)\norg.springframework.data.redis.cache.DefaultRedisCacheWriter.clean(DefaultRedisCacheWriter.java:177)\norg.springframework.data.redis.cache.RedisCache.clear(RedisCache.java:193)\norg.springframework.cache.interceptor.AbstractCacheInvoker.doClear(AbstractCacheInvoker.java:122)\norg.springframework.cache.interceptor.CacheAspectSupport.performCacheEvict(CacheAspectSupport.java:505)\norg.springframework.cache.interceptor.CacheAspectSupport.processCacheEvicts(CacheAspectSupport.java:493)\norg.springframework.cache.interceptor.CacheAspectSupport.execute(CacheAspectSupport.java:434)\norg.springframework.cache.interceptor.CacheAspectSupport.execute(CacheAspectSupport.java:346)\norg.springframework.cache.interceptor.CacheInterceptor.invoke(CacheInterceptor.java:61)\norg.springframework.aop.framework.ReflectiveMethodInvocation.proceed(ReflectiveMethodInvocation.java:186)\norg.springframework.aop.framework.CglibAopProxy$CglibMethodInvocation.proceed(CglibAopProxy.java:749)\norg.springframework.aop.framework.CglibAopProxy$DynamicAdvisedInterceptor.intercept(CglibAopProxy.java:691)\ncom.wan.system.service.impl.SysMenuServiceImpl$$EnhancerBySpringCGLIB$$a2e92793.insertMenu(<generated>)\ncom.wan.web.controller.system.SysMenuController.save(SysMenuController.java:84)\ncom.wan.web.controller.system.SysMenuController$$FastClassBySpringCGLIB$$1b6beeea.invoke(<generated>)\norg.springframework.cglib.proxy.MethodProxy.invoke(MethodProxy.java:218)\norg.springframework.aop.framework.CglibAopProxy$CglibMethodInvocation.invokeJoinpoint(CglibAopProxy.java:771)\norg.springframework.aop.framework.ReflectiveMethodInvocation.proceed(ReflectiveMethodInvocation.java:163)\norg.springframework.aop.framework.CglibAopProxy$CglibMethodInvocation.proceed(CglibAopProxy.java:749)\norg.springframework.aop.aspectj.AspectJAfterThrowingAdvice.invoke(AspectJAfterThrowingAdvice.java:62)\norg.springframework.aop.framework.ReflectiveMethodInvocation.proceed(ReflectiveMethodInvocation.java:175)\norg.springframework.aop.framework.CglibAopProxy$CglibMethodInvocation.proceed(CglibAopProxy.java:749)\norg.springframework.aop.framework.adapter.AfterReturningAdviceInterceptor.invoke(AfterReturningAdviceInterceptor.java:55)\norg.springframework.aop.framework.ReflectiveMethodInvocation.proceed(ReflectiveMethodInvocation.java:175)\norg.springframework.aop.framework.CglibAopProxy$CglibMethodInvocation.proceed(CglibAopProxy.java:749)\norg.springframework.security.access.intercept.aopalliance.MethodSecurityInterceptor.invoke(MethodSecurityInterceptor.java:69)\norg.springframework.aop.framework.ReflectiveMethodInvocation.proceed(ReflectiveMethodInvocation.java:186)\norg.springframework.aop.framework.CglibAopProxy$CglibMethodInvocation.proceed(CglibAopProxy.java:749)\norg.springframework.aop.interceptor.ExposeInvocationInterceptor.invoke(ExposeInvocationInterceptor.java:95)\norg.springframework.aop.framework.ReflectiveMethodInvocation.proceed(ReflectiveMethodInvocation.java:186)\norg.springframework.aop.framework.CglibAopProxy$CglibMethodInvocation.proceed(CglibAopProxy.java:749)\norg.springframework.aop.framework.CglibAopProxy$DynamicAdvisedInterceptor.intercept(CglibAopProxy.java:691)\ncom.wan.web.controller.system.SysMenuController$$EnhancerBySpringCGLIB$$627ea621.save(<generated>)\nsun.reflect.NativeMethodAccessorImpl.invoke0(Native Method)\nsun.reflect.NativeMethodAccessorImpl.invoke(Unknown Source)\nsun.reflect.DelegatingMethodAccessorImpl.invoke(Unknown Source)\njava.lang.reflect.Method.invoke(Unknown Source)\norg.springframework.web.method.support.InvocableHandlerMethod.doInvoke(InvocableHandlerMethod.java:190)\norg.springframework.web.method.support.InvocableHandlerMethod.invokeForRequest(InvocableHandlerMethod.java:138)\norg.springframework.web.servlet.mvc.method.annotation.ServletInvocableHandlerMethod.invokeAndHandle(ServletInvocableHandlerMethod.java:105)\norg.springframework.web.servlet.mvc.method.annotation.RequestMappingHandlerAdapter.invokeHandlerMethod(RequestMappingHandlerAdapter.java:878)\norg.springframework.web.servlet.mvc.method.annotation.RequestMappingHandlerAdapter.handleInternal(RequestMappingHandlerAdapter.java:792)\norg.springframework.web.servlet.mvc.method.AbstractHandlerMethodAdapter.handle(AbstractHandlerMethodAdapter.java:87)\norg.springframework.web.servlet.DispatcherServlet.doDispatch(DispatcherServlet.java:1040)\norg.springframework.web.servlet.DispatcherServlet.doService(DispatcherServlet.java:943)\norg.springframework.web.servlet.FrameworkServlet.processRequest(FrameworkServlet.java:1006)\norg.springframework.web.servlet.FrameworkServlet.doPost(FrameworkServlet.java:909)\njavax.servlet.http.HttpServlet.service(HttpServlet.java:652)\norg.springframework.web.servlet.FrameworkServlet.service(FrameworkServlet.java:883)\njavax.servlet.http.HttpServlet.service(HttpServlet.java:733)\norg.apache.catalina.core.ApplicationFilterChain.internalDoFilter(ApplicationFilterChain.java:231)\norg.apache.catalina.core.ApplicationFilterChain.doFilter(ApplicationFilterChain.java:166)\norg.apache.tomcat.websocket.server.WsFilter.doFilter(WsFilter.java:53)\norg.apache.catalina.core.ApplicationFilterChain.internalDoFilter(ApplicationFilterChain.java:193)\norg.apache.catalina.core.ApplicationFilterChain.doFilter(ApplicationFilterChain.java:166)\norg.springframework.web.filter.OncePerRequestFilter.doFilter(OncePerRequestFilter.java:113)\norg.apache.catalina.core.ApplicationFilterChain.internalDoFilter(ApplicationFilterChain.java:193)\norg.apache.catalina.core.ApplicationFilterChain.doFilter(ApplicationFilterChain.java:166)\ncom.alibaba.druid.support.http.WebStatFilter.doFilter(WebStatFilter.java:123)\norg.apache.catalina.core.ApplicationFilterChain.internalDoFilter(ApplicationFilterChain.java:193)\norg.apache.catalina.core.ApplicationFilterChain.doFilter(ApplicationFilterChain.java:166)\norg.springframework.security.web.FilterChainProxy$VirtualFilterChain.doFilter(FilterChainProxy.java:320)\norg.springframework.security.web.access.intercept.FilterSecurityInterceptor.invoke(FilterSecurityInterceptor.java:126)\norg.springframework.security.web.access.intercept.FilterSecurityInterceptor.doFilter(FilterSecurityInterceptor.java:90)\norg.springframework.security.web.FilterChainProxy$VirtualFilterChain.doFilter(FilterChainProxy.java:334)\norg.springframework.security.web.access.ExceptionTranslationFilter.doFilter(ExceptionTranslationFilter.java:118)\norg.springframework.security.web.FilterChainProxy$VirtualFilterChain.doFilter(FilterChainProxy.java:334)\norg.springframework.security.web.session.SessionManagementFilter.doFilter(SessionManagementFilter.java:137)\norg.springframework.security.web.FilterChainProxy$VirtualFilterChain.doFilter(FilterChainProxy.java:334)\norg.springframework.security.web.authentication.AnonymousAuthenticationFilter.doFilter(AnonymousAuthenticationFilter.java:111)\norg.springframework.security.web.FilterChainProxy$VirtualFilterChain.doFilter(FilterChainProxy.java:334)\norg.springframework.security.web.servletapi.SecurityContextHolderAwareRequestFilter.doFilter(SecurityContextHolderAwareRequestFilter.java:158)\norg.springframework.security.web.FilterChainProxy$VirtualFilterChain.doFilter(FilterChainProxy.java:334)\norg.springframework.security.web.savedrequest.RequestCacheAwareFilter.doFilter(RequestCacheAwareFilter.java:63)\norg.springframework.security.web.FilterChainProxy$VirtualFilterChain.doFilter(FilterChainProxy.java:334)\norg.springframework.security.web.session.ConcurrentSessionFilter.doFilter(ConcurrentSessionFilter.java:152)\norg.springframework.security.web.FilterChainProxy$VirtualFilterChain.doFilter(FilterChainProxy.java:334)\norg.springframework.security.web.authentication.AbstractAuthenticationProcessingFilter.doFilter(AbstractAuthenticationProcessingFilter.java:200)\norg.springframework.security.web.FilterChainProxy$VirtualFilterChain.doFilter(FilterChainProxy.java:334)\ncom.wan.security.filter.CaptchaFilter.doFilterInternal(CaptchaFilter.java:44)\norg.springframework.web.filter.OncePerRequestFilter.doFilter(OncePerRequestFilter.java:119)\norg.springframework.security.web.FilterChainProxy$VirtualFilterChain.doFilter(FilterChainProxy.java:334)\norg.springframework.security.web.authentication.logout.LogoutFilter.doFilter(LogoutFilter.java:116)\norg.springframework.security.web.FilterChainProxy$VirtualFilterChain.doFilter(FilterChainProxy.java:334)\norg.springframework.security.web.header.HeaderWriterFilter.doHeadersAfter(HeaderWriterFilter.java:92)\norg.springframework.security.web.header.HeaderWriterFilter.doFilterInternal(HeaderWriterFilter.java:77)\norg.springframework.web.filter.OncePerRequestFilter.doFilter(OncePerRequestFilter.java:119)\norg.springframework.security.web.FilterChainProxy$VirtualFilterChain.doFilter(FilterChainProxy.java:334)\norg.springframework.security.web.context.SecurityContextPersistenceFilter.doFilter(SecurityContextPersistenceFilter.java:105)\norg.springframework.security.web.FilterChainProxy$VirtualFilterChain.doFilter(FilterChainProxy.java:334)\norg.springframework.security.web.context.request.async.WebAsyncManagerIntegrationFilter.doFilterInternal(WebAsyncManagerIntegrationFilter.java:56)\norg.springframework.web.filter.OncePerRequestFilter.doFilter(OncePerRequestFilter.java:119)\norg.springframework.security.web.FilterChainProxy$VirtualFilterChain.doFilter(FilterChainProxy.java:334)\norg.springframework.security.web.FilterChainProxy.doFilterInternal(FilterChainProxy.java:215)\norg.springframework.security.web.FilterChainProxy.doFilter(FilterChainProxy.java:178)\norg.springframework.web.filter.DelegatingFilterProxy.invokeDelegate(DelegatingFilterProxy.java:358)\norg.springframework.web.filter.DelegatingFilterProxy.doFilter(DelegatingFilterProxy.java:271)\norg.apache.catalina.core.ApplicationFilterChain.internalDoFilter(ApplicationFilterChain.java:193)\norg.apache.catalina.core.ApplicationFilterChain.doFilter(ApplicationFilterChain.java:166)\norg.springframework.web.filter.RequestContextFilter.doFilterInternal(RequestContextFilter.java:100)\norg.springframework.web.filter.OncePerRequestFilter.doFilter(OncePerRequestFilter.java:119)\norg.apache.catalina.core.ApplicationFilterChain.internalDoFilter(ApplicationFilterChain.java:193)\norg.apache.catalina.core.ApplicationFilterChain.doFilter(ApplicationFilterChain.java:166)\norg.springframework.web.filter.FormContentFilter.doFilterInternal(FormContentFilter.java:93)\norg.springframework.web.filter.OncePerRequestFilter.doFilter(OncePerRequestFilter.java:119)\norg.apache.catalina.core.ApplicationFilterChain.internalDoFilter(ApplicationFilterChain.java:193)\norg.apache.catalina.core.ApplicationFilterChain.doFilter(ApplicationFilterChain.java:166)\norg.springframework.web.filter.CharacterEncodingFilter.doFilterInternal(CharacterEncodingFilter.java:201)\norg.springframework.web.filter.OncePerRequestFilter.doFilter(OncePerRequestFilter.java:119)\norg.apache.catalina.core.ApplicationFilterChain.internalDoFilter(ApplicationFilterChain.java:193)\norg.apache.catalina.core.ApplicationFilterChain.doFilter(ApplicationFilterChain.java:166)\norg.apache.catalina.core.StandardWrapperValve.invoke(StandardWrapperValve.java:202)\norg.apache.catalina.core.StandardContextValve.invoke(StandardContextValve.java:97)\norg.apache.catalina.authenticator.AuthenticatorBase.invoke(AuthenticatorBase.java:542)\norg.apache.catalina.core.StandardHostValve.invoke(StandardHostValve.java:143)\norg.apache.catalina.valves.ErrorReportValve.invoke(ErrorReportValve.java:92)\norg.apache.catalina.core.StandardEngineValve.invoke(StandardEngineValve.java:78)\norg.apache.catalina.connector.CoyoteAdapter.service(CoyoteAdapter.java:343)\norg.apache.coyote.http11.Http11Processor.service(Http11Processor.java:374)\norg.apache.coyote.AbstractProcessorLight.process(AbstractProcessorLight.java:65)\norg.apache.coyote.AbstractProtocol$ConnectionHandler.process(AbstractProtocol.java:868)\norg.apache.tomcat.util.net.NioEndpoint$SocketProcessor.doRun(NioEndpoint.java:1590)\norg.apache.tomcat.util.net.SocketProcessorBase.run(SocketProcessorBase.java:49)\njava.util.concurrent.ThreadPoolExecutor.runWorker(Unknown Source)\njava.util.concurrent.ThreadPoolExecutor$Worker.run(Unknown Source)\norg.apache.tomcat.util.threads.TaskThread$WrappingRunnable.run(TaskThread.java:61)\njava.lang.Thread.run(Unknown Source)\n', '2021-04-02 23:09:51', null), ('22', '890', 'java.lang.IllegalArgumentException:Name cannot be null.\n	org.quartz.utils.Key.<init>(Key.java:62)\norg.quartz.JobKey.<init>(JobKey.java:66)\norg.quartz.JobKey.jobKey(JobKey.java:70)\ncom.wan.quartz.util.JobUtil.pauseScheduleJob(JobUtil.java:47)\ncom.wan.quartz.service.impl.SysJobServiceImpl.updateJobStatus(SysJobServiceImpl.java:64)\ncom.wan.quartz.service.impl.SysJobServiceImpl$$FastClassBySpringCGLIB$$c0519b8c.invoke(<generated>)\norg.springframework.cglib.proxy.MethodProxy.invoke(MethodProxy.java:218)\norg.springframework.aop.framework.CglibAopProxy$CglibMethodInvocation.invokeJoinpoint(CglibAopProxy.java:771)\norg.springframework.aop.framework.ReflectiveMethodInvocation.proceed(ReflectiveMethodInvocation.java:163)\norg.springframework.aop.framework.CglibAopProxy$CglibMethodInvocation.proceed(CglibAopProxy.java:749)\norg.springframework.transaction.interceptor.TransactionAspectSupport.invokeWithinTransaction(TransactionAspectSupport.java:367)\norg.springframework.transaction.interceptor.TransactionInterceptor.invoke(TransactionInterceptor.java:118)\norg.springframework.aop.framework.ReflectiveMethodInvocation.proceed(ReflectiveMethodInvocation.java:186)\norg.springframework.aop.framework.CglibAopProxy$CglibMethodInvocation.proceed(CglibAopProxy.java:749)\norg.springframework.aop.framework.CglibAopProxy$DynamicAdvisedInterceptor.intercept(CglibAopProxy.java:691)\ncom.wan.quartz.service.impl.SysJobServiceImpl$$EnhancerBySpringCGLIB$$ee98fbad.updateJobStatus(<generated>)\ncom.wan.web.controller.system.SysJobController.updateStatus(SysJobController.java:118)\ncom.wan.web.controller.system.SysJobController$$FastClassBySpringCGLIB$$16a940ca.invoke(<generated>)\norg.springframework.cglib.proxy.MethodProxy.invoke(MethodProxy.java:218)\norg.springframework.aop.framework.CglibAopProxy$CglibMethodInvocation.invokeJoinpoint(CglibAopProxy.java:771)\norg.springframework.aop.framework.ReflectiveMethodInvocation.proceed(ReflectiveMethodInvocation.java:163)\norg.springframework.aop.framework.CglibAopProxy$CglibMethodInvocation.proceed(CglibAopProxy.java:749)\norg.springframework.aop.aspectj.AspectJAfterThrowingAdvice.invoke(AspectJAfterThrowingAdvice.java:62)\norg.springframework.aop.framework.ReflectiveMethodInvocation.proceed(ReflectiveMethodInvocation.java:175)\norg.springframework.aop.framework.CglibAopProxy$CglibMethodInvocation.proceed(CglibAopProxy.java:749)\norg.springframework.aop.framework.adapter.AfterReturningAdviceInterceptor.invoke(AfterReturningAdviceInterceptor.java:55)\norg.springframework.aop.framework.ReflectiveMethodInvocation.proceed(ReflectiveMethodInvocation.java:175)\norg.springframework.aop.framework.CglibAopProxy$CglibMethodInvocation.proceed(CglibAopProxy.java:749)\norg.springframework.security.access.intercept.aopalliance.MethodSecurityInterceptor.invoke(MethodSecurityInterceptor.java:69)\norg.springframework.aop.framework.ReflectiveMethodInvocation.proceed(ReflectiveMethodInvocation.java:186)\norg.springframework.aop.framework.CglibAopProxy$CglibMethodInvocation.proceed(CglibAopProxy.java:749)\norg.springframework.aop.interceptor.ExposeInvocationInterceptor.invoke(ExposeInvocationInterceptor.java:95)\norg.springframework.aop.framework.ReflectiveMethodInvocation.proceed(ReflectiveMethodInvocation.java:186)\norg.springframework.aop.framework.CglibAopProxy$CglibMethodInvocation.proceed(CglibAopProxy.java:749)\norg.springframework.aop.framework.CglibAopProxy$DynamicAdvisedInterceptor.intercept(CglibAopProxy.java:691)\ncom.wan.web.controller.system.SysJobController$$EnhancerBySpringCGLIB$$854ee256.updateStatus(<generated>)\nsun.reflect.NativeMethodAccessorImpl.invoke0(Native Method)\nsun.reflect.NativeMethodAccessorImpl.invoke(Unknown Source)\nsun.reflect.DelegatingMethodAccessorImpl.invoke(Unknown Source)\njava.lang.reflect.Method.invoke(Unknown Source)\norg.springframework.web.method.support.InvocableHandlerMethod.doInvoke(InvocableHandlerMethod.java:190)\norg.springframework.web.method.support.InvocableHandlerMethod.invokeForRequest(InvocableHandlerMethod.java:138)\norg.springframework.web.servlet.mvc.method.annotation.ServletInvocableHandlerMethod.invokeAndHandle(ServletInvocableHandlerMethod.java:105)\norg.springframework.web.servlet.mvc.method.annotation.RequestMappingHandlerAdapter.invokeHandlerMethod(RequestMappingHandlerAdapter.java:878)\norg.springframework.web.servlet.mvc.method.annotation.RequestMappingHandlerAdapter.handleInternal(RequestMappingHandlerAdapter.java:792)\norg.springframework.web.servlet.mvc.method.AbstractHandlerMethodAdapter.handle(AbstractHandlerMethodAdapter.java:87)\norg.springframework.web.servlet.DispatcherServlet.doDispatch(DispatcherServlet.java:1040)\norg.springframework.web.servlet.DispatcherServlet.doService(DispatcherServlet.java:943)\norg.springframework.web.servlet.FrameworkServlet.processRequest(FrameworkServlet.java:1006)\norg.springframework.web.servlet.FrameworkServlet.doPost(FrameworkServlet.java:909)\njavax.servlet.http.HttpServlet.service(HttpServlet.java:652)\norg.springframework.web.servlet.FrameworkServlet.service(FrameworkServlet.java:883)\njavax.servlet.http.HttpServlet.service(HttpServlet.java:733)\norg.apache.catalina.core.ApplicationFilterChain.internalDoFilter(ApplicationFilterChain.java:231)\norg.apache.catalina.core.ApplicationFilterChain.doFilter(ApplicationFilterChain.java:166)\norg.apache.tomcat.websocket.server.WsFilter.doFilter(WsFilter.java:53)\norg.apache.catalina.core.ApplicationFilterChain.internalDoFilter(ApplicationFilterChain.java:193)\norg.apache.catalina.core.ApplicationFilterChain.doFilter(ApplicationFilterChain.java:166)\norg.springframework.web.filter.OncePerRequestFilter.doFilter(OncePerRequestFilter.java:113)\norg.apache.catalina.core.ApplicationFilterChain.internalDoFilter(ApplicationFilterChain.java:193)\norg.apache.catalina.core.ApplicationFilterChain.doFilter(ApplicationFilterChain.java:166)\ncom.alibaba.druid.support.http.WebStatFilter.doFilter(WebStatFilter.java:123)\norg.apache.catalina.core.ApplicationFilterChain.internalDoFilter(ApplicationFilterChain.java:193)\norg.apache.catalina.core.ApplicationFilterChain.doFilter(ApplicationFilterChain.java:166)\norg.springframework.security.web.FilterChainProxy$VirtualFilterChain.doFilter(FilterChainProxy.java:320)\norg.springframework.security.web.access.intercept.FilterSecurityInterceptor.invoke(FilterSecurityInterceptor.java:126)\norg.springframework.security.web.access.intercept.FilterSecurityInterceptor.doFilter(FilterSecurityInterceptor.java:90)\norg.springframework.security.web.FilterChainProxy$VirtualFilterChain.doFilter(FilterChainProxy.java:334)\norg.springframework.security.web.access.ExceptionTranslationFilter.doFilter(ExceptionTranslationFilter.java:118)\norg.springframework.security.web.FilterChainProxy$VirtualFilterChain.doFilter(FilterChainProxy.java:334)\norg.springframework.security.web.session.SessionManagementFilter.doFilter(SessionManagementFilter.java:137)\norg.springframework.security.web.FilterChainProxy$VirtualFilterChain.doFilter(FilterChainProxy.java:334)\norg.springframework.security.web.authentication.AnonymousAuthenticationFilter.doFilter(AnonymousAuthenticationFilter.java:111)\norg.springframework.security.web.FilterChainProxy$VirtualFilterChain.doFilter(FilterChainProxy.java:334)\norg.springframework.security.web.servletapi.SecurityContextHolderAwareRequestFilter.doFilter(SecurityContextHolderAwareRequestFilter.java:158)\norg.springframework.security.web.FilterChainProxy$VirtualFilterChain.doFilter(FilterChainProxy.java:334)\norg.springframework.security.web.savedrequest.RequestCacheAwareFilter.doFilter(RequestCacheAwareFilter.java:63)\norg.springframework.security.web.FilterChainProxy$VirtualFilterChain.doFilter(FilterChainProxy.java:334)\norg.springframework.security.web.session.ConcurrentSessionFilter.doFilter(ConcurrentSessionFilter.java:152)\norg.springframework.security.web.FilterChainProxy$VirtualFilterChain.doFilter(FilterChainProxy.java:334)\norg.springframework.security.web.authentication.AbstractAuthenticationProcessingFilter.doFilter(AbstractAuthenticationProcessingFilter.java:200)\norg.springframework.security.web.FilterChainProxy$VirtualFilterChain.doFilter(FilterChainProxy.java:334)\ncom.wan.security.filter.CaptchaFilter.doFilterInternal(CaptchaFilter.java:44)\norg.springframework.web.filter.OncePerRequestFilter.doFilter(OncePerRequestFilter.java:119)\norg.springframework.security.web.FilterChainProxy$VirtualFilterChain.doFilter(FilterChainProxy.java:334)\norg.springframework.security.web.authentication.logout.LogoutFilter.doFilter(LogoutFilter.java:116)\norg.springframework.security.web.FilterChainProxy$VirtualFilterChain.doFilter(FilterChainProxy.java:334)\norg.springframework.security.web.header.HeaderWriterFilter.doHeadersAfter(HeaderWriterFilter.java:92)\norg.springframework.security.web.header.HeaderWriterFilter.doFilterInternal(HeaderWriterFilter.java:77)\norg.springframework.web.filter.OncePerRequestFilter.doFilter(OncePerRequestFilter.java:119)\norg.springframework.security.web.FilterChainProxy$VirtualFilterChain.doFilter(FilterChainProxy.java:334)\norg.springframework.security.web.context.SecurityContextPersistenceFilter.doFilter(SecurityContextPersistenceFilter.java:105)\norg.springframework.security.web.FilterChainProxy$VirtualFilterChain.doFilter(FilterChainProxy.java:334)\norg.springframework.security.web.context.request.async.WebAsyncManagerIntegrationFilter.doFilterInternal(WebAsyncManagerIntegrationFilter.java:56)\norg.springframework.web.filter.OncePerRequestFilter.doFilter(OncePerRequestFilter.java:119)\norg.springframework.security.web.FilterChainProxy$VirtualFilterChain.doFilter(FilterChainProxy.java:334)\norg.springframework.security.web.FilterChainProxy.doFilterInternal(FilterChainProxy.java:215)\norg.springframework.security.web.FilterChainProxy.doFilter(FilterChainProxy.java:178)\norg.springframework.web.filter.DelegatingFilterProxy.invokeDelegate(DelegatingFilterProxy.java:358)\norg.springframework.web.filter.DelegatingFilterProxy.doFilter(DelegatingFilterProxy.java:271)\norg.apache.catalina.core.ApplicationFilterChain.internalDoFilter(ApplicationFilterChain.java:193)\norg.apache.catalina.core.ApplicationFilterChain.doFilter(ApplicationFilterChain.java:166)\norg.springframework.web.filter.RequestContextFilter.doFilterInternal(RequestContextFilter.java:100)\norg.springframework.web.filter.OncePerRequestFilter.doFilter(OncePerRequestFilter.java:119)\norg.apache.catalina.core.ApplicationFilterChain.internalDoFilter(ApplicationFilterChain.java:193)\norg.apache.catalina.core.ApplicationFilterChain.doFilter(ApplicationFilterChain.java:166)\norg.springframework.web.filter.FormContentFilter.doFilterInternal(FormContentFilter.java:93)\norg.springframework.web.filter.OncePerRequestFilter.doFilter(OncePerRequestFilter.java:119)\norg.apache.catalina.core.ApplicationFilterChain.internalDoFilter(ApplicationFilterChain.java:193)\norg.apache.catalina.core.ApplicationFilterChain.doFilter(ApplicationFilterChain.java:166)\norg.springframework.web.filter.CharacterEncodingFilter.doFilterInternal(CharacterEncodingFilter.java:201)\norg.springframework.web.filter.OncePerRequestFilter.doFilter(OncePerRequestFilter.java:119)\norg.apache.catalina.core.ApplicationFilterChain.internalDoFilter(ApplicationFilterChain.java:193)\norg.apache.catalina.core.ApplicationFilterChain.doFilter(ApplicationFilterChain.java:166)\norg.apache.catalina.core.StandardWrapperValve.invoke(StandardWrapperValve.java:202)\norg.apache.catalina.core.StandardContextValve.invoke(StandardContextValve.java:97)\norg.apache.catalina.authenticator.AuthenticatorBase.invoke(AuthenticatorBase.java:542)\norg.apache.catalina.core.StandardHostValve.invoke(StandardHostValve.java:143)\norg.apache.catalina.valves.ErrorReportValve.invoke(ErrorReportValve.java:92)\norg.apache.catalina.core.StandardEngineValve.invoke(StandardEngineValve.java:78)\norg.apache.catalina.connector.CoyoteAdapter.service(CoyoteAdapter.java:343)\norg.apache.coyote.http11.Http11Processor.service(Http11Processor.java:374)\norg.apache.coyote.AbstractProcessorLight.process(AbstractProcessorLight.java:65)\norg.apache.coyote.AbstractProtocol$ConnectionHandler.process(AbstractProtocol.java:868)\norg.apache.tomcat.util.net.NioEndpoint$SocketProcessor.doRun(NioEndpoint.java:1590)\norg.apache.tomcat.util.net.SocketProcessorBase.run(SocketProcessorBase.java:49)\njava.util.concurrent.ThreadPoolExecutor.runWorker(Unknown Source)\njava.util.concurrent.ThreadPoolExecutor$Worker.run(Unknown Source)\norg.apache.tomcat.util.threads.TaskThread$WrappingRunnable.run(TaskThread.java:61)\njava.lang.Thread.run(Unknown Source)\n', '2021-04-18 18:01:57', null), ('23', '1', 'org.springframework.expression.spel.SpelEvaluationException:EL1008E: Property or field \'id\' cannot be found on object of type \'java.lang.Long\' - maybe not public or not valid?\n	org.springframework.expression.spel.ast.PropertyOrFieldReference.readProperty(PropertyOrFieldReference.java:217)\n	org.springframework.expression.spel.ast.PropertyOrFieldReference.getValueInternal(PropertyOrFieldReference.java:104)\n	org.springframework.expression.spel.ast.PropertyOrFieldReference.access$000(PropertyOrFieldReference.java:51)\n	org.springframework.expression.spel.ast.PropertyOrFieldReference$AccessorLValue.getValue(PropertyOrFieldReference.java:406)\n	org.springframework.expression.spel.ast.CompoundExpression.getValueInternal(CompoundExpression.java:92)\n	org.springframework.expression.spel.ast.SpelNodeImpl.getValue(SpelNodeImpl.java:112)\n	org.springframework.expression.spel.standard.SpelExpression.getValue(SpelExpression.java:272)\n	org.springframework.cache.interceptor.CacheOperationExpressionEvaluator.key(CacheOperationExpressionEvaluator.java:104)\n	org.springframework.cache.interceptor.CacheAspectSupport$CacheOperationContext.generateKey(CacheAspectSupport.java:795)\n	org.springframework.cache.interceptor.CacheAspectSupport.generateKey(CacheAspectSupport.java:592)\n	org.springframework.cache.interceptor.CacheAspectSupport.performCacheEvict(CacheAspectSupport.java:509)\n	org.springframework.cache.interceptor.CacheAspectSupport.processCacheEvicts(CacheAspectSupport.java:493)\n	org.springframework.cache.interceptor.CacheAspectSupport.execute(CacheAspectSupport.java:434)\n	org.springframework.cache.interceptor.CacheAspectSupport.execute(CacheAspectSupport.java:346)\n	org.springframework.cache.interceptor.CacheInterceptor.invoke(CacheInterceptor.java:61)\n	org.springframework.aop.framework.ReflectiveMethodInvocation.proceed(ReflectiveMethodInvocation.java:186)\n	org.springframework.aop.framework.JdkDynamicAopProxy.invoke(JdkDynamicAopProxy.java:212)\n	com.sun.proxy.$Proxy110.deleteNoticeContent(Unknown Source)\n	com.wan.system.service.impl.SysNoticeServiceImpl.deleteNotice(SysNoticeServiceImpl.java:51)\n	com.wan.system.service.impl.SysNoticeServiceImpl$$FastClassBySpringCGLIB$$d21f4d7d.invoke(<generated>)\n	org.springframework.cglib.proxy.MethodProxy.invoke(MethodProxy.java:218)\n	org.springframework.aop.framework.CglibAopProxy$CglibMethodInvocation.invokeJoinpoint(CglibAopProxy.java:771)\n	org.springframework.aop.framework.ReflectiveMethodInvocation.proceed(ReflectiveMethodInvocation.java:163)\n	org.springframework.aop.framework.CglibAopProxy$CglibMethodInvocation.proceed(CglibAopProxy.java:749)\n	org.springframework.transaction.interceptor.TransactionAspectSupport.invokeWithinTransaction(TransactionAspectSupport.java:367)\n	org.springframework.transaction.interceptor.TransactionInterceptor.invoke(TransactionInterceptor.java:118)\n	org.springframework.aop.framework.ReflectiveMethodInvocation.proceed(ReflectiveMethodInvocation.java:186)\n	org.springframework.aop.framework.CglibAopProxy$CglibMethodInvocation.proceed(CglibAopProxy.java:749)\n	org.springframework.aop.framework.CglibAopProxy$DynamicAdvisedInterceptor.intercept(CglibAopProxy.java:691)\n	com.wan.system.service.impl.SysNoticeServiceImpl$$EnhancerBySpringCGLIB$$22780769.deleteNotice(<generated>)\n	com.wan.web.controller.system.SysNoticeController.remove(SysNoticeController.java:118)\n	com.wan.web.controller.system.SysNoticeController$$FastClassBySpringCGLIB$$1c5cc563.invoke(<generated>)\n	org.springframework.cglib.proxy.MethodProxy.invoke(MethodProxy.java:218)\n	org.springframework.aop.framework.CglibAopProxy$CglibMethodInvocation.invokeJoinpoint(CglibAopProxy.java:771)\n	org.springframework.aop.framework.ReflectiveMethodInvocation.proceed(ReflectiveMethodInvocation.java:163)\n	org.springframework.aop.framework.CglibAopProxy$CglibMethodInvocation.proceed(CglibAopProxy.java:749)\n	org.springframework.aop.aspectj.AspectJAfterThrowingAdvice.invoke(AspectJAfterThrowingAdvice.java:62)\n	org.springframework.aop.framework.ReflectiveMethodInvocation.proceed(ReflectiveMethodInvocation.java:175)\n	org.springframework.aop.framework.CglibAopProxy$CglibMethodInvocation.proceed(CglibAopProxy.java:749)\n	org.springframework.aop.framework.adapter.AfterReturningAdviceInterceptor.invoke(AfterReturningAdviceInterceptor.java:55)\n	org.springframework.aop.framework.ReflectiveMethodInvocation.proceed(ReflectiveMethodInvocation.java:175)\n	org.springframework.aop.framework.CglibAopProxy$CglibMethodInvocation.proceed(CglibAopProxy.java:749)\n	org.springframework.security.access.intercept.aopalliance.MethodSecurityInterceptor.invoke(MethodSecurityInterceptor.java:69)\n	org.springframework.aop.framework.ReflectiveMethodInvocation.proceed(ReflectiveMethodInvocation.java:186)\n	org.springframework.aop.framework.CglibAopProxy$CglibMethodInvocation.proceed(CglibAopProxy.java:749)\n	org.springframework.aop.interceptor.ExposeInvocationInterceptor.invoke(ExposeInvocationInterceptor.java:95)\n	org.springframework.aop.framework.ReflectiveMethodInvocation.proceed(ReflectiveMethodInvocation.java:186)\n	org.springframework.aop.framework.CglibAopProxy$CglibMethodInvocation.proceed(CglibAopProxy.java:749)\n	org.springframework.aop.framework.CglibAopProxy$DynamicAdvisedInterceptor.intercept(CglibAopProxy.java:691)\n	com.wan.web.controller.system.SysNoticeController$$EnhancerBySpringCGLIB$$d5d53cc.remove(<generated>)\n	sun.reflect.NativeMethodAccessorImpl.invoke0(Native Method)\n	sun.reflect.NativeMethodAccessorImpl.invoke(NativeMethodAccessorImpl.java:62)\n	sun.reflect.DelegatingMethodAccessorImpl.invoke(DelegatingMethodAccessorImpl.java:43)\n	java.lang.reflect.Method.invoke(Method.java:497)\n	org.springframework.web.method.support.InvocableHandlerMethod.doInvoke(InvocableHandlerMethod.java:190)\n	org.springframework.web.method.support.InvocableHandlerMethod.invokeForRequest(InvocableHandlerMethod.java:138)\n	org.springframework.web.servlet.mvc.method.annotation.ServletInvocableHandlerMethod.invokeAndHandle(ServletInvocableHandlerMethod.java:105)\n	org.springframework.web.servlet.mvc.method.annotation.RequestMappingHandlerAdapter.invokeHandlerMethod(RequestMappingHandlerAdapter.java:878)\n	org.springframework.web.servlet.mvc.method.annotation.RequestMappingHandlerAdapter.handleInternal(RequestMappingHandlerAdapter.java:792)\n	org.springframework.web.servlet.mvc.method.AbstractHandlerMethodAdapter.handle(AbstractHandlerMethodAdapter.java:87)\n	org.springframework.web.servlet.DispatcherServlet.doDispatch(DispatcherServlet.java:1040)\n	org.springframework.web.servlet.DispatcherServlet.doService(DispatcherServlet.java:943)\n	org.springframework.web.servlet.FrameworkServlet.processRequest(FrameworkServlet.java:1006)\n	org.springframework.web.servlet.FrameworkServlet.doPost(FrameworkServlet.java:909)\n	javax.servlet.http.HttpServlet.service(HttpServlet.java:652)\n	org.springframework.web.servlet.FrameworkServlet.service(FrameworkServlet.java:883)\n	javax.servlet.http.HttpServlet.service(HttpServlet.java:733)\n	org.apache.catalina.core.ApplicationFilterChain.internalDoFilter(ApplicationFilterChain.java:231)\n	org.apache.catalina.core.ApplicationFilterChain.doFilter(ApplicationFilterChain.java:166)\n	org.apache.tomcat.websocket.server.WsFilter.doFilter(WsFilter.java:53)\n	org.apache.catalina.core.ApplicationFilterChain.internalDoFilter(ApplicationFilterChain.java:193)\n	org.apache.catalina.core.ApplicationFilterChain.doFilter(ApplicationFilterChain.java:166)\n	org.springframework.web.filter.OncePerRequestFilter.doFilter(OncePerRequestFilter.java:113)\n	org.apache.catalina.core.ApplicationFilterChain.internalDoFilter(ApplicationFilterChain.java:193)\n	org.apache.catalina.core.ApplicationFilterChain.doFilter(ApplicationFilterChain.java:166)\n	com.alibaba.druid.support.http.WebStatFilter.doFilter(WebStatFilter.java:123)\n	org.apache.catalina.core.ApplicationFilterChain.internalDoFilter(ApplicationFilterChain.java:193)\n	org.apache.catalina.core.ApplicationFilterChain.doFilter(ApplicationFilterChain.java:166)\n	org.springframework.security.web.FilterChainProxy$VirtualFilterChain.doFilter(FilterChainProxy.java:320)\n	org.springframework.security.web.access.intercept.FilterSecurityInterceptor.invoke(FilterSecurityInterceptor.java:126)\n	org.springframework.security.web.access.intercept.FilterSecurityInterceptor.doFilter(FilterSecurityInterceptor.java:90)\n	org.springframework.security.web.FilterChainProxy$VirtualFilterChain.doFilter(FilterChainProxy.java:334)\n	org.springframework.security.web.access.ExceptionTranslationFilter.doFilter(ExceptionTranslationFilter.java:118)\n	org.springframework.security.web.FilterChainProxy$VirtualFilterChain.doFilter(FilterChainProxy.java:334)\n	org.springframework.security.web.session.SessionManagementFilter.doFilter(SessionManagementFilter.java:137)\n	org.springframework.security.web.FilterChainProxy$VirtualFilterChain.doFilter(FilterChainProxy.java:334)\n	org.springframework.security.web.authentication.AnonymousAuthenticationFilter.doFilter(AnonymousAuthenticationFilter.java:111)\n	org.springframework.security.web.FilterChainProxy$VirtualFilterChain.doFilter(FilterChainProxy.java:334)\n	org.springframework.security.web.servletapi.SecurityContextHolderAwareRequestFilter.doFilter(SecurityContextHolderAwareRequestFilter.java:158)\n	org.springframework.security.web.FilterChainProxy$VirtualFilterChain.doFilter(FilterChainProxy.java:334)\n	org.springframework.security.web.savedrequest.RequestCacheAwareFilter.doFilter(RequestCacheAwareFilter.java:63)\n	org.springframework.security.web.FilterChainProxy$VirtualFilterChain.doFilter(FilterChainProxy.java:334)\n	org.springframework.security.web.session.ConcurrentSessionFilter.doFilter(ConcurrentSessionFilter.java:152)\n	org.springframework.security.web.FilterChainProxy$VirtualFilterChain.doFilter(FilterChainProxy.java:334)\n	org.springframework.security.web.authentication.AbstractAuthenticationProcessingFilter.doFilter(AbstractAuthenticationProcessingFilter.java:200)\n	org.springframework.security.web.FilterChainProxy$VirtualFilterChain.doFilter(FilterChainProxy.java:334)\n	com.wan.security.filter.CaptchaFilter.doFilterInternal(CaptchaFilter.java:44)\n	org.springframework.web.filter.OncePerRequestFilter.doFilter(OncePerRequestFilter.java:119)\n	org.springframework.security.web.FilterChainProxy$VirtualFilterChain.doFilter(FilterChainProxy.java:334)\n	org.springframework.security.web.authentication.logout.LogoutFilter.doFilter(LogoutFilter.java:116)\n	org.springframework.security.web.FilterChainProxy$VirtualFilterChain.doFilter(FilterChainProxy.java:334)\n	org.springframework.security.web.header.HeaderWriterFilter.doHeadersAfter(HeaderWriterFilter.java:92)\n	org.springframework.security.web.header.HeaderWriterFilter.doFilterInternal(HeaderWriterFilter.java:77)\n	org.springframework.web.filter.OncePerRequestFilter.doFilter(OncePerRequestFilter.java:119)\n	org.springframework.security.web.FilterChainProxy$VirtualFilterChain.doFilter(FilterChainProxy.java:334)\n	org.springframework.security.web.context.SecurityContextPersistenceFilter.doFilter(SecurityContextPersistenceFilter.java:105)\n	org.springframework.security.web.FilterChainProxy$VirtualFilterChain.doFilter(FilterChainProxy.java:334)\n	org.springframework.security.web.context.request.async.WebAsyncManagerIntegrationFilter.doFilterInternal(WebAsyncManagerIntegrationFilter.java:56)\n	org.springframework.web.filter.OncePerRequestFilter.doFilter(OncePerRequestFilter.java:119)\n	org.springframework.security.web.FilterChainProxy$VirtualFilterChain.doFilter(FilterChainProxy.java:334)\n	org.springframework.security.web.FilterChainProxy.doFilterInternal(FilterChainProxy.java:215)\n	org.springframework.security.web.FilterChainProxy.doFilter(FilterChainProxy.java:178)\n	org.springframework.web.filter.DelegatingFilterProxy.invokeDelegate(DelegatingFilterProxy.java:358)\n	org.springframework.web.filter.DelegatingFilterProxy.doFilter(DelegatingFilterProxy.java:271)\n	org.apache.catalina.core.ApplicationFilterChain.internalDoFilter(ApplicationFilterChain.java:193)\n	org.apache.catalina.core.ApplicationFilterChain.doFilter(ApplicationFilterChain.java:166)\n	org.springframework.web.filter.RequestContextFilter.doFilterInternal(RequestContextFilter.java:100)\n	org.springframework.web.filter.OncePerRequestFilter.doFilter(OncePerRequestFilter.java:119)\n	org.apache.catalina.core.ApplicationFilterChain.internalDoFilter(ApplicationFilterChain.java:193)\n	org.apache.catalina.core.ApplicationFilterChain.doFilter(ApplicationFilterChain.java:166)\n	org.springframework.web.filter.FormContentFilter.doFilterInternal(FormContentFilter.java:93)\n	org.springframework.web.filter.OncePerRequestFilter.doFilter(OncePerRequestFilter.java:119)\n	org.apache.catalina.core.ApplicationFilterChain.internalDoFilter(ApplicationFilterChain.java:193)\n	org.apache.catalina.core.ApplicationFilterChain.doFilter(ApplicationFilterChain.java:166)\n	org.springframework.web.filter.CharacterEncodingFilter.doFilterInternal(CharacterEncodingFilter.java:201)\n	org.springframework.web.filter.OncePerRequestFilter.doFilter(OncePerRequestFilter.java:119)\n	org.apache.catalina.core.ApplicationFilterChain.internalDoFilter(ApplicationFilterChain.java:193)\n	org.apache.catalina.core.ApplicationFilterChain.doFilter(ApplicationFilterChain.java:166)\n	org.apache.catalina.core.StandardWrapperValve.invoke(StandardWrapperValve.java:202)\n	org.apache.catalina.core.StandardContextValve.invoke(StandardContextValve.java:97)\n	org.apache.catalina.authenticator.AuthenticatorBase.invoke(AuthenticatorBase.java:542)\n	org.apache.catalina.core.StandardHostValve.invoke(StandardHostValve.java:143)\n	org.apache.catalina.valves.ErrorReportValve.invoke(ErrorReportValve.java:92)\n	org.apache.catalina.core.StandardEngineValve.invoke(StandardEngineValve.java:78)\n	org.apache.catalina.connector.CoyoteAdapter.service(CoyoteAdapter.java:343)\n	org.apache.coyote.http11.Http11Processor.service(Http11Processor.java:374)\n	org.apache.coyote.AbstractProcessorLight.process(AbstractProcessorLight.java:65)\n	org.apache.coyote.AbstractProtocol$ConnectionHandler.process(AbstractProtocol.java:868)\n	org.apache.tomcat.util.net.NioEndpoint$SocketProcessor.doRun(NioEndpoint.java:1590)\n	org.apache.tomcat.util.net.SocketProcessorBase.run(SocketProcessorBase.java:49)\n	java.util.concurrent.ThreadPoolExecutor.runWorker(ThreadPoolExecutor.java:1142)\n	java.util.concurrent.ThreadPoolExecutor$Worker.run(ThreadPoolExecutor.java:617)\n	org.apache.tomcat.util.threads.TaskThread$WrappingRunnable.run(TaskThread.java:61)\n	java.lang.Thread.run(Thread.java:745)\n	', '2021-04-27 21:02:16', null), ('24', '2', 'java.lang.IllegalArgumentException:Null key returned for cache operation (maybe you are using named params on classes without debug info?) Builder[public final void com.sun.proxy.$Proxy109.deleteNoticeContent(java.lang.Long)] caches=[notice] | key=\'#noticeId\' | keyGenerator=\'\' | cacheManager=\'\' | cacheResolver=\'\' | condition=\'\',false,false\n	org.springframework.cache.interceptor.CacheAspectSupport.generateKey(CacheAspectSupport.java:595)\n	org.springframework.cache.interceptor.CacheAspectSupport.performCacheEvict(CacheAspectSupport.java:509)\n	org.springframework.cache.interceptor.CacheAspectSupport.processCacheEvicts(CacheAspectSupport.java:493)\n	org.springframework.cache.interceptor.CacheAspectSupport.execute(CacheAspectSupport.java:434)\n	org.springframework.cache.interceptor.CacheAspectSupport.execute(CacheAspectSupport.java:346)\n	org.springframework.cache.interceptor.CacheInterceptor.invoke(CacheInterceptor.java:61)\n	org.springframework.aop.framework.ReflectiveMethodInvocation.proceed(ReflectiveMethodInvocation.java:186)\n	org.springframework.aop.framework.JdkDynamicAopProxy.invoke(JdkDynamicAopProxy.java:212)\n	com.sun.proxy.$Proxy110.deleteNoticeContent(Unknown Source)\n	com.wan.system.service.impl.SysNoticeServiceImpl.deleteNotice(SysNoticeServiceImpl.java:51)\n	com.wan.system.service.impl.SysNoticeServiceImpl$$FastClassBySpringCGLIB$$d21f4d7d.invoke(<generated>)\n	org.springframework.cglib.proxy.MethodProxy.invoke(MethodProxy.java:218)\n	org.springframework.aop.framework.CglibAopProxy$CglibMethodInvocation.invokeJoinpoint(CglibAopProxy.java:771)\n	org.springframework.aop.framework.ReflectiveMethodInvocation.proceed(ReflectiveMethodInvocation.java:163)\n	org.springframework.aop.framework.CglibAopProxy$CglibMethodInvocation.proceed(CglibAopProxy.java:749)\n	org.springframework.transaction.interceptor.TransactionAspectSupport.invokeWithinTransaction(TransactionAspectSupport.java:367)\n	org.springframework.transaction.interceptor.TransactionInterceptor.invoke(TransactionInterceptor.java:118)\n	org.springframework.aop.framework.ReflectiveMethodInvocation.proceed(ReflectiveMethodInvocation.java:186)\n	org.springframework.aop.framework.CglibAopProxy$CglibMethodInvocation.proceed(CglibAopProxy.java:749)\n	org.springframework.aop.framework.CglibAopProxy$DynamicAdvisedInterceptor.intercept(CglibAopProxy.java:691)\n	com.wan.system.service.impl.SysNoticeServiceImpl$$EnhancerBySpringCGLIB$$6b5fe2b1.deleteNotice(<generated>)\n	com.wan.web.controller.system.SysNoticeController.remove(SysNoticeController.java:118)\n	com.wan.web.controller.system.SysNoticeController$$FastClassBySpringCGLIB$$1c5cc563.invoke(<generated>)\n	org.springframework.cglib.proxy.MethodProxy.invoke(MethodProxy.java:218)\n	org.springframework.aop.framework.CglibAopProxy$CglibMethodInvocation.invokeJoinpoint(CglibAopProxy.java:771)\n	org.springframework.aop.framework.ReflectiveMethodInvocation.proceed(ReflectiveMethodInvocation.java:163)\n	org.springframework.aop.framework.CglibAopProxy$CglibMethodInvocation.proceed(CglibAopProxy.java:749)\n	org.springframework.aop.aspectj.AspectJAfterThrowingAdvice.invoke(AspectJAfterThrowingAdvice.java:62)\n	org.springframework.aop.framework.ReflectiveMethodInvocation.proceed(ReflectiveMethodInvocation.java:175)\n	org.springframework.aop.framework.CglibAopProxy$CglibMethodInvocation.proceed(CglibAopProxy.java:749)\n	org.springframework.aop.framework.adapter.AfterReturningAdviceInterceptor.invoke(AfterReturningAdviceInterceptor.java:55)\n	org.springframework.aop.framework.ReflectiveMethodInvocation.proceed(ReflectiveMethodInvocation.java:175)\n	org.springframework.aop.framework.CglibAopProxy$CglibMethodInvocation.proceed(CglibAopProxy.java:749)\n	org.springframework.security.access.intercept.aopalliance.MethodSecurityInterceptor.invoke(MethodSecurityInterceptor.java:69)\n	org.springframework.aop.framework.ReflectiveMethodInvocation.proceed(ReflectiveMethodInvocation.java:186)\n	org.springframework.aop.framework.CglibAopProxy$CglibMethodInvocation.proceed(CglibAopProxy.java:749)\n	org.springframework.aop.interceptor.ExposeInvocationInterceptor.invoke(ExposeInvocationInterceptor.java:95)\n	org.springframework.aop.framework.ReflectiveMethodInvocation.proceed(ReflectiveMethodInvocation.java:186)\n	org.springframework.aop.framework.CglibAopProxy$CglibMethodInvocation.proceed(CglibAopProxy.java:749)\n	org.springframework.aop.framework.CglibAopProxy$DynamicAdvisedInterceptor.intercept(CglibAopProxy.java:691)\n	com.wan.web.controller.system.SysNoticeController$$EnhancerBySpringCGLIB$$b9995e89.remove(<generated>)\n	sun.reflect.NativeMethodAccessorImpl.invoke0(Native Method)\n	sun.reflect.NativeMethodAccessorImpl.invoke(NativeMethodAccessorImpl.java:62)\n	sun.reflect.DelegatingMethodAccessorImpl.invoke(DelegatingMethodAccessorImpl.java:43)\n	java.lang.reflect.Method.invoke(Method.java:497)\n	org.springframework.web.method.support.InvocableHandlerMethod.doInvoke(InvocableHandlerMethod.java:190)\n	org.springframework.web.method.support.InvocableHandlerMethod.invokeForRequest(InvocableHandlerMethod.java:138)\n	org.springframework.web.servlet.mvc.method.annotation.ServletInvocableHandlerMethod.invokeAndHandle(ServletInvocableHandlerMethod.java:105)\n	org.springframework.web.servlet.mvc.method.annotation.RequestMappingHandlerAdapter.invokeHandlerMethod(RequestMappingHandlerAdapter.java:878)\n	org.springframework.web.servlet.mvc.method.annotation.RequestMappingHandlerAdapter.handleInternal(RequestMappingHandlerAdapter.java:792)\n	org.springframework.web.servlet.mvc.method.AbstractHandlerMethodAdapter.handle(AbstractHandlerMethodAdapter.java:87)\n	org.springframework.web.servlet.DispatcherServlet.doDispatch(DispatcherServlet.java:1040)\n	org.springframework.web.servlet.DispatcherServlet.doService(DispatcherServlet.java:943)\n	org.springframework.web.servlet.FrameworkServlet.processRequest(FrameworkServlet.java:1006)\n	org.springframework.web.servlet.FrameworkServlet.doPost(FrameworkServlet.java:909)\n	javax.servlet.http.HttpServlet.service(HttpServlet.java:652)\n	org.springframework.web.servlet.FrameworkServlet.service(FrameworkServlet.java:883)\n	javax.servlet.http.HttpServlet.service(HttpServlet.java:733)\n	org.apache.catalina.core.ApplicationFilterChain.internalDoFilter(ApplicationFilterChain.java:231)\n	org.apache.catalina.core.ApplicationFilterChain.doFilter(ApplicationFilterChain.java:166)\n	org.apache.tomcat.websocket.server.WsFilter.doFilter(WsFilter.java:53)\n	org.apache.catalina.core.ApplicationFilterChain.internalDoFilter(ApplicationFilterChain.java:193)\n	org.apache.catalina.core.ApplicationFilterChain.doFilter(ApplicationFilterChain.java:166)\n	org.springframework.web.filter.OncePerRequestFilter.doFilter(OncePerRequestFilter.java:113)\n	org.apache.catalina.core.ApplicationFilterChain.internalDoFilter(ApplicationFilterChain.java:193)\n	org.apache.catalina.core.ApplicationFilterChain.doFilter(ApplicationFilterChain.java:166)\n	com.alibaba.druid.support.http.WebStatFilter.doFilter(WebStatFilter.java:123)\n	org.apache.catalina.core.ApplicationFilterChain.internalDoFilter(ApplicationFilterChain.java:193)\n	org.apache.catalina.core.ApplicationFilterChain.doFilter(ApplicationFilterChain.java:166)\n	org.springframework.security.web.FilterChainProxy$VirtualFilterChain.doFilter(FilterChainProxy.java:320)\n	org.springframework.security.web.access.intercept.FilterSecurityInterceptor.invoke(FilterSecurityInterceptor.java:126)\n	org.springframework.security.web.access.intercept.FilterSecurityInterceptor.doFilter(FilterSecurityInterceptor.java:90)\n	org.springframework.security.web.FilterChainProxy$VirtualFilterChain.doFilter(FilterChainProxy.java:334)\n	org.springframework.security.web.access.ExceptionTranslationFilter.doFilter(ExceptionTranslationFilter.java:118)\n	org.springframework.security.web.FilterChainProxy$VirtualFilterChain.doFilter(FilterChainProxy.java:334)\n	org.springframework.security.web.session.SessionManagementFilter.doFilter(SessionManagementFilter.java:137)\n	org.springframework.security.web.FilterChainProxy$VirtualFilterChain.doFilter(FilterChainProxy.java:334)\n	org.springframework.security.web.authentication.AnonymousAuthenticationFilter.doFilter(AnonymousAuthenticationFilter.java:111)\n	org.springframework.security.web.FilterChainProxy$VirtualFilterChain.doFilter(FilterChainProxy.java:334)\n	org.springframework.security.web.servletapi.SecurityContextHolderAwareRequestFilter.doFilter(SecurityContextHolderAwareRequestFilter.java:158)\n	org.springframework.security.web.FilterChainProxy$VirtualFilterChain.doFilter(FilterChainProxy.java:334)\n	org.springframework.security.web.savedrequest.RequestCacheAwareFilter.doFilter(RequestCacheAwareFilter.java:63)\n	org.springframework.security.web.FilterChainProxy$VirtualFilterChain.doFilter(FilterChainProxy.java:334)\n	org.springframework.security.web.session.ConcurrentSessionFilter.doFilter(ConcurrentSessionFilter.java:152)\n	org.springframework.security.web.FilterChainProxy$VirtualFilterChain.doFilter(FilterChainProxy.java:334)\n	org.springframework.security.web.authentication.AbstractAuthenticationProcessingFilter.doFilter(AbstractAuthenticationProcessingFilter.java:200)\n	org.springframework.security.web.FilterChainProxy$VirtualFilterChain.doFilter(FilterChainProxy.java:334)\n	com.wan.security.filter.CaptchaFilter.doFilterInternal(CaptchaFilter.java:44)\n	org.springframework.web.filter.OncePerRequestFilter.doFilter(OncePerRequestFilter.java:119)\n	org.springframework.security.web.FilterChainProxy$VirtualFilterChain.doFilter(FilterChainProxy.java:334)\n	org.springframework.security.web.authentication.logout.LogoutFilter.doFilter(LogoutFilter.java:116)\n	org.springframework.security.web.FilterChainProxy$VirtualFilterChain.doFilter(FilterChainProxy.java:334)\n	org.springframework.security.web.header.HeaderWriterFilter.doHeadersAfter(HeaderWriterFilter.java:92)\n	org.springframework.security.web.header.HeaderWriterFilter.doFilterInternal(HeaderWriterFilter.java:77)\n	org.springframework.web.filter.OncePerRequestFilter.doFilter(OncePerRequestFilter.java:119)\n	org.springframework.security.web.FilterChainProxy$VirtualFilterChain.doFilter(FilterChainProxy.java:334)\n	org.springframework.security.web.context.SecurityContextPersistenceFilter.doFilter(SecurityContextPersistenceFilter.java:105)\n	org.springframework.security.web.FilterChainProxy$VirtualFilterChain.doFilter(FilterChainProxy.java:334)\n	org.springframework.security.web.context.request.async.WebAsyncManagerIntegrationFilter.doFilterInternal(WebAsyncManagerIntegrationFilter.java:56)\n	org.springframework.web.filter.OncePerRequestFilter.doFilter(OncePerRequestFilter.java:119)\n	org.springframework.security.web.FilterChainProxy$VirtualFilterChain.doFilter(FilterChainProxy.java:334)\n	org.springframework.security.web.FilterChainProxy.doFilterInternal(FilterChainProxy.java:215)\n	org.springframework.security.web.FilterChainProxy.doFilter(FilterChainProxy.java:178)\n	org.springframework.web.filter.DelegatingFilterProxy.invokeDelegate(DelegatingFilterProxy.java:358)\n	org.springframework.web.filter.DelegatingFilterProxy.doFilter(DelegatingFilterProxy.java:271)\n	org.apache.catalina.core.ApplicationFilterChain.internalDoFilter(ApplicationFilterChain.java:193)\n	org.apache.catalina.core.ApplicationFilterChain.doFilter(ApplicationFilterChain.java:166)\n	org.springframework.web.filter.RequestContextFilter.doFilterInternal(RequestContextFilter.java:100)\n	org.springframework.web.filter.OncePerRequestFilter.doFilter(OncePerRequestFilter.java:119)\n	org.apache.catalina.core.ApplicationFilterChain.internalDoFilter(ApplicationFilterChain.java:193)\n	org.apache.catalina.core.ApplicationFilterChain.doFilter(ApplicationFilterChain.java:166)\n	org.springframework.web.filter.FormContentFilter.doFilterInternal(FormContentFilter.java:93)\n	org.springframework.web.filter.OncePerRequestFilter.doFilter(OncePerRequestFilter.java:119)\n	org.apache.catalina.core.ApplicationFilterChain.internalDoFilter(ApplicationFilterChain.java:193)\n	org.apache.catalina.core.ApplicationFilterChain.doFilter(ApplicationFilterChain.java:166)\n	org.springframework.web.filter.CharacterEncodingFilter.doFilterInternal(CharacterEncodingFilter.java:201)\n	org.springframework.web.filter.OncePerRequestFilter.doFilter(OncePerRequestFilter.java:119)\n	org.apache.catalina.core.ApplicationFilterChain.internalDoFilter(ApplicationFilterChain.java:193)\n	org.apache.catalina.core.ApplicationFilterChain.doFilter(ApplicationFilterChain.java:166)\n	org.apache.catalina.core.StandardWrapperValve.invoke(StandardWrapperValve.java:202)\n	org.apache.catalina.core.StandardContextValve.invoke(StandardContextValve.java:97)\n	org.apache.catalina.authenticator.AuthenticatorBase.invoke(AuthenticatorBase.java:542)\n	org.apache.catalina.core.StandardHostValve.invoke(StandardHostValve.java:143)\n	org.apache.catalina.valves.ErrorReportValve.invoke(ErrorReportValve.java:92)\n	org.apache.catalina.core.StandardEngineValve.invoke(StandardEngineValve.java:78)\n	org.apache.catalina.connector.CoyoteAdapter.service(CoyoteAdapter.java:343)\n	org.apache.coyote.http11.Http11Processor.service(Http11Processor.java:374)\n	org.apache.coyote.AbstractProcessorLight.process(AbstractProcessorLight.java:65)\n	org.apache.coyote.AbstractProtocol$ConnectionHandler.process(AbstractProtocol.java:868)\n	org.apache.tomcat.util.net.NioEndpoint$SocketProcessor.doRun(NioEndpoint.java:1590)\n	org.apache.tomcat.util.net.SocketProcessorBase.run(SocketProcessorBase.java:49)\n	java.util.concurrent.ThreadPoolExecutor.runWorker(ThreadPoolExecutor.java:1142)\n	java.util.concurrent.ThreadPoolExecutor$Worker.run(ThreadPoolExecutor.java:617)\n	org.apache.tomcat.util.threads.TaskThread$WrappingRunnable.run(TaskThread.java:61)\n	java.lang.Thread.run(Thread.java:745)\n	', '2021-04-27 21:07:16', null), ('25', '53', 'org.springframework.dao.DataIntegrityViolationException:\r\n### Error updating database.  Cause: com.mysql.cj.jdbc.exceptions.MysqlDataTruncation: Data truncation: Data too long for column \'telephone\' at row 1\r\n### The error may exist in file [E:\\wan-admin\\wan-admin\\wan-system\\target\\classes\\mapper\\SysUserMapper.xml]\r\n### The error may involve com.wan.system.mapper.SysUserMapper.insertUser-Inline\r\n### The error occurred while setting parameters\r\n### SQL: insert into sys_user(     loginname,      username,      password,           telephone,      email,      sex,      status,     gmt_create   ) values (     ?,      ?,      ?,           ?,      ?,      ?,      ?,     now()   )\r\n### Cause: com.mysql.cj.jdbc.exceptions.MysqlDataTruncation: Data truncation: Data too long for column \'telephone\' at row 1\n; Data truncation: Data too long for column \'telephone\' at row 1; nested exception is com.mysql.cj.jdbc.exceptions.MysqlDataTruncation: Data truncation: Data too long for column \'telephone\' at row 1\n	org.springframework.jdbc.support.SQLStateSQLExceptionTranslator.doTranslate(SQLStateSQLExceptionTranslator.java:104)\n	org.springframework.jdbc.support.AbstractFallbackSQLExceptionTranslator.translate(AbstractFallbackSQLExceptionTranslator.java:72)\n	org.springframework.jdbc.support.AbstractFallbackSQLExceptionTranslator.translate(AbstractFallbackSQLExceptionTranslator.java:81)\n	org.springframework.jdbc.support.AbstractFallbackSQLExceptionTranslator.translate(AbstractFallbackSQLExceptionTranslator.java:81)\n	org.mybatis.spring.MyBatisExceptionTranslator.translateExceptionIfPossible(MyBatisExceptionTranslator.java:88)\n	org.mybatis.spring.SqlSessionTemplate$SqlSessionInterceptor.invoke(SqlSessionTemplate.java:440)\n	com.sun.proxy.$Proxy93.insert(Unknown Source)\n	org.mybatis.spring.SqlSessionTemplate.insert(SqlSessionTemplate.java:271)\n	org.apache.ibatis.binding.MapperMethod.execute(MapperMethod.java:62)\n	org.apache.ibatis.binding.MapperProxy$PlainMethodInvoker.invoke(MapperProxy.java:152)\n	org.apache.ibatis.binding.MapperProxy.invoke(MapperProxy.java:85)\n	com.sun.proxy.$Proxy94.insertUser(Unknown Source)\n	com.wan.system.service.impl.SysUserServiceImpl.insertUser(SysUserServiceImpl.java:75)\n	com.wan.system.service.impl.SysUserServiceImpl$$FastClassBySpringCGLIB$$cb6db2aa.invoke(<generated>)\n	org.springframework.cglib.proxy.MethodProxy.invoke(MethodProxy.java:218)\n	org.springframework.aop.framework.CglibAopProxy$CglibMethodInvocation.invokeJoinpoint(CglibAopProxy.java:771)\n	org.springframework.aop.framework.ReflectiveMethodInvocation.proceed(ReflectiveMethodInvocation.java:163)\n	org.springframework.aop.framework.CglibAopProxy$CglibMethodInvocation.proceed(CglibAopProxy.java:749)\n	org.springframework.transaction.interceptor.TransactionAspectSupport.invokeWithinTransaction(TransactionAspectSupport.java:367)\n	org.springframework.transaction.interceptor.TransactionInterceptor.invoke(TransactionInterceptor.java:118)\n	org.springframework.aop.framework.ReflectiveMethodInvocation.proceed(ReflectiveMethodInvocation.java:186)\n	org.springframework.aop.framework.CglibAopProxy$CglibMethodInvocation.proceed(CglibAopProxy.java:749)\n	org.springframework.aop.framework.CglibAopProxy$DynamicAdvisedInterceptor.intercept(CglibAopProxy.java:691)\n	com.wan.system.service.impl.SysUserServiceImpl$$EnhancerBySpringCGLIB$$be4109d7.insertUser(<generated>)\n	com.wan.web.controller.system.SysUserController.save(SysUserController.java:113)\n	com.wan.web.controller.system.SysUserController$$FastClassBySpringCGLIB$$3197ae56.invoke(<generated>)\n	org.springframework.cglib.proxy.MethodProxy.invoke(MethodProxy.java:218)\n	org.springframework.aop.framework.CglibAopProxy$CglibMethodInvocation.invokeJoinpoint(CglibAopProxy.java:771)\n	org.springframework.aop.framework.ReflectiveMethodInvocation.proceed(ReflectiveMethodInvocation.java:163)\n	org.springframework.aop.framework.CglibAopProxy$CglibMethodInvocation.proceed(CglibAopProxy.java:749)\n	org.springframework.aop.aspectj.AspectJAfterThrowingAdvice.invoke(AspectJAfterThrowingAdvice.java:62)\n	org.springframework.aop.framework.ReflectiveMethodInvocation.proceed(ReflectiveMethodInvocation.java:175)\n	org.springframework.aop.framework.CglibAopProxy$CglibMethodInvocation.proceed(CglibAopProxy.java:749)\n	org.springframework.aop.framework.adapter.AfterReturningAdviceInterceptor.invoke(AfterReturningAdviceInterceptor.java:55)\n	org.springframework.aop.framework.ReflectiveMethodInvocation.proceed(ReflectiveMethodInvocation.java:175)\n	org.springframework.aop.framework.CglibAopProxy$CglibMethodInvocation.proceed(CglibAopProxy.java:749)\n	org.springframework.security.access.intercept.aopalliance.MethodSecurityInterceptor.invoke(MethodSecurityInterceptor.java:69)\n	org.springframework.aop.framework.ReflectiveMethodInvocation.proceed(ReflectiveMethodInvocation.java:186)\n	org.springframework.aop.framework.CglibAopProxy$CglibMethodInvocation.proceed(CglibAopProxy.java:749)\n	org.springframework.aop.interceptor.ExposeInvocationInterceptor.invoke(ExposeInvocationInterceptor.java:95)\n	org.springframework.aop.framework.ReflectiveMethodInvocation.proceed(ReflectiveMethodInvocation.java:186)\n	org.springframework.aop.framework.CglibAopProxy$CglibMethodInvocation.proceed(CglibAopProxy.java:749)\n	org.springframework.aop.framework.CglibAopProxy$DynamicAdvisedInterceptor.intercept(CglibAopProxy.java:691)\n	com.wan.web.controller.system.SysUserController$$EnhancerBySpringCGLIB$$e8c5ef99.save(<generated>)\n	sun.reflect.NativeMethodAccessorImpl.invoke0(Native Method)\n	sun.reflect.NativeMethodAccessorImpl.invoke(NativeMethodAccessorImpl.java:62)\n	sun.reflect.DelegatingMethodAccessorImpl.invoke(DelegatingMethodAccessorImpl.java:43)\n	java.lang.reflect.Method.invoke(Method.java:497)\n	org.springframework.web.method.support.InvocableHandlerMethod.doInvoke(InvocableHandlerMethod.java:190)\n	org.springframework.web.method.support.InvocableHandlerMethod.invokeForRequest(InvocableHandlerMethod.java:138)\n	org.springframework.web.servlet.mvc.method.annotation.ServletInvocableHandlerMethod.invokeAndHandle(ServletInvocableHandlerMethod.java:105)\n	org.springframework.web.servlet.mvc.method.annotation.RequestMappingHandlerAdapter.invokeHandlerMethod(RequestMappingHandlerAdapter.java:878)\n	org.springframework.web.servlet.mvc.method.annotation.RequestMappingHandlerAdapter.handleInternal(RequestMappingHandlerAdapter.java:792)\n	org.springframework.web.servlet.mvc.method.AbstractHandlerMethodAdapter.handle(AbstractHandlerMethodAdapter.java:87)\n	org.springframework.web.servlet.DispatcherServlet.doDispatch(DispatcherServlet.java:1040)\n	org.springframework.web.servlet.DispatcherServlet.doService(DispatcherServlet.java:943)\n	org.springframework.web.servlet.FrameworkServlet.processRequest(FrameworkServlet.java:1006)\n	org.springframework.web.servlet.FrameworkServlet.doPost(FrameworkServlet.java:909)\n	javax.servlet.http.HttpServlet.service(HttpServlet.java:652)\n	org.springframework.web.servlet.FrameworkServlet.service(FrameworkServlet.java:883)\n	javax.servlet.http.HttpServlet.service(HttpServlet.java:733)\n	org.apache.catalina.core.ApplicationFilterChain.internalDoFilter(ApplicationFilterChain.java:231)\n	org.apache.catalina.core.ApplicationFilterChain.doFilter(ApplicationFilterChain.java:166)\n	org.apache.tomcat.websocket.server.WsFilter.doFilter(WsFilter.java:53)\n	org.apache.catalina.core.ApplicationFilterChain.internalDoFilter(ApplicationFilterChain.java:193)\n	org.apache.catalina.core.ApplicationFilterChain.doFilter(ApplicationFilterChain.java:166)\n	org.springframework.web.filter.OncePerRequestFilter.doFilter(OncePerRequestFilter.java:113)\n	org.apache.catalina.core.ApplicationFilterChain.internalDoFilter(ApplicationFilterChain.java:193)\n	org.apache.catalina.core.ApplicationFilterChain.doFilter(ApplicationFilterChain.java:166)\n	com.alibaba.druid.support.http.WebStatFilter.doFilter(WebStatFilter.java:123)\n	org.apache.catalina.core.ApplicationFilterChain.internalDoFilter(ApplicationFilterChain.java:193)\n	org.apache.catalina.core.ApplicationFilterChain.doFilter(ApplicationFilterChain.java:166)\n	org.springframework.security.web.FilterChainProxy$VirtualFilterChain.doFilter(FilterChainProxy.java:320)\n	org.springframework.security.web.access.intercept.FilterSecurityInterceptor.invoke(FilterSecurityInterceptor.java:126)\n	org.springframework.security.web.access.intercept.FilterSecurityInterceptor.doFilter(FilterSecurityInterceptor.java:90)\n	org.springframework.security.web.FilterChainProxy$VirtualFilterChain.doFilter(FilterChainProxy.java:334)\n	org.springframework.security.web.access.ExceptionTranslationFilter.doFilter(ExceptionTranslationFilter.java:118)\n	org.springframework.security.web.FilterChainProxy$VirtualFilterChain.doFilter(FilterChainProxy.java:334)\n	org.springframework.security.web.session.SessionManagementFilter.doFilter(SessionManagementFilter.java:137)\n	org.springframework.security.web.FilterChainProxy$VirtualFilterChain.doFilter(FilterChainProxy.java:334)\n	org.springframework.security.web.authentication.AnonymousAuthenticationFilter.doFilter(AnonymousAuthenticationFilter.java:111)\n	org.springframework.security.web.FilterChainProxy$VirtualFilterChain.doFilter(FilterChainProxy.java:334)\n	org.springframework.security.web.servletapi.SecurityContextHolderAwareRequestFilter.doFilter(SecurityContextHolderAwareRequestFilter.java:158)\n	org.springframework.security.web.FilterChainProxy$VirtualFilterChain.doFilter(FilterChainProxy.java:334)\n	org.springframework.security.web.savedrequest.RequestCacheAwareFilter.doFilter(RequestCacheAwareFilter.java:63)\n	org.springframework.security.web.FilterChainProxy$VirtualFilterChain.doFilter(FilterChainProxy.java:334)\n	org.springframework.security.web.session.ConcurrentSessionFilter.doFilter(ConcurrentSessionFilter.java:152)\n	org.springframework.security.web.FilterChainProxy$VirtualFilterChain.doFilter(FilterChainProxy.java:334)\n	org.springframework.security.web.authentication.AbstractAuthenticationProcessingFilter.doFilter(AbstractAuthenticationProcessingFilter.java:200)\n	org.springframework.security.web.FilterChainProxy$VirtualFilterChain.doFilter(FilterChainProxy.java:334)\n	com.wan.security.filter.CaptchaFilter.doFilterInternal(CaptchaFilter.java:44)\n	org.springframework.web.filter.OncePerRequestFilter.doFilter(OncePerRequestFilter.java:119)\n	org.springframework.security.web.FilterChainProxy$VirtualFilterChain.doFilter(FilterChainProxy.java:334)\n	org.springframework.security.web.authentication.logout.LogoutFilter.doFilter(LogoutFilter.java:116)\n	org.springframework.security.web.FilterChainProxy$VirtualFilterChain.doFilter(FilterChainProxy.java:334)\n	org.springframework.security.web.header.HeaderWriterFilter.doHeadersAfter(HeaderWriterFilter.java:92)\n	org.springframework.security.web.header.HeaderWriterFilter.doFilterInternal(HeaderWriterFilter.java:77)\n	org.springframework.web.filter.OncePerRequestFilter.doFilter(OncePerRequestFilter.java:119)\n	org.springframework.security.web.FilterChainProxy$VirtualFilterChain.doFilter(FilterChainProxy.java:334)\n	org.springframework.security.web.context.SecurityContextPersistenceFilter.doFilter(SecurityContextPersistenceFilter.java:105)\n	org.springframework.security.web.FilterChainProxy$VirtualFilterChain.doFilter(FilterChainProxy.java:334)\n	org.springframework.security.web.context.request.async.WebAsyncManagerIntegrationFilter.doFilterInternal(WebAsyncManagerIntegrationFilter.java:56)\n	org.springframework.web.filter.OncePerRequestFilter.doFilter(OncePerRequestFilter.java:119)\n	org.springframework.security.web.FilterChainProxy$VirtualFilterChain.doFilter(FilterChainProxy.java:334)\n	org.springframework.security.web.FilterChainProxy.doFilterInternal(FilterChainProxy.java:215)\n	org.springframework.security.web.FilterChainProxy.doFilter(FilterChainProxy.java:178)\n	org.springframework.web.filter.DelegatingFilterProxy.invokeDelegate(DelegatingFilterProxy.java:358)\n	org.springframework.web.filter.DelegatingFilterProxy.doFilter(DelegatingFilterProxy.java:271)\n	org.apache.catalina.core.ApplicationFilterChain.internalDoFilter(ApplicationFilterChain.java:193)\n	org.apache.catalina.core.ApplicationFilterChain.doFilter(ApplicationFilterChain.java:166)\n	org.springframework.web.filter.RequestContextFilter.doFilterInternal(RequestContextFilter.java:100)\n	org.springframework.web.filter.OncePerRequestFilter.doFilter(OncePerRequestFilter.java:119)\n	org.apache.catalina.core.ApplicationFilterChain.internalDoFilter(ApplicationFilterChain.java:193)\n	org.apache.catalina.core.ApplicationFilterChain.doFilter(ApplicationFilterChain.java:166)\n	org.springframework.web.filter.FormContentFilter.doFilterInternal(FormContentFilter.java:93)\n	org.springframework.web.filter.OncePerRequestFilter.doFilter(OncePerRequestFilter.java:119)\n	org.apache.catalina.core.ApplicationFilterChain.internalDoFilter(ApplicationFilterChain.java:193)\n	org.apache.catalina.core.ApplicationFilterChain.doFilter(ApplicationFilterChain.java:166)\n	org.springframework.web.filter.CharacterEncodingFilter.doFilterInternal(CharacterEncodingFilter.java:201)\n	org.springframework.web.filter.OncePerRequestFilter.doFilter(OncePerRequestFilter.java:119)\n	org.apache.catalina.core.ApplicationFilterChain.internalDoFilter(ApplicationFilterChain.java:193)\n	org.apache.catalina.core.ApplicationFilterChain.doFilter(ApplicationFilterChain.java:166)\n	org.apache.catalina.core.StandardWrapperValve.invoke(StandardWrapperValve.java:202)\n	org.apache.catalina.core.StandardContextValve.invoke(StandardContextValve.java:97)\n	org.apache.catalina.authenticator.AuthenticatorBase.invoke(AuthenticatorBase.java:542)\n	org.apache.catalina.core.StandardHostValve.invoke(StandardHostValve.java:143)\n	org.apache.catalina.valves.ErrorReportValve.invoke(ErrorReportValve.java:92)\n	org.apache.catalina.core.StandardEngineValve.invoke(StandardEngineValve.java:78)\n	org.apache.catalina.connector.CoyoteAdapter.service(CoyoteAdapter.java:343)\n	org.apache.coyote.http11.Http11Processor.service(Http11Processor.java:374)\n	org.apache.coyote.AbstractProcessorLight.process(AbstractProcessorLight.java:65)\n	org.apache.coyote.AbstractProtocol$ConnectionHandler.process(AbstractProtocol.java:868)\n	org.apache.tomcat.util.net.NioEndpoint$SocketProcessor.doRun(NioEndpoint.java:1590)\n	org.apache.tomcat.util.net.SocketProcessorBase.run(SocketProcessorBase.java:49)\n	java.util.concurrent.ThreadPoolExecutor.runWorker(ThreadPoolExecutor.java:1142)\n	java.util.concurrent.ThreadPoolExecutor$Worker.run(ThreadPoolExecutor.java:617)\n	org.apache.tomcat.util.threads.TaskThread$WrappingRunnable.run(TaskThread.java:61)\n	java.lang.Thread.run(Thread.java:745)\n	', '2021-04-28 22:56:29', null);
COMMIT;

-- ----------------------------
-- Table structure for `sys_job`
-- ----------------------------
DROP TABLE IF EXISTS `sys_job`;
CREATE TABLE `sys_job` (
`job_id`  bigint(20) UNSIGNED NOT NULL AUTO_INCREMENT ,
`job_name`  varchar(255) CHARACTER SET utf8 COLLATE utf8_general_ci NOT NULL COMMENT '任务名称' ,
`job_class`  varchar(255) CHARACTER SET utf8 COLLATE utf8_general_ci NOT NULL COMMENT '任务执行类' ,
`status`  char(1) CHARACTER SET utf8 COLLATE utf8_general_ci NOT NULL DEFAULT '1' ,
`cron_expression`  varchar(255) CHARACTER SET utf8 COLLATE utf8_general_ci NOT NULL COMMENT '任务运行时间表达式' ,
`gmt_create`  datetime NOT NULL ,
`gmt_modified`  datetime NULL DEFAULT NULL ,
PRIMARY KEY (`job_id`)
)
ENGINE=InnoDB
DEFAULT CHARACTER SET=utf8 COLLATE=utf8_general_ci
AUTO_INCREMENT=9

;

-- ----------------------------
-- Records of sys_job
-- ----------------------------
BEGIN;
INSERT INTO sys_job VALUES ('6', '测试定时任务', 'com.wan.quartz.job.TestJob', '0', '*/5 * * * * ?', '2021-04-21 22:41:36', '2021-05-01 16:38:33'), ('7', '删除过期日志', 'com.wan.quartz.job.LogJob', '0', '0 0 1 1 * ?', '2021-04-21 22:45:48', '2021-04-25 20:58:40'), ('8', '删除过期用户通知', 'com.wan.quartz.job.UserNoticeJob', '0', '0 0 1 1 * ?', '2021-04-29 21:18:20', null);
COMMIT;

-- ----------------------------
-- Table structure for `sys_job_log`
-- ----------------------------
DROP TABLE IF EXISTS `sys_job_log`;
CREATE TABLE `sys_job_log` (
`log_id`  bigint(20) UNSIGNED NOT NULL AUTO_INCREMENT ,
`job_name`  varchar(255) CHARACTER SET utf8 COLLATE utf8_general_ci NOT NULL ,
`status`  char(1) CHARACTER SET utf8 COLLATE utf8_general_ci NOT NULL DEFAULT '0' COMMENT '状态：0正常1异常' ,
`error_message`  text CHARACTER SET utf8 COLLATE utf8_general_ci NULL DEFAULT NULL COMMENT '异常信息' ,
`gmt_create`  datetime NOT NULL ,
`gmt_modified`  datetime NULL DEFAULT NULL ,
PRIMARY KEY (`log_id`)
)
ENGINE=InnoDB
DEFAULT CHARACTER SET=utf8 COLLATE=utf8_general_ci
AUTO_INCREMENT=7

;

-- ----------------------------
-- Records of sys_job_log
-- ----------------------------
BEGIN;
INSERT INTO sys_job_log VALUES ('1', '删除过期用户通知', '0', null, '2021-04-29 21:23:00', null), ('2', '删除过期用户通知', '0', null, '2021-04-29 21:23:26', null), ('3', '删除过期用户通知', '0', null, '2021-04-29 21:23:48', null), ('4', '删除过期用户通知', '0', null, '2021-04-29 21:24:05', null), ('5', '测试定时任务', '0', null, '2021-05-01 16:38:25', null), ('6', '测试定时任务', '0', null, '2021-05-01 16:38:30', null);
COMMIT;

-- ----------------------------
-- Table structure for `sys_log`
-- ----------------------------
DROP TABLE IF EXISTS `sys_log`;
CREATE TABLE `sys_log` (
`log_id`  bigint(20) UNSIGNED NOT NULL AUTO_INCREMENT ,
`status`  char(1) CHARACTER SET utf8 COLLATE utf8_general_ci NOT NULL DEFAULT '0' COMMENT '状态：0正常1异常' ,
`business_name`  varchar(255) CHARACTER SET utf8 COLLATE utf8_general_ci NOT NULL COMMENT '业务名称' ,
`operation_type`  varchar(255) CHARACTER SET utf8 COLLATE utf8_general_ci NOT NULL COMMENT '操作类型' ,
`content`  varchar(255) CHARACTER SET utf8 COLLATE utf8_general_ci NOT NULL COMMENT '内容' ,
`method`  varchar(255) CHARACTER SET utf8 COLLATE utf8_general_ci NOT NULL COMMENT '请求方法' ,
`url`  varchar(255) CHARACTER SET utf8 COLLATE utf8_general_ci NULL DEFAULT NULL COMMENT '请求地址' ,
`request_param`  varchar(5000) CHARACTER SET utf8 COLLATE utf8_general_ci NULL DEFAULT NULL COMMENT '请求参数' ,
`response_param`  varchar(5000) CHARACTER SET utf8 COLLATE utf8_general_ci NULL DEFAULT NULL COMMENT '返回参数' ,
`operator`  bigint(20) UNSIGNED NULL DEFAULT NULL COMMENT '操作人员' ,
`ip`  varchar(255) CHARACTER SET utf8 COLLATE utf8_general_ci NULL DEFAULT NULL ,
`gmt_create`  datetime NOT NULL ,
`gmt_modified`  datetime NULL DEFAULT NULL ,
PRIMARY KEY (`log_id`)
)
ENGINE=InnoDB
DEFAULT CHARACTER SET=utf8 COLLATE=utf8_general_ci
AUTO_INCREMENT=157

;

-- ----------------------------
-- Records of sys_log
-- ----------------------------
BEGIN;
INSERT INTO sys_log VALUES ('1', '1', '通知管理', 'DELETE', '删除通知', 'com.wan.web.controller.system.SysNoticeController.remove', '/wan-admin/system/notice/remove/6', '{\"id\":\"6\"}', null, '1', '0:0:0:0:0:0:0:1', '2021-04-27 21:02:16', null), ('2', '1', '通知管理', 'DELETE', '删除通知', 'com.wan.web.controller.system.SysNoticeController.remove', '/wan-admin/system/notice/remove/7', '{\"id\":\"7\"}', null, '1', '0:0:0:0:0:0:0:1', '2021-04-27 21:07:16', null), ('3', '0', '退出登录', 'LOGOUT', '退出登录', 'com.wan.security.handler.MyLogoutSuccessHandler.onLogoutSuccess', '/wan-admin/logout', null, null, '1', '127.0.0.1', '2021-04-27 21:10:36', null), ('4', '0', '通知管理', 'DELETE', '删除通知', 'com.wan.web.controller.system.SysNoticeController.remove', '/wan-admin/system/notice/remove/7', '{\"id\":\"7\"}', '{\"code\":0,\"message\":\"执行成功\",\"data\":null}', '1', '0:0:0:0:0:0:0:1', '2021-04-27 21:11:11', null), ('5', '0', '通知管理', 'UPDATE', '修改通知', 'com.wan.web.controller.system.SysNoticeController.update', '/wan-admin/system/notice/update', '{\"id\":\"8\",\"title\":\"111111111111\",\"content\":\"<p>1111111111111111111111</p>\"}', '{\"code\":0,\"message\":\"执行成功\",\"data\":null}', '1', '0:0:0:0:0:0:0:1', '2021-04-27 21:11:26', null), ('6', '0', '通知管理', 'INSERT', '新增通知', 'com.wan.web.controller.system.SysNoticeController.save', '/wan-admin/system/notice/save', '{\"title\":\"222222222222222\",\"content\":\"<p>22222222222222222222222222</p>\"}', '{\"code\":0,\"message\":\"执行成功\",\"data\":null}', '1', '0:0:0:0:0:0:0:1', '2021-04-27 21:11:31', null), ('7', '0', '通知管理', 'INSERT', '新增通知', 'com.wan.web.controller.system.SysNoticeController.save', '/wan-admin/system/notice/save', '{\"title\":\"333333333333333333333\",\"content\":\"<p>3333333333333333333333333</p>\"}', '{\"code\":0,\"message\":\"执行成功\",\"data\":null}', '1', '0:0:0:0:0:0:0:1', '2021-04-27 21:11:36', null), ('8', '0', '通知管理', 'INSERT', '新增通知', 'com.wan.web.controller.system.SysNoticeController.save', '/wan-admin/system/notice/save', '{\"title\":\"44444444444444444\",\"content\":\"<p>4444444444444444444444</p>\"}', '{\"code\":0,\"message\":\"执行成功\",\"data\":null}', '1', '0:0:0:0:0:0:0:1', '2021-04-27 21:11:41', null), ('9', '0', '通知管理', 'INSERT', '新增通知', 'com.wan.web.controller.system.SysNoticeController.save', '/wan-admin/system/notice/save', '{\"title\":\"55555555555\",\"content\":\"<p>5555555555555555555555555555555555555555555555555555555555555555555555555555555555555555555555555555555555555555555555555555</p>\"}', '{\"code\":0,\"message\":\"执行成功\",\"data\":null}', '1', '0:0:0:0:0:0:0:1', '2021-04-27 21:11:51', null), ('10', '0', '通知管理', 'INSERT', '新增通知', 'com.wan.web.controller.system.SysNoticeController.save', '/wan-admin/system/notice/save', '{\"title\":\"666666666666666\",\"content\":\"<p>6666666666666666666666</p>\"}', '{\"code\":0,\"message\":\"执行成功\",\"data\":null}', '1', '0:0:0:0:0:0:0:1', '2021-04-27 21:11:56', null), ('11', '0', '通知管理', 'INSERT', '新增通知', 'com.wan.web.controller.system.SysNoticeController.save', '/wan-admin/system/notice/save', '{\"title\":\"7777777777777777777777\",\"content\":\"<p>7777777777777777777777777</p>\"}', '{\"code\":0,\"message\":\"执行成功\",\"data\":null}', '1', '0:0:0:0:0:0:0:1', '2021-04-27 21:12:01', null), ('12', '0', '通知管理', 'INSERT', '新增通知', 'com.wan.web.controller.system.SysNoticeController.save', '/wan-admin/system/notice/save', '{\"title\":\"888888888888888\",\"content\":\"<p>888888888888888</p>\"}', '{\"code\":0,\"message\":\"执行成功\",\"data\":null}', '1', '0:0:0:0:0:0:0:1', '2021-04-27 21:12:06', null), ('13', '0', '通知管理', 'INSERT', '新增通知', 'com.wan.web.controller.system.SysNoticeController.save', '/wan-admin/system/notice/save', '{\"title\":\"99999999999999999999\",\"content\":\"<p>99999999999999999999999</p>\"}', '{\"code\":0,\"message\":\"执行成功\",\"data\":null}', '1', '0:0:0:0:0:0:0:1', '2021-04-27 21:12:11', null), ('14', '0', '通知管理', 'INSERT', '发送通知', 'com.wan.web.controller.system.SysNoticeController.send', '/wan-admin/system/notice/send/8', '{\"id\":\"8\"}', '{\"code\":0,\"message\":\"执行成功\",\"data\":null}', '1', '0:0:0:0:0:0:0:1', '2021-04-27 21:12:16', null), ('15', '0', '通知管理', 'INSERT', '发送通知', 'com.wan.web.controller.system.SysNoticeController.send', '/wan-admin/system/notice/send/9', '{\"id\":\"9\"}', '{\"code\":0,\"message\":\"执行成功\",\"data\":null}', '1', '0:0:0:0:0:0:0:1', '2021-04-27 21:12:18', null), ('16', '0', '通知管理', 'INSERT', '发送通知', 'com.wan.web.controller.system.SysNoticeController.send', '/wan-admin/system/notice/send/10', '{\"id\":\"10\"}', '{\"code\":0,\"message\":\"执行成功\",\"data\":null}', '1', '0:0:0:0:0:0:0:1', '2021-04-27 21:12:20', null), ('17', '0', '通知管理', 'INSERT', '发送通知', 'com.wan.web.controller.system.SysNoticeController.send', '/wan-admin/system/notice/send/11', '{\"id\":\"11\"}', '{\"code\":0,\"message\":\"执行成功\",\"data\":null}', '1', '0:0:0:0:0:0:0:1', '2021-04-27 21:12:23', null), ('18', '0', '通知管理', 'INSERT', '发送通知', 'com.wan.web.controller.system.SysNoticeController.send', '/wan-admin/system/notice/send/12', '{\"id\":\"12\"}', '{\"code\":0,\"message\":\"执行成功\",\"data\":null}', '1', '0:0:0:0:0:0:0:1', '2021-04-27 21:12:24', null), ('19', '0', '通知管理', 'INSERT', '发送通知', 'com.wan.web.controller.system.SysNoticeController.send', '/wan-admin/system/notice/send/13', '{\"id\":\"13\"}', '{\"code\":0,\"message\":\"执行成功\",\"data\":null}', '1', '0:0:0:0:0:0:0:1', '2021-04-27 21:12:26', null), ('20', '0', '通知管理', 'INSERT', '发送通知', 'com.wan.web.controller.system.SysNoticeController.send', '/wan-admin/system/notice/send/14', '{\"id\":\"14\"}', '{\"code\":0,\"message\":\"执行成功\",\"data\":null}', '1', '0:0:0:0:0:0:0:1', '2021-04-27 21:12:27', null), ('21', '0', '通知管理', 'INSERT', '发送通知', 'com.wan.web.controller.system.SysNoticeController.send', '/wan-admin/system/notice/send/15', '{\"id\":\"15\"}', '{\"code\":0,\"message\":\"执行成功\",\"data\":null}', '1', '0:0:0:0:0:0:0:1', '2021-04-27 21:12:29', null), ('22', '0', '通知管理', 'INSERT', '发送通知', 'com.wan.web.controller.system.SysNoticeController.send', '/wan-admin/system/notice/send/16', '{\"id\":\"16\"}', '{\"code\":0,\"message\":\"执行成功\",\"data\":null}', '1', '0:0:0:0:0:0:0:1', '2021-04-27 21:12:31', null), ('23', '0', '用户通知', 'UPDATE', '已读通知', 'com.wan.web.controller.system.SysUserNoticeController.read', '/wan-admin/system/user/notice/read/50', '{\"id\":\"50\"}', '{\"code\":0,\"message\":\"执行成功\",\"data\":null}', '9', '127.0.0.1', '2021-04-27 21:12:44', null), ('24', '0', '用户通知', 'UPDATE', '已读通知', 'com.wan.web.controller.system.SysUserNoticeController.read', '/wan-admin/system/user/notice/read/47', '{\"id\":\"47\"}', '{\"code\":0,\"message\":\"执行成功\",\"data\":null}', '9', '127.0.0.1', '2021-04-27 21:14:34', null), ('25', '0', '通知管理', 'INSERT', '新增通知', 'com.wan.web.controller.system.SysNoticeController.save', '/wan-admin/system/notice/save', '{\"title\":\"spring boot框架中使用阿里druid连接池的问题\",\"content\":\"<p>53534553</p>\"}', '{\"code\":0,\"message\":\"执行成功\",\"data\":null}', '1', '0:0:0:0:0:0:0:1', '2021-04-27 21:14:57', null), ('26', '0', '通知管理', 'INSERT', '新增通知', 'com.wan.web.controller.system.SysNoticeController.save', '/wan-admin/system/notice/save', '{\"title\":\"测试\",\"content\":\"<p>534534534</p>\"}', '{\"code\":0,\"message\":\"执行成功\",\"data\":null}', '1', '0:0:0:0:0:0:0:1', '2021-04-27 21:15:07', null), ('27', '0', '通知管理', 'INSERT', '发送通知', 'com.wan.web.controller.system.SysNoticeController.send', '/wan-admin/system/notice/send/17', '{\"id\":\"17\"}', '{\"code\":0,\"message\":\"执行成功\",\"data\":null}', '1', '0:0:0:0:0:0:0:1', '2021-04-27 21:15:09', null), ('28', '0', '通知管理', 'INSERT', '发送通知', 'com.wan.web.controller.system.SysNoticeController.send', '/wan-admin/system/notice/send/18', '{\"id\":\"18\"}', '{\"code\":0,\"message\":\"执行成功\",\"data\":null}', '1', '0:0:0:0:0:0:0:1', '2021-04-27 21:15:11', null), ('29', '0', '用户通知', 'UPDATE', '已读通知', 'com.wan.web.controller.system.SysUserNoticeController.read', '/wan-admin/system/user/notice/read/35', '{\"id\":\"35\"}', '{\"code\":0,\"message\":\"执行成功\",\"data\":null}', '9', '127.0.0.1', '2021-04-27 21:15:21', null), ('30', '0', '用户通知', 'UPDATE', '已读通知', 'com.wan.web.controller.system.SysUserNoticeController.read', '/wan-admin/system/user/notice/read/26', '{\"id\":\"26\"}', '{\"code\":0,\"message\":\"执行成功\",\"data\":null}', '9', '127.0.0.1', '2021-04-27 21:15:25', null), ('31', '0', '用户通知', 'UPDATE', '已读通知', 'com.wan.web.controller.system.SysUserNoticeController.read', '/wan-admin/system/user/notice/read/56', '{\"id\":\"56\"}', '{\"code\":0,\"message\":\"执行成功\",\"data\":null}', '9', '127.0.0.1', '2021-04-27 21:25:20', null), ('32', '0', '通知管理', 'INSERT', '新增通知', 'com.wan.web.controller.system.SysNoticeController.save', '/wan-admin/system/notice/save', '{\"title\":\"测试websocket推送消息\",\"content\":\"<p>45345345</p>\"}', '{\"code\":0,\"message\":\"执行成功\",\"data\":null}', '1', '0:0:0:0:0:0:0:1', '2021-04-27 22:46:15', null), ('33', '0', '通知管理', 'INSERT', '发送通知', 'com.wan.web.controller.system.SysNoticeController.send', '/wan-admin/system/notice/send/19', '{\"id\":\"19\"}', '{\"code\":0,\"message\":\"执行成功\",\"data\":null}', '1', '0:0:0:0:0:0:0:1', '2021-04-27 22:46:24', null), ('34', '0', '通知管理', 'DELETE', '删除通知', 'com.wan.web.controller.system.SysNoticeController.remove', '/wan-admin/system/notice/remove/17', '{\"id\":\"17\"}', '{\"code\":0,\"message\":\"执行成功\",\"data\":null}', '1', '0:0:0:0:0:0:0:1', '2021-04-27 22:48:47', null), ('35', '0', '通知管理', 'DELETE', '删除通知', 'com.wan.web.controller.system.SysNoticeController.remove', '/wan-admin/system/notice/remove/18', '{\"id\":\"18\"}', '{\"code\":0,\"message\":\"执行成功\",\"data\":null}', '1', '0:0:0:0:0:0:0:1', '2021-04-27 22:49:19', null), ('36', '0', '通知管理', 'INSERT', '新增通知', 'com.wan.web.controller.system.SysNoticeController.save', '/wan-admin/system/notice/save', '{\"title\":\"ccccccccccccc\",\"content\":\"<p>ccccccccccc</p>\"}', '{\"code\":0,\"message\":\"执行成功\",\"data\":null}', '1', '127.0.0.1', '2021-04-27 23:21:15', null), ('37', '0', '通知管理', 'INSERT', '发送通知', 'com.wan.web.controller.system.SysNoticeController.send', '/wan-admin/system/notice/send/20', '{\"id\":\"20\"}', '{\"code\":0,\"message\":\"执行成功\",\"data\":null}', '1', '127.0.0.1', '2021-04-27 23:21:28', null), ('38', '0', '通知管理', 'DELETE', '删除通知', 'com.wan.web.controller.system.SysNoticeController.remove', '/wan-admin/system/notice/remove/20', '{\"id\":\"20\"}', '{\"code\":0,\"message\":\"执行成功\",\"data\":null}', '1', '127.0.0.1', '2021-04-27 23:21:56', null), ('39', '0', '退出登录', 'LOGOUT', '退出登录', 'com.wan.security.handler.MyLogoutSuccessHandler.onLogoutSuccess', '/wan-admin/logout', null, null, '9', '0:0:0:0:0:0:0:1', '2021-04-27 23:24:28', null), ('40', '0', '通知管理', 'INSERT', '新增通知', 'com.wan.web.controller.system.SysNoticeController.save', '/wan-admin/system/notice/save', '{\"title\":\"4234\",\"content\":\"<p><br></p>\"}', '{\"code\":0,\"message\":\"执行成功\",\"data\":null}', '1', '0:0:0:0:0:0:0:1', '2021-04-27 23:25:31', null), ('41', '0', '通知管理', 'DELETE', '删除通知', 'com.wan.web.controller.system.SysNoticeController.remove', '/wan-admin/system/notice/remove/21', '{\"id\":\"21\"}', '{\"code\":0,\"message\":\"执行成功\",\"data\":null}', '1', '0:0:0:0:0:0:0:1', '2021-04-27 23:25:52', null), ('42', '0', '通知管理', 'INSERT', '新增通知', 'com.wan.web.controller.system.SysNoticeController.save', '/wan-admin/system/notice/save', '{\"title\":\"5353\",\"content\":\"<p>52523</p>\"}', '{\"code\":0,\"message\":\"执行成功\",\"data\":null}', '1', '0:0:0:0:0:0:0:1', '2021-04-27 23:35:31', null), ('43', '0', '通知管理', 'UPDATE', '修改通知', 'com.wan.web.controller.system.SysNoticeController.update', '/wan-admin/system/notice/update', '{\"id\":\"22\",\"title\":\"5353\",\"content\":\"<p><br></p>\"}', '{\"code\":0,\"message\":\"执行成功\",\"data\":null}', '1', '0:0:0:0:0:0:0:1', '2021-04-27 23:37:17', null), ('44', '0', '通知管理', 'UPDATE', '修改通知', 'com.wan.web.controller.system.SysNoticeController.update', '/wan-admin/system/notice/update', '{\"id\":\"22\",\"title\":\"5353\",\"content\":\"<p>532523</p>\"}', '{\"code\":0,\"message\":\"执行成功\",\"data\":null}', '1', '0:0:0:0:0:0:0:1', '2021-04-27 23:37:30', null), ('45', '0', '用户管理', 'UPDATE', '修改用户', 'com.wan.web.controller.system.SysUserController.update', '/wan-admin/system/user/update', '{\"password\":\"$2a$10$RI4F1zM/M7PcaZ3K1ADEi.pApzpFbGv8A/crc5y80GGbdY.Ui3I/.\",\"loginname\":\"admin\",\"sex\":\"2\",\"roles\":\"1\",\"telephone\":\"\",\"id\":\"1\",\"avatar\":\"1/Image/20210428224643012-16.jpg\",\"email\":\"\",\"username\":\"管理员\",\"status\":\"1\"}', '{\"code\":0,\"message\":\"执行成功\",\"data\":null}', '1', '0:0:0:0:0:0:0:1', '2021-04-28 22:46:44', null), ('46', '0', '退出登录', 'LOGOUT', '退出登录', 'com.wan.security.handler.MyLogoutSuccessHandler.onLogoutSuccess', '/wan-admin/logout', null, null, '1', '0:0:0:0:0:0:0:1', '2021-04-28 22:46:47', null), ('47', '0', '用户通知', 'UPDATE', '全部已读', 'com.wan.web.controller.system.SysUserNoticeController.allRead', '/wan-admin/system/user/notice/allRead', '{}', '{\"code\":0,\"message\":\"执行成功\",\"data\":null}', '9', '0:0:0:0:0:0:0:1', '2021-04-28 22:51:31', null), ('48', '0', '用户通知', 'UPDATE', '删除通知', 'com.wan.web.controller.system.SysUserNoticeController.remove', '/wan-admin/system/user/notice/remove', '{\"ids\":\"26\"}', '{\"code\":0,\"message\":\"执行成功\",\"data\":null}', '9', '0:0:0:0:0:0:0:1', '2021-04-28 22:52:31', null), ('49', '0', '我的设置', 'UPDATE', '修改密码', 'com.wan.web.controller.system.SysUserController.updatePwd', '/wan-admin/system/user/updatePwd', '{\"newpwd\":\"1234567\",\"confirmpwd\":\"1234567\",\"oldpwd\":\"123456\"}', null, '9', '0:0:0:0:0:0:0:1', '2021-04-28 22:53:17', null), ('50', '0', '用户通知', 'UPDATE', '已读通知', 'com.wan.web.controller.system.SysUserNoticeController.read', '/wan-admin/system/user/notice/read/57', '{\"id\":\"57\"}', '{\"code\":0,\"message\":\"执行成功\",\"data\":null}', '1', '127.0.0.1', '2021-04-28 22:55:00', null), ('51', '0', '用户管理', 'UPDATE', '修改用户状态', 'com.wan.web.controller.system.SysUserController.updateStatus', '/wan-admin/system/user/updateStatus', '{\"id\":\"8\",\"status\":\"0\"}', '{\"code\":0,\"message\":\"执行成功\",\"data\":null}', '1', '127.0.0.1', '2021-04-28 22:55:24', null), ('52', '0', '用户管理', 'DELETE', '删除用户', 'com.wan.web.controller.system.SysUserController.remove', '/wan-admin/system/user/remove/8', '{\"id\":\"8\"}', '{\"code\":0,\"message\":\"执行成功\",\"data\":null}', '1', '127.0.0.1', '2021-04-28 22:55:49', null), ('53', '1', '用户管理', 'INSERT', '新增用户', 'com.wan.web.controller.system.SysUserController.save', '/wan-admin/system/user/save', '{\"password\":\"123456\",\"loginname\":\"test2\",\"sex\":\"2\",\"roles\":\"3\",\"telephone\":\"111111111111111\",\"avatar\":\"\",\"email\":\"11111111111@111\",\"username\":\"测试人员2\",\"confirm_password\":\"123456\",\"status\":\"1\"}', null, '1', '127.0.0.1', '2021-04-28 22:56:29', null), ('54', '0', '用户管理', 'INSERT', '新增用户', 'com.wan.web.controller.system.SysUserController.save', '/wan-admin/system/user/save', '{\"password\":\"123456\",\"loginname\":\"test2\",\"roles\":\"3\",\"telephone\":\"11111111111\",\"avatar\":\"\",\"email\":\"11111111111@111\",\"username\":\"测试人员2\",\"confirm_password\":\"123456\",\"status\":\"1\"}', '{\"code\":0,\"message\":\"执行成功\",\"data\":null}', '1', '127.0.0.1', '2021-04-28 23:03:12', null), ('55', '0', '用户管理', 'UPDATE', '修改用户', 'com.wan.web.controller.system.SysUserController.update', '/wan-admin/system/user/update', '{\"password\":\"$2a$10$A5BnzE0yGIHw/g4Ai25jP.qyidE5su4MZiw1fC8NDne9owrW6Tmd.\",\"loginname\":\"test2\",\"roles\":\"3\",\"telephone\":\"11111111112\",\"id\":\"10\",\"avatar\":\"\",\"email\":\"11111111111@111\",\"username\":\"测试人员2\",\"status\":\"1\"}', '{\"code\":0,\"message\":\"执行成功\",\"data\":null}', '1', '127.0.0.1', '2021-04-28 23:04:25', null), ('56', '0', '用户管理', 'UPDATE', '修改用户状态', 'com.wan.web.controller.system.SysUserController.updateStatus', '/wan-admin/system/user/updateStatus', '{\"id\":\"10\",\"status\":\"0\"}', '{\"code\":0,\"message\":\"执行成功\",\"data\":null}', '1', '127.0.0.1', '2021-04-28 23:04:33', null), ('57', '0', '角色管理', 'UPDATE', '修改角色', 'com.wan.web.controller.system.SysRoleController.update', '/wan-admin/system/role/update', '{\"rolename\":\"ROLE_YY\",\"description\":\"运营人员\",\"id\":\"4\"}', '{\"code\":0,\"message\":\"执行成功\",\"data\":null}', '1', '127.0.0.1', '2021-04-28 23:05:45', null), ('58', '0', '角色管理', 'INSERT', '设置权限', 'com.wan.web.controller.system.SysRoleController.saveRules', '/wan-admin/system/role/saveRules', '{\"rules\":\"open:job:manage\",\"id\":\"4\"}', '{\"code\":0,\"message\":\"执行成功\",\"data\":null}', '1', '127.0.0.1', '2021-04-28 23:05:52', null), ('59', '0', '角色管理', 'INSERT', '新增角色', 'com.wan.web.controller.system.SysRoleController.save', '/wan-admin/system/role/save', '{\"rolename\":\"ROLE_MY\",\"description\":\"测试用\"}', '{\"code\":0,\"message\":\"执行成功\",\"data\":null}', '1', '127.0.0.1', '2021-04-28 23:06:19', null), ('60', '0', '角色管理', 'INSERT', '新增角色', 'com.wan.web.controller.system.SysRoleController.save', '/wan-admin/system/role/save', '{\"rolename\":\"1ROLE_\",\"description\":\"测试用\"}', '{\"code\":0,\"message\":\"执行成功\",\"data\":null}', '1', '127.0.0.1', '2021-04-28 23:29:45', null), ('61', '0', '角色管理', 'DELETE', '删除角色', 'com.wan.web.controller.system.SysRoleController.remove', '/wan-admin/system/role/remove/6', '{\"id\":\"6\"}', '{\"code\":0,\"message\":\"执行成功\",\"data\":null}', '1', '127.0.0.1', '2021-04-28 23:29:54', null), ('62', '0', '角色管理', 'INSERT', '新增角色', 'com.wan.web.controller.system.SysRoleController.save', '/wan-admin/system/role/save', '{\"rolename\":\"ROLE_EE\",\"description\":\"5345\"}', '{\"code\":0,\"message\":\"执行成功\",\"data\":null}', '1', '127.0.0.1', '2021-04-28 23:32:35', null), ('63', '0', '角色管理', 'INSERT', '新增角色', 'com.wan.web.controller.system.SysRoleController.save', '/wan-admin/system/role/save', '{\"rolename\":\"ROLE_111\",\"description\":\"554\"}', '{\"code\":0,\"message\":\"执行成功\",\"data\":null}', '1', '127.0.0.1', '2021-04-28 23:35:40', null), ('64', '0', '角色管理', 'DELETE', '删除角色', 'com.wan.web.controller.system.SysRoleController.remove', '/wan-admin/system/role/remove/8', '{\"id\":\"8\"}', '{\"code\":0,\"message\":\"执行成功\",\"data\":null}', '1', '127.0.0.1', '2021-04-28 23:35:42', null), ('65', '0', '角色管理', 'DELETE', '删除角色', 'com.wan.web.controller.system.SysRoleController.remove', '/wan-admin/system/role/remove/7', '{\"id\":\"7\"}', '{\"code\":0,\"message\":\"执行成功\",\"data\":null}', '1', '127.0.0.1', '2021-04-28 23:35:44', null), ('66', '0', '角色管理', 'DELETE', '删除角色', 'com.wan.web.controller.system.SysRoleController.remove', '/wan-admin/system/role/remove/5', '{\"id\":\"5\"}', '{\"code\":0,\"message\":\"执行成功\",\"data\":null}', '1', '127.0.0.1', '2021-04-28 23:35:45', null), ('67', '0', '定时任务管理', 'INSERT', '新增类型定时任务', 'com.wan.web.controller.system.SysJobController.save', '/wan-admin/system/job/save', '{\"jobName\":\"删除过期用户通知\",\"cronExpression\":\"0 0 1 1 * ?\",\"jobClass\":\"com.wan.quartz.job.UserNoticeJob\",\"status\":\"0\"}', '{\"code\":0,\"message\":\"执行成功\",\"data\":null}', '1', '0:0:0:0:0:0:0:1', '2021-04-29 21:18:20', null), ('68', '0', '定时任务管理', 'INSERT', '运行一次定时任务', 'com.wan.web.controller.system.SysJobController.runOnce', '/wan-admin/system/job/runOnce/8', '{\"id\":\"8\"}', '{\"code\":0,\"message\":\"执行成功\",\"data\":null}', '1', '0:0:0:0:0:0:0:1', '2021-04-29 21:23:00', null), ('69', '0', '定时任务管理', 'INSERT', '运行一次定时任务', 'com.wan.web.controller.system.SysJobController.runOnce', '/wan-admin/system/job/runOnce/8', '{\"id\":\"8\"}', '{\"code\":0,\"message\":\"执行成功\",\"data\":null}', '1', '0:0:0:0:0:0:0:1', '2021-04-29 21:23:26', null), ('70', '0', '定时任务管理', 'INSERT', '运行一次定时任务', 'com.wan.web.controller.system.SysJobController.runOnce', '/wan-admin/system/job/runOnce/8', '{\"id\":\"8\"}', '{\"code\":0,\"message\":\"执行成功\",\"data\":null}', '1', '0:0:0:0:0:0:0:1', '2021-04-29 21:23:48', null), ('71', '0', '定时任务管理', 'INSERT', '运行一次定时任务', 'com.wan.web.controller.system.SysJobController.runOnce', '/wan-admin/system/job/runOnce/8', '{\"id\":\"8\"}', '{\"code\":0,\"message\":\"执行成功\",\"data\":null}', '1', '0:0:0:0:0:0:0:1', '2021-04-29 21:24:05', null), ('72', '0', '角色管理', 'INSERT', '新增角色', 'com.wan.web.controller.system.SysRoleController.save', '/wan-admin/system/role/save', '{\"rolename\":\"ROLE_424\",\"description\":\"411\"}', '{\"code\":0,\"message\":\"执行成功\",\"data\":null}', '1', '0:0:0:0:0:0:0:1', '2021-04-29 21:29:55', null), ('73', '0', '角色管理', 'UPDATE', '修改角色', 'com.wan.web.controller.system.SysRoleController.update', '/wan-admin/system/role/update', '{\"rolename\":\"ROLE_424\",\"description\":\"41111\",\"id\":\"9\"}', '{\"code\":0,\"message\":\"执行成功\",\"data\":null}', '1', '0:0:0:0:0:0:0:1', '2021-04-29 21:29:58', null), ('74', '0', '角色管理', 'DELETE', '删除角色', 'com.wan.web.controller.system.SysRoleController.remove', '/wan-admin/system/role/remove/9', '{\"id\":\"9\"}', '{\"code\":0,\"message\":\"执行成功\",\"data\":null}', '1', '0:0:0:0:0:0:0:1', '2021-04-29 21:30:00', null), ('75', '0', '网站配置', 'UPDATE', '修改配置', 'com.wan.web.controller.system.SysConfigController.update', '/wan-admin/system/config/update', '{\"web_site_logo_type\":\"TEXT\",\"web_site_keywords\":\"wanAdmin,后台管理系统\",\"upload_image_ext\":\"\",\"web_site_description\":\"wanAdmin是一个简易后台管理系统。\",\"web_site_logo_image\":\"\",\"web_site_logo_text\":\"wanAdmin\",\"web_site_title\":\"wanAdmin后台管理系统\",\"web_site_copyright\":\"Copyright © 2021. wmj.zone All rights reserved.\"}', '{\"code\":0,\"message\":\"执行成功\",\"data\":null}', '1', '0:0:0:0:0:0:0:1', '2021-04-29 21:33:38', null), ('76', '0', '用户管理', 'UPDATE', '修改用户', 'com.wan.web.controller.system.SysUserController.update', '/wan-admin/system/user/update', '{\"password\":\"$2a$10$ZeLiISS3mYmvS75vBiD0r.5xkECqw3N0JqeE7MkX1ngHMXkrEuyqW\",\"loginname\":\"test\",\"sex\":\"2\",\"roles\":\"3\",\"telephone\":\"\",\"id\":\"9\",\"avatar\":\"1/Image/20210429213547005-7.jpg\",\"email\":\"\",\"username\":\"测试账号\",\"status\":\"1\"}', '{\"code\":0,\"message\":\"执行成功\",\"data\":null}', '1', '0:0:0:0:0:0:0:1', '2021-04-29 21:36:15', null), ('77', '0', '用户管理', 'UPDATE', '修改用户', 'com.wan.web.controller.system.SysUserController.update', '/wan-admin/system/user/update', '{\"password\":\"$2a$10$RI4F1zM/M7PcaZ3K1ADEi.pApzpFbGv8A/crc5y80GGbdY.Ui3I/.\",\"loginname\":\"admin\",\"sex\":\"2\",\"roles\":\"1\",\"telephone\":\"\",\"id\":\"1\",\"avatar\":\"1/Image/20210429214806452-wanFans.png\",\"email\":\"\",\"username\":\"管理员\",\"status\":\"1\"}', '{\"code\":0,\"message\":\"执行成功\",\"data\":null}', '1', '0:0:0:0:0:0:0:1', '2021-04-29 21:48:07', null), ('78', '0', '退出登录', 'LOGOUT', '退出登录', 'com.wan.security.handler.MyLogoutSuccessHandler.onLogoutSuccess', '/wan-admin/logout', null, null, '1', '0:0:0:0:0:0:0:1', '2021-04-29 21:48:16', null), ('79', '0', '用户管理', 'UPDATE', '修改用户', 'com.wan.web.controller.system.SysUserController.update', '/wan-admin/system/user/update', '{\"password\":\"$2a$10$RI4F1zM/M7PcaZ3K1ADEi.pApzpFbGv8A/crc5y80GGbdY.Ui3I/.\",\"loginname\":\"admin\",\"sex\":\"2\",\"roles\":\"1\",\"telephone\":\"\",\"id\":\"1\",\"avatar\":\"1/Image/20210429215031690-avatar.jpg\",\"email\":\"\",\"username\":\"管理员\",\"status\":\"1\"}', '{\"code\":0,\"message\":\"执行成功\",\"data\":null}', '1', '0:0:0:0:0:0:0:1', '2021-04-29 21:50:33', null), ('80', '0', '退出登录', 'LOGOUT', '退出登录', 'com.wan.security.handler.MyLogoutSuccessHandler.onLogoutSuccess', '/wan-admin/logout', null, null, '1', '0:0:0:0:0:0:0:1', '2021-04-29 21:50:35', null), ('81', '0', '网站配置', 'UPDATE', '修改配置', 'com.wan.web.controller.system.SysConfigController.update', '/wan-admin/system/config/update', '{\"web_site_logo_type\":\"TEXT\",\"web_site_keywords\":\"wanAdmin,后台管理系统\",\"upload_image_ext\":\"\",\"web_site_description\":\"wanAdmin是一个简易后台管理系统。\",\"web_site_logo_image\":\"\",\"web_site_logo_text\":\"wanAdmin\",\"web_site_title\":\"wanAdmin后台管理系统\",\"web_site_copyright\":\"Copyright © 2021. wmj.zone All rights reserved.\"}', '{\"code\":0,\"message\":\"执行成功\",\"data\":null}', '1', '0:0:0:0:0:0:0:1', '2021-04-29 22:06:37', null), ('82', '0', '网站配置', 'UPDATE', '修改配置', 'com.wan.web.controller.system.SysConfigController.update', '/wan-admin/system/config/update', '{\"web_site_logo_type\":\"TEXT\",\"web_site_keywords\":\"wanAdmin,后台管理系统\",\"upload_image_ext\":\".png,.jpg,.jpeg,.bmp,.gif\",\"web_site_description\":\"wanAdmin是一个简易后台管理系统。\",\"web_site_logo_image\":\"\",\"web_site_logo_text\":\"wanAdmin\",\"web_site_title\":\"wanAdmin后台管理系统\",\"web_site_copyright\":\"Copyright © 2021. wmj.zone All rights reserved.\"}', '{\"code\":0,\"message\":\"执行成功\",\"data\":null}', '1', '0:0:0:0:0:0:0:1', '2021-04-29 22:21:03', null), ('83', '0', '用户管理', 'UPDATE', '修改用户', 'com.wan.web.controller.system.SysUserController.update', '/wan-admin/system/user/update', '{\"password\":\"$2a$10$ZeLiISS3mYmvS75vBiD0r.5xkECqw3N0JqeE7MkX1ngHMXkrEuyqW\",\"loginname\":\"test\",\"sex\":\"2\",\"roles\":\"3\",\"telephone\":\"\",\"id\":\"9\",\"avatar\":\"1/Image/20210429233700683-avatar-1_cut.png\",\"email\":\"\",\"username\":\"测试账号\",\"status\":\"1\"}', '{\"code\":0,\"message\":\"执行成功\",\"data\":null}', '1', '0:0:0:0:0:0:0:1', '2021-04-29 23:37:03', null), ('84', '0', '网站配置', 'UPDATE', '修改配置', 'com.wan.web.controller.system.SysConfigController.update', '/wan-admin/system/config/update', '{\"web_site_logo_type\":\"IMAGE\",\"web_site_keywords\":\"wanAdmin,后台管理系统\",\"upload_image_ext\":\".png,.jpg,.jpeg,.bmp,.gif\",\"web_site_description\":\"wanAdmin是一个简易后台管理系统。\",\"web_site_logo_image\":\"1/Image/20210429233728307-logo.png\",\"web_site_logo_text\":\"\",\"web_site_title\":\"wanAdmin后台管理系统\",\"web_site_copyright\":\"Copyright © 2021. wmj.zone All rights reserved.\"}', '{\"code\":0,\"message\":\"执行成功\",\"data\":null}', '1', '0:0:0:0:0:0:0:1', '2021-04-29 23:37:32', null), ('85', '0', '网站配置', 'UPDATE', '修改配置', 'com.wan.web.controller.system.SysConfigController.update', '/wan-admin/system/config/update', '{\"web_site_logo_type\":\"TEXT\",\"web_site_keywords\":\"wanAdmin,后台管理系统\",\"upload_image_ext\":\".png,.jpg,.jpeg,.bmp,.gif\",\"web_site_description\":\"wanAdmin是一个简易后台管理系统。\",\"web_site_logo_image\":\"\",\"web_site_logo_text\":\"wanAdmin\",\"web_site_title\":\"wanAdmin后台管理系统\",\"web_site_copyright\":\"Copyright © 2021. wmj.zone All rights reserved.\"}', '{\"code\":0,\"message\":\"执行成功\",\"data\":null}', '1', '0:0:0:0:0:0:0:1', '2021-04-30 20:55:01', null), ('86', '0', '用户管理', 'UPDATE', '修改用户', 'com.wan.web.controller.system.SysUserController.update', '/wan-admin/system/user/update', '{\"password\":\"$2a$10$ZeLiISS3mYmvS75vBiD0r.5xkECqw3N0JqeE7MkX1ngHMXkrEuyqW\",\"loginname\":\"test\",\"sex\":\"2\",\"roles\":\"3\",\"telephone\":\"\",\"id\":\"9\",\"avatar\":\"1/Image/20210430205701437-avatar-2_cut.png\",\"email\":\"\",\"username\":\"测试账号\",\"status\":\"1\"}', '{\"code\":0,\"message\":\"执行成功\",\"data\":null}', '1', '0:0:0:0:0:0:0:1', '2021-04-30 20:57:03', null), ('87', '0', '用户管理', 'INSERT', '新增用户', 'com.wan.web.controller.system.SysUserController.save', '/wan-admin/system/user/save', '{\"password\":\"123456\",\"loginname\":\"test3\",\"roles\":\"3\",\"telephone\":\"\",\"avatar\":\"1/Image/20210430210118485-avatar-5_cut.png\",\"email\":\"\",\"username\":\"测试账号3\",\"confirm_password\":\"123456\",\"status\":\"1\"}', '{\"code\":0,\"message\":\"执行成功\",\"data\":null}', '1', '0:0:0:0:0:0:0:1', '2021-04-30 21:01:34', null), ('88', '0', '用户管理', 'UPDATE', '修改用户', 'com.wan.web.controller.system.SysUserController.update', '/wan-admin/system/user/update', '{\"password\":\"$2a$10$A5BnzE0yGIHw/g4Ai25jP.qyidE5su4MZiw1fC8NDne9owrW6Tmd.\",\"loginname\":\"test2\",\"roles\":\"3\",\"telephone\":\"11111111112\",\"id\":\"10\",\"avatar\":\"1/Image/20210430210659914-avatar-6_cut.png\",\"email\":\"11111111111@111\",\"username\":\"测试人员2\",\"status\":\"0\"}', '{\"code\":0,\"message\":\"执行成功\",\"data\":null}', '1', '0:0:0:0:0:0:0:1', '2021-04-30 21:07:01', null), ('89', '0', '我的设置', 'UPDATE', '修改个人信息', 'com.wan.web.controller.system.SysUserController.updateProfile', '/wan-admin/system/user/updateProfile', '{\"sex\":\"2\",\"telephone\":\"\",\"avatar\":\"1/Image/20210430212421270-avatar-7_cut.png\",\"email\":\"\",\"username\":\"管理员\"}', '{\"code\":0,\"message\":\"执行成功\",\"data\":null}', '1', '0:0:0:0:0:0:0:1', '2021-04-30 22:04:38', null), ('90', '0', '我的设置', 'UPDATE', '修改个人信息', 'com.wan.web.controller.system.SysUserController.updateProfile', '/wan-admin/system/user/updateProfile', '{\"sex\":\"2\",\"telephone\":\"\",\"avatar\":\"1/Image/20210430212421270-avatar-7_cut.png\",\"email\":\"\",\"username\":\"管理员\"}', '{\"code\":0,\"message\":\"执行成功\",\"data\":null}', '1', '0:0:0:0:0:0:0:1', '2021-04-30 22:08:41', null), ('91', '0', '退出登录', 'LOGOUT', '退出登录', 'com.wan.security.handler.MyLogoutSuccessHandler.onLogoutSuccess', '/wan-admin/logout', null, null, '1', '0:0:0:0:0:0:0:1', '2021-04-30 22:09:42', null), ('92', '0', '通知管理', 'INSERT', '新增通知', 'com.wan.web.controller.system.SysNoticeController.save', '/wan-admin/system/notice/save', '{\"title\":\"2423\",\"content\":\"<p><br></p>\"}', '{\"code\":0,\"message\":\"执行成功\",\"data\":null}', '1', '0:0:0:0:0:0:0:1', '2021-04-30 22:27:27', null), ('93', '0', '通知管理', 'INSERT', '新增通知', 'com.wan.web.controller.system.SysNoticeController.save', '/wan-admin/system/notice/save', '{\"title\":\"424\",\"content\":\"<p>4234</p>\"}', '{\"code\":0,\"message\":\"执行成功\",\"data\":null}', '1', '0:0:0:0:0:0:0:1', '2021-04-30 22:34:33', null), ('94', '0', '通知管理', 'INSERT', '新增通知', 'com.wan.web.controller.system.SysNoticeController.save', '/wan-admin/system/notice/save', '{\"title\":\"424\",\"content\":\"<p>424</p>\"}', '{\"code\":0,\"message\":\"执行成功\",\"data\":null}', '1', '0:0:0:0:0:0:0:1', '2021-04-30 22:40:44', null), ('95', '0', '通知管理', 'UPDATE', '修改通知', 'com.wan.web.controller.system.SysNoticeController.update', '/wan-admin/system/notice/update', '{\"id\":\"23\",\"title\":\"2423\",\"content\":\"<p>4234</p>\"}', '{\"code\":0,\"message\":\"执行成功\",\"data\":null}', '1', '0:0:0:0:0:0:0:1', '2021-04-30 22:40:53', null), ('96', '0', '菜单管理', 'INSERT', '新增菜单', 'com.wan.web.controller.system.SysMenuController.save', '/wan-admin/system/menu/save', '{\"permissionValue\":\"open:user:profile\",\"name\":\"个人信息\",\"pid\":\"8\",\"type\":\"MENU\",\"url\":\"system/user/profile\",\"seq\":\"1\",\"status\":\"1\"}', '{\"code\":0,\"message\":\"执行成功\",\"data\":null}', '1', '0:0:0:0:0:0:0:1', '2021-05-01 00:18:06', null), ('97', '0', '菜单管理', 'UPDATE', '修改菜单', 'com.wan.web.controller.system.SysMenuController.update', '/wan-admin/system/menu/update', '{\"permissionValue\":\"open:user:pwd\",\"name\":\"修改密码\",\"pid\":\"8\",\"id\":\"53\",\"type\":\"MENU\",\"url\":\"system/user/pwd\",\"seq\":\"2\",\"status\":\"1\"}', '{\"code\":0,\"message\":\"执行成功\",\"data\":null}', '1', '0:0:0:0:0:0:0:1', '2021-05-01 00:18:17', null), ('98', '0', '角色管理', 'INSERT', '设置权限', 'com.wan.web.controller.system.SysRoleController.saveRules', '/wan-admin/system/role/saveRules', '{\"rules\":\"open:user:manage\",\"id\":\"1\"}', '{\"code\":0,\"message\":\"执行成功\",\"data\":null}', '1', '0:0:0:0:0:0:0:1', '2021-05-01 00:19:15', null), ('99', '0', '退出登录', 'LOGOUT', '退出登录', 'com.wan.security.handler.MyLogoutSuccessHandler.onLogoutSuccess', '/wan-admin/logout', null, null, '1', '0:0:0:0:0:0:0:1', '2021-05-01 00:19:22', null), ('100', '0', '通知管理', 'INSERT', '发送通知', 'com.wan.web.controller.system.SysNoticeController.send', '/wan-admin/system/notice/send/23', '{\"id\":\"23\"}', '{\"code\":0,\"message\":\"执行成功\",\"data\":null}', '1', '0:0:0:0:0:0:0:1', '2021-05-01 00:20:02', null), ('101', '0', '通知管理', 'DELETE', '删除通知', 'com.wan.web.controller.system.SysNoticeController.remove', '/wan-admin/system/notice/remove/23', '{\"id\":\"23\"}', '{\"code\":0,\"message\":\"执行成功\",\"data\":null}', '1', '0:0:0:0:0:0:0:1', '2021-05-01 00:20:37', null);
INSERT INTO sys_log VALUES ('102', '0', '数据字典管理', 'UPDATE', '修改类型状态', 'com.wan.web.controller.system.SysDictController.updateStatus', '/wan-admin/system/dict/updateStatus', '{\"id\":\"11\",\"status\":\"0\"}', '{\"code\":0,\"message\":\"执行成功\",\"data\":null}', '1', '0:0:0:0:0:0:0:1', '2021-05-01 00:26:07', null), ('103', '0', '数据字典管理', 'UPDATE', '修改类型状态', 'com.wan.web.controller.system.SysDictController.updateStatus', '/wan-admin/system/dict/updateStatus', '{\"id\":\"11\",\"status\":\"1\"}', '{\"code\":0,\"message\":\"执行成功\",\"data\":null}', '1', '0:0:0:0:0:0:0:1', '2021-05-01 00:26:09', null), ('104', '0', '用户管理', 'DELETE', '删除用户', 'com.wan.web.controller.system.SysUserController.remove', '/wan-admin/system/user/remove/11', '{\"id\":\"11\"}', '{\"code\":0,\"message\":\"执行成功\",\"data\":null}', '1', '0:0:0:0:0:0:0:1', '2021-05-01 11:45:38', null), ('105', '0', '用户管理', 'DELETE', '删除用户', 'com.wan.web.controller.system.SysUserController.remove', '/wan-admin/system/user/remove/10', '{\"id\":\"10\"}', '{\"code\":0,\"message\":\"执行成功\",\"data\":null}', '1', '0:0:0:0:0:0:0:1', '2021-05-01 11:45:46', null), ('106', '0', '退出登录', 'LOGOUT', '退出登录', 'com.wan.security.handler.MyLogoutSuccessHandler.onLogoutSuccess', '/wan-admin/logout', null, null, '1', '0:0:0:0:0:0:0:1', '2021-05-01 11:54:06', null), ('107', '0', '网站配置', 'UPDATE', '修改配置', 'com.wan.web.controller.system.SysConfigController.update', '/wan-admin/system/config/update', '{\"web_site_logo_type\":\"TEXT\",\"web_site_keywords\":\"wanAdmin,后台管理系统\",\"upload_image_ext\":\".png,.jpg,.jpeg,.bmp,.gif\",\"web_site_description\":\"wanAdmin是一个简易后台管理系统。\",\"web_site_logo_image\":\"\",\"web_site_logo_text\":\"wanAdmin后台管理系统\",\"web_site_title\":\"wanAdmin后台管理系统\",\"web_site_copyright\":\"Copyright © 2021. wmj.zone All rights reserved.\"}', '{\"code\":0,\"message\":\"执行成功\",\"data\":null}', '1', '0:0:0:0:0:0:0:1', '2021-05-01 12:19:17', null), ('108', '0', '网站配置', 'UPDATE', '修改配置', 'com.wan.web.controller.system.SysConfigController.update', '/wan-admin/system/config/update', '{\"web_site_logo_type\":\"TEXT\",\"web_site_keywords\":\"wanAdmin,后台管理系统\",\"upload_image_ext\":\".png,.jpg,.jpeg,.bmp,.gif\",\"web_site_description\":\"wanAdmin是一个简易后台管理系统。\",\"web_site_logo_image\":\"\",\"web_site_logo_text\":\"wanAdmin\",\"web_site_title\":\"wanAdmin后台管理系统\",\"web_site_copyright\":\"Copyright © 2021. wmj.zone All rights reserved.\"}', '{\"code\":0,\"message\":\"执行成功\",\"data\":null}', '1', '0:0:0:0:0:0:0:1', '2021-05-01 12:19:32', null), ('109', '0', '角色管理', 'DELETE', '删除角色', 'com.wan.web.controller.system.SysRoleController.remove', '/wan-admin/system/role/remove/4', '{\"id\":\"4\"}', '{\"code\":0,\"message\":\"执行成功\",\"data\":null}', '1', '0:0:0:0:0:0:0:1', '2021-05-01 16:10:43', null), ('110', '0', '用户管理', 'UPDATE', '修改用户', 'com.wan.web.controller.system.SysUserController.update', '/wan-admin/system/user/update', '{\"password\":\"$2a$10$ZeLiISS3mYmvS75vBiD0r.5xkECqw3N0JqeE7MkX1ngHMXkrEuyqW\",\"loginname\":\"test\",\"sex\":\"1\",\"roles\":\"3\",\"telephone\":\"\",\"id\":\"9\",\"avatar\":\"1/Image/20210430205701437-avatar-2_cut.png\",\"email\":\"\",\"username\":\"测试账号\",\"status\":\"1\"}', '{\"code\":0,\"message\":\"执行成功\",\"data\":null}', '1', '0:0:0:0:0:0:0:1', '2021-05-01 16:11:25', null), ('111', '0', '通知管理', 'DELETE', '删除通知', 'com.wan.web.controller.system.SysNoticeController.remove', '/wan-admin/system/notice/remove/5', '{\"id\":\"5\"}', '{\"code\":0,\"message\":\"执行成功\",\"data\":null}', '1', '0:0:0:0:0:0:0:1', '2021-05-01 16:12:06', null), ('112', '0', '定时任务管理', 'UPDATE', '修改定时任务状态', 'com.wan.web.controller.system.SysJobController.updateStatus', '/wan-admin/system/job/updateStatus', '{\"id\":\"6\",\"status\":\"1\"}', '{\"code\":0,\"message\":\"执行成功\",\"data\":null}', '1', '0:0:0:0:0:0:0:1', '2021-05-01 16:38:23', null), ('113', '0', '定时任务管理', 'UPDATE', '修改定时任务状态', 'com.wan.web.controller.system.SysJobController.updateStatus', '/wan-admin/system/job/updateStatus', '{\"id\":\"6\",\"status\":\"0\"}', '{\"code\":0,\"message\":\"执行成功\",\"data\":null}', '1', '0:0:0:0:0:0:0:1', '2021-05-01 16:38:33', null), ('114', '0', '角色管理', 'INSERT', '设置权限', 'com.wan.web.controller.system.SysRoleController.saveRules', '/wan-admin/system/role/saveRules', '{\"rules\":\"open:monitor:manage\",\"id\":\"3\"}', '{\"code\":0,\"message\":\"执行成功\",\"data\":null}', '1', '0:0:0:0:0:0:0:1', '2021-05-01 17:00:46', null), ('115', '0', '角色管理', 'INSERT', '设置权限', 'com.wan.web.controller.system.SysRoleController.saveRules', '/wan-admin/system/role/saveRules', '{\"rules\":\"open:user:manage\",\"id\":\"1\"}', '{\"code\":0,\"message\":\"执行成功\",\"data\":null}', '1', '0:0:0:0:0:0:0:1', '2021-05-01 17:01:17', null), ('116', '0', '退出登录', 'LOGOUT', '退出登录', 'com.wan.security.handler.MyLogoutSuccessHandler.onLogoutSuccess', '/wan-admin/logout', null, null, '1', '0:0:0:0:0:0:0:1', '2021-05-01 17:01:20', null), ('117', '0', '用户管理', 'INSERT', '新增用户', 'com.wan.web.controller.system.SysUserController.save', '/wan-admin/system/user/save', '{\"password\":\"123456\",\"loginname\":\"test11\",\"roles\":\"1\",\"telephone\":\"\",\"avatar\":\"\",\"email\":\"\",\"username\":\"测试账号\",\"confirm_password\":\"123456\",\"status\":\"1\"}', '{\"code\":0,\"message\":\"执行成功\",\"data\":null}', '1', '0:0:0:0:0:0:0:1', '2021-05-01 17:11:41', null), ('118', '0', '角色管理', 'INSERT', '设置权限', 'com.wan.web.controller.system.SysRoleController.saveRules', '/wan-admin/system/role/saveRules', '{\"rules\":\"open:user:manage\",\"id\":\"1\"}', '{\"code\":0,\"message\":\"执行成功\",\"data\":null}', '1', '0:0:0:0:0:0:0:1', '2021-05-01 17:11:56', null), ('119', '0', '退出登录', 'LOGOUT', '退出登录', 'com.wan.security.handler.MyLogoutSuccessHandler.onLogoutSuccess', '/wan-admin/logout', null, null, '1', '0:0:0:0:0:0:0:1', '2021-05-01 17:11:58', null), ('120', '0', '用户管理', 'DELETE', '删除用户', 'com.wan.web.controller.system.SysUserController.remove', '/wan-admin/system/user/remove/12', '{\"id\":\"12\"}', '{\"code\":0,\"message\":\"执行成功\",\"data\":null}', '1', '0:0:0:0:0:0:0:1', '2021-05-01 17:12:28', null), ('121', '0', '角色管理', 'INSERT', '设置权限', 'com.wan.web.controller.system.SysRoleController.saveRules', '/wan-admin/system/role/saveRules', '{\"rules\":\"open:monitor:manage\",\"id\":\"3\"}', '{\"code\":0,\"message\":\"执行成功\",\"data\":null}', '1', '0:0:0:0:0:0:0:1', '2021-05-01 17:13:39', null), ('122', '0', '用户管理', 'INSERT', '新增用户', 'com.wan.web.controller.system.SysUserController.save', '/wan-admin/system/user/save', '{\"password\":\"123456\",\"loginname\":\"test11\",\"roles\":\"3\",\"telephone\":\"\",\"avatar\":\"\",\"email\":\"\",\"username\":\"测试账号\",\"confirm_password\":\"123456\",\"status\":\"1\"}', '{\"code\":0,\"message\":\"执行成功\",\"data\":null}', '1', '0:0:0:0:0:0:0:1', '2021-05-01 17:20:03', null), ('123', '0', '通知管理', 'INSERT', '发送通知', 'com.wan.web.controller.system.SysNoticeController.send', '/wan-admin/system/notice/send/25', '{\"id\":\"25\"}', '{\"code\":0,\"message\":\"执行成功\",\"data\":null}', '1', '0:0:0:0:0:0:0:1', '2021-05-01 17:20:07', null), ('124', '0', '用户管理', 'DELETE', '删除用户', 'com.wan.web.controller.system.SysUserController.remove', '/wan-admin/system/user/remove/13', '{\"id\":\"13\"}', '{\"code\":0,\"message\":\"执行成功\",\"data\":null}', '1', '0:0:0:0:0:0:0:1', '2021-05-01 17:20:16', null), ('125', '0', '用户管理', 'INSERT', '新增用户', 'com.wan.web.controller.system.SysUserController.save', '/wan-admin/system/user/save', '{\"password\":\"123456\",\"loginname\":\"test11\",\"roles\":\"3\",\"telephone\":\"\",\"avatar\":\"\",\"email\":\"\",\"username\":\"测试账号\",\"confirm_password\":\"123456\",\"status\":\"1\"}', '{\"code\":0,\"message\":\"执行成功\",\"data\":null}', '1', '0:0:0:0:0:0:0:1', '2021-05-01 17:29:27', null), ('126', '0', '通知管理', 'INSERT', '发送通知', 'com.wan.web.controller.system.SysNoticeController.send', '/wan-admin/system/notice/send/24', '{\"id\":\"24\"}', '{\"code\":0,\"message\":\"执行成功\",\"data\":null}', '1', '0:0:0:0:0:0:0:1', '2021-05-01 17:29:34', null), ('127', '0', '用户管理', 'DELETE', '删除用户', 'com.wan.web.controller.system.SysUserController.remove', '/wan-admin/system/user/remove/14', '{\"id\":\"14\"}', '{\"code\":0,\"message\":\"执行成功\",\"data\":null}', '1', '0:0:0:0:0:0:0:1', '2021-05-01 17:29:45', null), ('128', '0', '通知管理', 'DELETE', '删除通知', 'com.wan.web.controller.system.SysNoticeController.remove', '/wan-admin/system/notice/remove/25', '{\"id\":\"25\"}', '{\"code\":0,\"message\":\"执行成功\",\"data\":null}', '1', '0:0:0:0:0:0:0:1', '2021-05-01 17:30:01', null), ('129', '0', '退出登录', 'LOGOUT', '退出登录', 'com.wan.security.handler.MyLogoutSuccessHandler.onLogoutSuccess', '/wan-admin/logout', null, null, '1', '0:0:0:0:0:0:0:1', '2021-05-01 21:35:11', null), ('130', '0', '菜单管理', 'UPDATE', '修改菜单', 'com.wan.web.controller.system.SysMenuController.update', '/wan-admin/system/menu/update', '{\"permissionValue\":\"do:user:add\",\"name\":\"新增用户\",\"pid\":\"38\",\"id\":\"40\",\"type\":\"BUTTON\",\"url\":\"\",\"seq\":\"1\",\"status\":\"1\"}', '{\"code\":0,\"message\":\"执行成功\",\"data\":null}', '1', '0:0:0:0:0:0:0:1', '2021-05-01 21:35:27', null), ('131', '0', '菜单管理', 'UPDATE', '修改菜单', 'com.wan.web.controller.system.SysMenuController.update', '/wan-admin/system/menu/update', '{\"permissionValue\":\"do:user:edit\",\"name\":\"编辑用户\",\"pid\":\"38\",\"id\":\"41\",\"type\":\"BUTTON\",\"url\":\"\",\"seq\":\"2\",\"status\":\"1\"}', '{\"code\":0,\"message\":\"执行成功\",\"data\":null}', '1', '0:0:0:0:0:0:0:1', '2021-05-01 21:35:35', null), ('132', '0', '菜单管理', 'UPDATE', '修改菜单', 'com.wan.web.controller.system.SysMenuController.update', '/wan-admin/system/menu/update', '{\"permissionValue\":\"do:role:add\",\"name\":\"新增角色\",\"pid\":\"39\",\"id\":\"49\",\"type\":\"BUTTON\",\"url\":\"\",\"seq\":\"1\",\"status\":\"1\"}', '{\"code\":0,\"message\":\"执行成功\",\"data\":null}', '1', '0:0:0:0:0:0:0:1', '2021-05-01 21:35:51', null), ('133', '0', '菜单管理', 'UPDATE', '修改菜单', 'com.wan.web.controller.system.SysMenuController.update', '/wan-admin/system/menu/update', '{\"permissionValue\":\"do:role:edit\",\"name\":\"编辑角色\",\"pid\":\"39\",\"id\":\"50\",\"type\":\"BUTTON\",\"url\":\"\",\"seq\":\"2\",\"status\":\"1\"}', '{\"code\":0,\"message\":\"执行成功\",\"data\":null}', '1', '0:0:0:0:0:0:0:1', '2021-05-01 21:36:25', null), ('134', '0', '菜单管理', 'UPDATE', '修改菜单', 'com.wan.web.controller.system.SysMenuController.update', '/wan-admin/system/menu/update', '{\"permissionValue\":\"do:role:rule\",\"name\":\"设置权限\",\"pid\":\"39\",\"id\":\"52\",\"type\":\"BUTTON\",\"url\":\"\",\"seq\":\"4\",\"status\":\"1\"}', '{\"code\":0,\"message\":\"执行成功\",\"data\":null}', '1', '0:0:0:0:0:0:0:1', '2021-05-01 21:36:34', null), ('135', '0', '退出登录', 'LOGOUT', '退出登录', 'com.wan.security.handler.MyLogoutSuccessHandler.onLogoutSuccess', '/wan-admin/logout', null, null, '1', '0:0:0:0:0:0:0:1', '2021-05-01 21:37:44', null), ('136', '0', '菜单管理', 'INSERT', '新增菜单', 'com.wan.web.controller.system.SysMenuController.save', '/wan-admin/system/menu/save', '{\"permissionValue\":\"do:config:edit\",\"name\":\"修改配置\",\"pid\":\"37\",\"type\":\"BUTTON\",\"url\":\"\",\"seq\":\"1\",\"status\":\"1\"}', '{\"code\":0,\"message\":\"执行成功\",\"data\":null}', '1', '0:0:0:0:0:0:0:1', '2021-05-01 21:38:30', null), ('137', '0', '菜单管理', 'UPDATE', '修改菜单', 'com.wan.web.controller.system.SysMenuController.update', '/wan-admin/system/menu/update', '{\"permissionValue\":\"do:config:edit\",\"name\":\"编辑配置\",\"pid\":\"37\",\"id\":\"73\",\"type\":\"BUTTON\",\"url\":\"\",\"seq\":\"1\",\"status\":\"1\"}', '{\"code\":0,\"message\":\"执行成功\",\"data\":null}', '1', '0:0:0:0:0:0:0:1', '2021-05-01 21:38:46', null), ('138', '0', '菜单管理', 'UPDATE', '修改菜单', 'com.wan.web.controller.system.SysMenuController.update', '/wan-admin/system/menu/update', '{\"permissionValue\":\"do:menu:add\",\"name\":\"新增菜单\",\"pid\":\"9\",\"id\":\"26\",\"type\":\"BUTTON\",\"url\":\"\",\"seq\":\"1\",\"status\":\"1\"}', '{\"code\":0,\"message\":\"执行成功\",\"data\":null}', '1', '0:0:0:0:0:0:0:1', '2021-05-01 21:39:09', null), ('139', '0', '菜单管理', 'UPDATE', '修改菜单', 'com.wan.web.controller.system.SysMenuController.update', '/wan-admin/system/menu/update', '{\"permissionValue\":\"do:menu:edit\",\"name\":\"编辑菜单\",\"pid\":\"9\",\"id\":\"27\",\"type\":\"BUTTON\",\"url\":\"\",\"seq\":\"2\",\"status\":\"1\"}', '{\"code\":0,\"message\":\"执行成功\",\"data\":null}', '1', '0:0:0:0:0:0:0:1', '2021-05-01 21:39:23', null), ('140', '0', '菜单管理', 'UPDATE', '修改菜单', 'com.wan.web.controller.system.SysMenuController.update', '/wan-admin/system/menu/update', '{\"permissionValue\":\"do:notice:add\",\"name\":\"新增通知\",\"pid\":\"55\",\"id\":\"56\",\"type\":\"BUTTON\",\"url\":\"\",\"seq\":\"1\",\"status\":\"1\"}', '{\"code\":0,\"message\":\"执行成功\",\"data\":null}', '1', '0:0:0:0:0:0:0:1', '2021-05-01 21:39:29', null), ('141', '0', '菜单管理', 'UPDATE', '修改菜单', 'com.wan.web.controller.system.SysMenuController.update', '/wan-admin/system/menu/update', '{\"permissionValue\":\"do:notice:edit\",\"name\":\"编辑通知\",\"pid\":\"55\",\"id\":\"57\",\"type\":\"BUTTON\",\"url\":\"\",\"seq\":\"2\",\"status\":\"1\"}', '{\"code\":0,\"message\":\"执行成功\",\"data\":null}', '1', '0:0:0:0:0:0:0:1', '2021-05-01 21:39:35', null), ('142', '0', '菜单管理', 'UPDATE', '修改菜单', 'com.wan.web.controller.system.SysMenuController.update', '/wan-admin/system/menu/update', '{\"permissionValue\":\"do:dict:add\",\"name\":\"新增类型\",\"pid\":\"60\",\"id\":\"62\",\"type\":\"BUTTON\",\"url\":\"\",\"seq\":\"1\",\"status\":\"1\"}', '{\"code\":0,\"message\":\"执行成功\",\"data\":null}', '1', '0:0:0:0:0:0:0:1', '2021-05-01 21:40:18', null), ('143', '0', '菜单管理', 'UPDATE', '修改菜单', 'com.wan.web.controller.system.SysMenuController.update', '/wan-admin/system/menu/update', '{\"permissionValue\":\"do:dict:edit\",\"name\":\"编辑类型\",\"pid\":\"60\",\"id\":\"63\",\"type\":\"BUTTON\",\"url\":\"\",\"seq\":\"2\",\"status\":\"1\"}', '{\"code\":0,\"message\":\"执行成功\",\"data\":null}', '1', '0:0:0:0:0:0:0:1', '2021-05-01 21:40:27', null), ('144', '0', '菜单管理', 'DELETE', '删除菜单', 'com.wan.web.controller.system.SysMenuController.remove', '/wan-admin/system/menu/remove/65', '{\"id\":\"65\"}', '{\"code\":0,\"message\":\"执行成功\",\"data\":null}', '1', '0:0:0:0:0:0:0:1', '2021-05-01 21:40:39', null), ('145', '0', '菜单管理', 'UPDATE', '修改菜单', 'com.wan.web.controller.system.SysMenuController.update', '/wan-admin/system/menu/update', '{\"permissionValue\":\"do:job:add\",\"name\":\"新增定时任务\",\"pid\":\"66\",\"id\":\"67\",\"type\":\"BUTTON\",\"url\":\"\",\"seq\":\"1\",\"status\":\"1\"}', '{\"code\":0,\"message\":\"执行成功\",\"data\":null}', '1', '0:0:0:0:0:0:0:1', '2021-05-01 21:40:50', null), ('146', '0', '菜单管理', 'UPDATE', '修改菜单', 'com.wan.web.controller.system.SysMenuController.update', '/wan-admin/system/menu/update', '{\"permissionValue\":\"do:job:edit\",\"name\":\"编辑定时任务\",\"pid\":\"66\",\"id\":\"68\",\"type\":\"BUTTON\",\"url\":\"\",\"seq\":\"2\",\"status\":\"1\"}', '{\"code\":0,\"message\":\"执行成功\",\"data\":null}', '1', '0:0:0:0:0:0:0:1', '2021-05-01 21:40:57', null), ('147', '0', '菜单管理', 'DELETE', '删除菜单', 'com.wan.web.controller.system.SysMenuController.remove', '/wan-admin/system/menu/remove/71', '{\"id\":\"71\"}', '{\"code\":0,\"message\":\"执行成功\",\"data\":null}', '1', '0:0:0:0:0:0:0:1', '2021-05-01 21:41:10', null), ('148', '0', '角色管理', 'INSERT', '设置权限', 'com.wan.web.controller.system.SysRoleController.saveRules', '/wan-admin/system/role/saveRules', '{\"rules\":\"open:user:manage\",\"id\":\"1\"}', '{\"code\":0,\"message\":\"执行成功\",\"data\":null}', '1', '0:0:0:0:0:0:0:1', '2021-05-01 21:41:23', null), ('149', '0', '角色管理', 'INSERT', '设置权限', 'com.wan.web.controller.system.SysRoleController.saveRules', '/wan-admin/system/role/saveRules', '{\"rules\":\"open:user:manage\",\"id\":\"1\"}', '{\"code\":0,\"message\":\"执行成功\",\"data\":null}', '1', '0:0:0:0:0:0:0:1', '2021-05-01 21:41:47', null), ('150', '0', '角色管理', 'INSERT', '设置权限', 'com.wan.web.controller.system.SysRoleController.saveRules', '/wan-admin/system/role/saveRules', '{\"rules\":\"open:user:manage\",\"id\":\"1\"}', '{\"code\":0,\"message\":\"执行成功\",\"data\":null}', '1', '0:0:0:0:0:0:0:1', '2021-05-01 21:41:54', null), ('151', '0', '退出登录', 'LOGOUT', '退出登录', 'com.wan.security.handler.MyLogoutSuccessHandler.onLogoutSuccess', '/wan-admin/logout', null, null, '1', '0:0:0:0:0:0:0:1', '2021-05-01 21:41:56', null), ('152', '0', '角色管理', 'INSERT', '设置权限', 'com.wan.web.controller.system.SysRoleController.saveRules', '/wan-admin/system/role/saveRules', '{\"rules\":\"open:user:manage\",\"id\":\"1\"}', '{\"code\":0,\"message\":\"执行成功\",\"data\":null}', '1', '0:0:0:0:0:0:0:1', '2021-05-01 21:42:16', null), ('153', '0', '退出登录', 'LOGOUT', '退出登录', 'com.wan.security.handler.MyLogoutSuccessHandler.onLogoutSuccess', '/wan-admin/logout', null, null, '1', '0:0:0:0:0:0:0:1', '2021-05-01 21:42:17', null), ('154', '0', '退出登录', 'LOGOUT', '退出登录', 'com.wan.security.handler.MyLogoutSuccessHandler.onLogoutSuccess', '/wan-admin/logout', null, null, '1', '0:0:0:0:0:0:0:1', '2021-05-01 21:43:32', null), ('155', '0', '退出登录', 'LOGOUT', '退出登录', 'com.wan.security.handler.MyLogoutSuccessHandler.onLogoutSuccess', '/wan-admin/logout', null, null, '1', '0:0:0:0:0:0:0:1', '2021-05-01 21:44:05', null), ('156', '0', '角色管理', 'INSERT', '设置权限', 'com.wan.web.controller.system.SysRoleController.saveRules', '/wan-admin/system/role/saveRules', '{\"rules\":\"open:user:manage\",\"id\":\"1\"}', '{\"code\":0,\"message\":\"执行成功\",\"data\":null}', '1', '0:0:0:0:0:0:0:1', '2021-05-01 21:44:14', null);
COMMIT;

-- ----------------------------
-- Table structure for `sys_login_log`
-- ----------------------------
DROP TABLE IF EXISTS `sys_login_log`;
CREATE TABLE `sys_login_log` (
`log_id`  bigint(20) UNSIGNED NOT NULL AUTO_INCREMENT ,
`loginname`  varchar(255) CHARACTER SET utf8 COLLATE utf8_general_ci NULL DEFAULT NULL ,
`user_id`  bigint(20) NULL DEFAULT NULL ,
`login_status`  char(1) CHARACTER SET utf8 COLLATE utf8_general_ci NOT NULL COMMENT '0为登录成功，1为登录失败' ,
`message`  varchar(255) CHARACTER SET utf8 COLLATE utf8_general_ci NULL DEFAULT NULL ,
`ip`  varchar(255) CHARACTER SET utf8 COLLATE utf8_general_ci NULL DEFAULT NULL ,
`user_agent`  varchar(255) CHARACTER SET utf8 COLLATE utf8_general_ci NULL DEFAULT NULL COMMENT '浏览器userAgent' ,
`browser`  varchar(255) CHARACTER SET utf8 COLLATE utf8_general_ci NULL DEFAULT NULL COMMENT '浏览器' ,
`operating_system`  varchar(255) CHARACTER SET utf8 COLLATE utf8_general_ci NULL DEFAULT NULL COMMENT '操作系统' ,
`gmt_create`  datetime NOT NULL ,
`gmt_modified`  datetime NULL DEFAULT NULL ,
PRIMARY KEY (`log_id`)
)
ENGINE=InnoDB
DEFAULT CHARACTER SET=utf8 COLLATE=utf8_general_ci
AUTO_INCREMENT=70

;

-- ----------------------------
-- Records of sys_login_log
-- ----------------------------
BEGIN;
INSERT INTO sys_login_log VALUES ('1', 'admin', '1', '0', '登录成功', '0:0:0:0:0:0:0:1', 'Mozilla/5.0 (Windows NT 10.0; Win64; x64) AppleWebKit/537.36 (KHTML, like Gecko) Chrome/89.0.4389.114 Safari/537.36', 'Chrome 8', 'Windows 10', '2021-04-27 21:01:54', null), ('2', 'admin', '1', '0', '登录成功', '0:0:0:0:0:0:0:1', 'Mozilla/5.0 (Windows NT 10.0; Win64; x64) AppleWebKit/537.36 (KHTML, like Gecko) Chrome/89.0.4389.114 Safari/537.36', 'Chrome 8', 'Windows 10', '2021-04-27 21:06:44', null), ('3', 'admin', '1', '0', '登录成功', '0:0:0:0:0:0:0:1', 'Mozilla/5.0 (Windows NT 10.0; Win64; x64) AppleWebKit/537.36 (KHTML, like Gecko) Chrome/89.0.4389.114 Safari/537.36', 'Chrome 8', 'Windows 10', '2021-04-27 21:09:16', null), ('4', 'admin', '1', '0', '登录成功', '127.0.0.1', 'Mozilla/5.0 (Windows NT 10.0; Win64; x64) AppleWebKit/537.36 (KHTML, like Gecko) Chrome/90.0.4430.85 Safari/537.36 Edg/90.0.818.49', 'Chrome 9', 'Windows 10', '2021-04-27 21:10:30', null), ('5', 'admin', '1', '0', '登录成功', '0:0:0:0:0:0:0:1', 'Mozilla/5.0 (Windows NT 10.0; Win64; x64) AppleWebKit/537.36 (KHTML, like Gecko) Chrome/89.0.4389.114 Safari/537.36', 'Chrome 8', 'Windows 10', '2021-04-27 21:10:45', null), ('6', 'test', '9', '0', '登录成功', '127.0.0.1', 'Mozilla/5.0 (Windows NT 10.0; Win64; x64) AppleWebKit/537.36 (KHTML, like Gecko) Chrome/90.0.4430.85 Safari/537.36 Edg/90.0.818.49', 'Chrome 9', 'Windows 10', '2021-04-27 21:10:56', null), ('7', 'admin', '1', '0', '登录成功', '0:0:0:0:0:0:0:1', 'Mozilla/5.0 (Windows NT 10.0; Win64; x64) AppleWebKit/537.36 (KHTML, like Gecko) Chrome/89.0.4389.114 Safari/537.36', 'Chrome 8', 'Windows 10', '2021-04-27 21:39:14', null), ('8', 'admin', '1', '0', '登录成功', '0:0:0:0:0:0:0:1', 'Mozilla/5.0 (Windows NT 10.0; Win64; x64) AppleWebKit/537.36 (KHTML, like Gecko) Chrome/89.0.4389.114 Safari/537.36', 'Chrome 8', 'Windows 10', '2021-04-27 22:14:15', null), ('9', 'admin', '1', '0', '登录成功', '0:0:0:0:0:0:0:1', 'Mozilla/5.0 (Windows NT 10.0; Win64; x64) AppleWebKit/537.36 (KHTML, like Gecko) Chrome/89.0.4389.114 Safari/537.36', 'Chrome 8', 'Windows 10', '2021-04-27 22:18:05', null), ('10', 'admin', '1', '0', '登录成功', '0:0:0:0:0:0:0:1', 'Mozilla/5.0 (Windows NT 10.0; Win64; x64) AppleWebKit/537.36 (KHTML, like Gecko) Chrome/89.0.4389.114 Safari/537.36', 'Chrome 8', 'Windows 10', '2021-04-27 22:24:23', null), ('11', 'admin', '1', '0', '登录成功', '0:0:0:0:0:0:0:1', 'Mozilla/5.0 (Windows NT 10.0; Win64; x64) AppleWebKit/537.36 (KHTML, like Gecko) Chrome/89.0.4389.114 Safari/537.36', 'Chrome 8', 'Windows 10', '2021-04-27 22:30:11', null), ('12', 'test', '9', '1', '验证码错误，请重新输入', '127.0.0.1', 'Mozilla/5.0 (Windows NT 10.0; Win64; x64) AppleWebKit/537.36 (KHTML, like Gecko) Chrome/90.0.4430.85 Safari/537.36 Edg/90.0.818.49', 'Chrome 9', 'Windows 10', '2021-04-27 22:31:11', null), ('13', 'test', '9', '0', '登录成功', '127.0.0.1', 'Mozilla/5.0 (Windows NT 10.0; Win64; x64) AppleWebKit/537.36 (KHTML, like Gecko) Chrome/90.0.4430.85 Safari/537.36 Edg/90.0.818.49', 'Chrome 9', 'Windows 10', '2021-04-27 22:31:15', null), ('14', 'admin', '1', '0', '登录成功', '0:0:0:0:0:0:0:1', 'Mozilla/5.0 (Windows NT 10.0; Win64; x64) AppleWebKit/537.36 (KHTML, like Gecko) Chrome/89.0.4389.114 Safari/537.36', 'Chrome 8', 'Windows 10', '2021-04-27 23:16:35', null), ('15', 'admin', '1', '0', '登录成功', '127.0.0.1', 'Mozilla/5.0 (Windows NT 10.0; Win64; x64) AppleWebKit/537.36 (KHTML, like Gecko) Chrome/90.0.4430.85 Safari/537.36 Edg/90.0.818.49', 'Chrome 9', 'Windows 10', '2021-04-27 23:19:54', null), ('16', 'test', '9', '0', '登录成功', '0:0:0:0:0:0:0:1', 'Mozilla/5.0 (Windows NT 10.0; Win64; x64) AppleWebKit/537.36 (KHTML, like Gecko) Chrome/89.0.4389.114 Safari/537.36', 'Chrome 8', 'Windows 10', '2021-04-27 23:20:24', null), ('17', 'admin', '1', '0', '登录成功', '0:0:0:0:0:0:0:1', 'Mozilla/5.0 (Windows NT 10.0; Win64; x64) AppleWebKit/537.36 (KHTML, like Gecko) Chrome/89.0.4389.114 Safari/537.36', 'Chrome 8', 'Windows 10', '2021-04-27 23:24:34', null), ('18', 'admin', '1', '0', '登录成功', '0:0:0:0:0:0:0:1', 'Mozilla/5.0 (Windows NT 10.0; Win64; x64) AppleWebKit/537.36 (KHTML, like Gecko) Chrome/89.0.4389.114 Safari/537.36', 'Chrome 8', 'Windows 10', '2021-04-28 22:43:49', null), ('19', 'admin', '1', '0', '登录成功', '0:0:0:0:0:0:0:1', 'Mozilla/5.0 (Windows NT 10.0; Win64; x64) AppleWebKit/537.36 (KHTML, like Gecko) Chrome/89.0.4389.114 Safari/537.36', 'Chrome 8', 'Windows 10', '2021-04-28 22:46:52', null), ('20', 'admin', '1', '0', '登录成功', '127.0.0.1', 'Mozilla/5.0 (Windows NT 10.0; Win64; x64) AppleWebKit/537.36 (KHTML, like Gecko) Chrome/90.0.4430.85 Safari/537.36 Edg/90.0.818.49', 'Chrome 9', 'Windows 10', '2021-04-28 22:48:49', null), ('21', 'test', '9', '0', '登录成功', '0:0:0:0:0:0:0:1', 'Mozilla/5.0 (Windows NT 10.0; Win64; x64) AppleWebKit/537.36 (KHTML, like Gecko) Chrome/89.0.4389.114 Safari/537.36', 'Chrome 8', 'Windows 10', '2021-04-28 22:49:13', null), ('22', 'test', '9', '1', '用户名不存在或密码错误', '0:0:0:0:0:0:0:1', 'Mozilla/5.0 (Windows NT 10.0; Win64; x64) AppleWebKit/537.36 (KHTML, like Gecko) Chrome/89.0.4389.114 Safari/537.36', 'Chrome 8', 'Windows 10', '2021-04-28 22:53:33', null), ('23', 'test', '9', '0', '登录成功', '0:0:0:0:0:0:0:1', 'Mozilla/5.0 (Windows NT 10.0; Win64; x64) AppleWebKit/537.36 (KHTML, like Gecko) Chrome/89.0.4389.114 Safari/537.36', 'Chrome 8', 'Windows 10', '2021-04-28 22:53:39', null), ('24', 'admin', '1', '0', '登录成功', '0:0:0:0:0:0:0:1', 'Mozilla/5.0 (Windows NT 10.0; Win64; x64) AppleWebKit/537.36 (KHTML, like Gecko) Chrome/89.0.4389.114 Safari/537.36', 'Chrome 8', 'Windows 10', '2021-04-29 21:17:00', null), ('25', 'admin', '1', '0', '登录成功', '0:0:0:0:0:0:0:1', 'Mozilla/5.0 (Windows NT 10.0; Win64; x64) AppleWebKit/537.36 (KHTML, like Gecko) Chrome/89.0.4389.114 Safari/537.36', 'Chrome 8', 'Windows 10', '2021-04-29 21:22:43', null), ('26', 'admin', '1', '0', '登录成功', '0:0:0:0:0:0:0:1', 'Mozilla/5.0 (Windows NT 10.0; Win64; x64) AppleWebKit/537.36 (KHTML, like Gecko) Chrome/89.0.4389.114 Safari/537.36', 'Chrome 8', 'Windows 10', '2021-04-29 21:32:39', null), ('27', 'admin', '1', '0', '登录成功', '0:0:0:0:0:0:0:1', 'Mozilla/5.0 (Windows NT 10.0; Win64; x64) AppleWebKit/537.36 (KHTML, like Gecko) Chrome/89.0.4389.114 Safari/537.36', 'Chrome 8', 'Windows 10', '2021-04-29 21:35:39', null), ('28', 'admin', '1', '0', '登录成功', '0:0:0:0:0:0:0:1', 'Mozilla/5.0 (Windows NT 10.0; Win64; x64) AppleWebKit/537.36 (KHTML, like Gecko) Chrome/89.0.4389.114 Safari/537.36', 'Chrome 8', 'Windows 10', '2021-04-29 21:46:48', null), ('29', 'admin', '1', '0', '登录成功', '0:0:0:0:0:0:0:1', 'Mozilla/5.0 (Windows NT 10.0; Win64; x64) AppleWebKit/537.36 (KHTML, like Gecko) Chrome/89.0.4389.114 Safari/537.36', 'Chrome 8', 'Windows 10', '2021-04-29 21:49:43', null), ('30', 'admin', '1', '0', '登录成功', '0:0:0:0:0:0:0:1', 'Mozilla/5.0 (Windows NT 10.0; Win64; x64) AppleWebKit/537.36 (KHTML, like Gecko) Chrome/89.0.4389.114 Safari/537.36', 'Chrome 8', 'Windows 10', '2021-04-29 21:50:39', null), ('31', 'admin', '1', '0', '登录成功', '0:0:0:0:0:0:0:1', 'Mozilla/5.0 (Windows NT 10.0; Win64; x64) AppleWebKit/537.36 (KHTML, like Gecko) Chrome/89.0.4389.114 Safari/537.36', 'Chrome 8', 'Windows 10', '2021-04-29 23:27:46', null), ('32', 'admin', '1', '0', '登录成功', '0:0:0:0:0:0:0:1', 'Mozilla/5.0 (Windows NT 10.0; Win64; x64) AppleWebKit/537.36 (KHTML, like Gecko) Chrome/89.0.4389.114 Safari/537.36', 'Chrome 8', 'Windows 10', '2021-04-29 23:32:38', null), ('33', 'admin', '1', '0', '登录成功', '0:0:0:0:0:0:0:1', 'Mozilla/5.0 (Windows NT 10.0; Win64; x64) AppleWebKit/537.36 (KHTML, like Gecko) Chrome/89.0.4389.114 Safari/537.36', 'Chrome 8', 'Windows 10', '2021-04-30 20:54:43', null), ('34', 'admin', '1', '0', '登录成功', '0:0:0:0:0:0:0:1', 'Mozilla/5.0 (Windows NT 10.0; Win64; x64) AppleWebKit/537.36 (KHTML, like Gecko) Chrome/89.0.4389.114 Safari/537.36', 'Chrome 8', 'Windows 10', '2021-04-30 21:22:32', null), ('35', 'admin', '1', '0', '登录成功', '0:0:0:0:0:0:0:1', 'Mozilla/5.0 (Windows NT 10.0; Win64; x64) AppleWebKit/537.36 (KHTML, like Gecko) Chrome/89.0.4389.114 Safari/537.36', 'Chrome 8', 'Windows 10', '2021-04-30 21:26:11', null), ('36', 'admin', '1', '0', '登录成功', '0:0:0:0:0:0:0:1', 'Mozilla/5.0 (Windows NT 10.0; Win64; x64) AppleWebKit/537.36 (KHTML, like Gecko) Chrome/89.0.4389.114 Safari/537.36', 'Chrome 8', 'Windows 10', '2021-04-30 21:27:26', null), ('37', 'admin', '1', '0', '登录成功', '0:0:0:0:0:0:0:1', 'Mozilla/5.0 (Windows NT 10.0; Win64; x64) AppleWebKit/537.36 (KHTML, like Gecko) Chrome/89.0.4389.114 Safari/537.36', 'Chrome 8', 'Windows 10', '2021-04-30 21:30:53', null), ('38', 'admin', '1', '0', '登录成功', '0:0:0:0:0:0:0:1', 'Mozilla/5.0 (Windows NT 10.0; Win64; x64) AppleWebKit/537.36 (KHTML, like Gecko) Chrome/89.0.4389.114 Safari/537.36', 'Chrome 8', 'Windows 10', '2021-04-30 21:49:41', null), ('39', 'admin', '1', '0', '登录成功', '0:0:0:0:0:0:0:1', 'Mozilla/5.0 (Windows NT 10.0; Win64; x64) AppleWebKit/537.36 (KHTML, like Gecko) Chrome/89.0.4389.114 Safari/537.36', 'Chrome 8', 'Windows 10', '2021-04-30 22:00:53', null), ('40', 'admin', '1', '0', '登录成功', '0:0:0:0:0:0:0:1', 'Mozilla/5.0 (Windows NT 10.0; Win64; x64) AppleWebKit/537.36 (KHTML, like Gecko) Chrome/89.0.4389.114 Safari/537.36', 'Chrome 8', 'Windows 10', '2021-04-30 22:04:33', null), ('41', 'admin', '1', '0', '登录成功', '0:0:0:0:0:0:0:1', 'Mozilla/5.0 (Windows NT 10.0; Win64; x64) AppleWebKit/537.36 (KHTML, like Gecko) Chrome/89.0.4389.114 Safari/537.36', 'Chrome 8', 'Windows 10', '2021-04-30 22:06:22', null), ('42', 'admin', '1', '0', '登录成功', '0:0:0:0:0:0:0:1', 'Mozilla/5.0 (Windows NT 10.0; Win64; x64) AppleWebKit/537.36 (KHTML, like Gecko) Chrome/89.0.4389.114 Safari/537.36', 'Chrome 8', 'Windows 10', '2021-04-30 22:08:35', null), ('43', 'admin', '1', '0', '登录成功', '0:0:0:0:0:0:0:1', 'Mozilla/5.0 (Windows NT 10.0; Win64; x64) AppleWebKit/537.36 (KHTML, like Gecko) Chrome/89.0.4389.114 Safari/537.36', 'Chrome 8', 'Windows 10', '2021-04-30 22:09:52', null), ('44', 'admin', '1', '0', '登录成功', '0:0:0:0:0:0:0:1', 'Mozilla/5.0 (Windows NT 10.0; Win64; x64) AppleWebKit/537.36 (KHTML, like Gecko) Chrome/89.0.4389.114 Safari/537.36', 'Chrome 8', 'Windows 10', '2021-04-30 23:46:06', null), ('45', 'admin', '1', '0', '登录成功', '0:0:0:0:0:0:0:1', 'Mozilla/5.0 (Windows NT 10.0; Win64; x64) AppleWebKit/537.36 (KHTML, like Gecko) Chrome/89.0.4389.114 Safari/537.36', 'Chrome 8', 'Windows 10', '2021-05-01 00:19:29', null), ('46', 'admin', '1', '0', '登录成功', '0:0:0:0:0:0:0:1', 'Mozilla/5.0 (Windows NT 10.0; Win64; x64) AppleWebKit/537.36 (KHTML, like Gecko) Chrome/89.0.4389.114 Safari/537.36', 'Chrome 8', 'Windows 10', '2021-05-01 00:25:49', null), ('47', 'admin', '1', '0', '登录成功', '0:0:0:0:0:0:0:1', 'Mozilla/5.0 (Windows NT 10.0; Win64; x64) AppleWebKit/537.36 (KHTML, like Gecko) Chrome/89.0.4389.114 Safari/537.36', 'Chrome 8', 'Windows 10', '2021-05-01 11:34:34', null), ('48', 'admin', '1', '0', '登录成功', '0:0:0:0:0:0:0:1', 'Mozilla/5.0 (Windows NT 10.0; Win64; x64) AppleWebKit/537.36 (KHTML, like Gecko) Chrome/89.0.4389.114 Safari/537.36', 'Chrome 8', 'Windows 10', '2021-05-01 11:43:32', null), ('49', 'admin', '1', '0', '登录成功', '0:0:0:0:0:0:0:1', 'Mozilla/5.0 (Windows NT 10.0; Win64; x64) AppleWebKit/537.36 (KHTML, like Gecko) Chrome/89.0.4389.114 Safari/537.36', 'Chrome 8', 'Windows 10', '2021-05-01 11:54:17', null), ('50', 'admin', '1', '0', '登录成功', '0:0:0:0:0:0:0:1', 'Mozilla/5.0 (Windows NT 10.0; Win64; x64) AppleWebKit/537.36 (KHTML, like Gecko) Chrome/89.0.4389.114 Safari/537.36', 'Chrome 8', 'Windows 10', '2021-05-01 16:05:49', null), ('51', 'admin', '1', '0', '登录成功', '0:0:0:0:0:0:0:1', 'Mozilla/5.0 (Windows NT 10.0; Win64; x64) AppleWebKit/537.36 (KHTML, like Gecko) Chrome/89.0.4389.114 Safari/537.36', 'Chrome 8', 'Windows 10', '2021-05-01 16:10:33', null), ('52', 'admin', '1', '0', '登录成功', '0:0:0:0:0:0:0:1', 'Mozilla/5.0 (Windows NT 10.0; Win64; x64) AppleWebKit/537.36 (KHTML, like Gecko) Chrome/89.0.4389.114 Safari/537.36', 'Chrome 8', 'Windows 10', '2021-05-01 16:33:11', null), ('53', 'admin', '1', '0', '登录成功', '0:0:0:0:0:0:0:1', 'Mozilla/5.0 (Windows NT 10.0; Win64; x64) AppleWebKit/537.36 (KHTML, like Gecko) Chrome/89.0.4389.114 Safari/537.36', 'Chrome 8', 'Windows 10', '2021-05-01 16:37:55', null), ('54', 'admin', '1', '0', '登录成功', '0:0:0:0:0:0:0:1', 'Mozilla/5.0 (Windows NT 10.0; Win64; x64) AppleWebKit/537.36 (KHTML, like Gecko) Chrome/89.0.4389.114 Safari/537.36', 'Chrome 8', 'Windows 10', '2021-05-01 16:51:12', null), ('55', 'admin', '1', '0', '登录成功', '0:0:0:0:0:0:0:1', 'Mozilla/5.0 (Windows NT 10.0; Win64; x64) AppleWebKit/537.36 (KHTML, like Gecko) Chrome/89.0.4389.114 Safari/537.36', 'Chrome 8', 'Windows 10', '2021-05-01 16:53:53', null), ('56', 'admin', '1', '0', '登录成功', '0:0:0:0:0:0:0:1', 'Mozilla/5.0 (Windows NT 10.0; Win64; x64) AppleWebKit/537.36 (KHTML, like Gecko) Chrome/89.0.4389.114 Safari/537.36', 'Chrome 8', 'Windows 10', '2021-05-01 16:59:44', null), ('57', 'admin', '1', '0', '登录成功', '0:0:0:0:0:0:0:1', 'Mozilla/5.0 (Windows NT 10.0; Win64; x64) AppleWebKit/537.36 (KHTML, like Gecko) Chrome/89.0.4389.114 Safari/537.36', 'Chrome 8', 'Windows 10', '2021-05-01 17:01:24', null), ('58', 'admin', '1', '0', '登录成功', '0:0:0:0:0:0:0:1', 'Mozilla/5.0 (Windows NT 10.0; Win64; x64) AppleWebKit/537.36 (KHTML, like Gecko) Chrome/89.0.4389.114 Safari/537.36', 'Chrome 8', 'Windows 10', '2021-05-01 17:05:33', null), ('59', 'admin', '1', '0', '登录成功', '0:0:0:0:0:0:0:1', 'Mozilla/5.0 (Windows NT 10.0; Win64; x64) AppleWebKit/537.36 (KHTML, like Gecko) Chrome/89.0.4389.114 Safari/537.36', 'Chrome 8', 'Windows 10', '2021-05-01 17:09:21', null), ('60', 'admin', '1', '0', '登录成功', '0:0:0:0:0:0:0:1', 'Mozilla/5.0 (Windows NT 10.0; Win64; x64) AppleWebKit/537.36 (KHTML, like Gecko) Chrome/89.0.4389.114 Safari/537.36', 'Chrome 8', 'Windows 10', '2021-05-01 17:12:03', null), ('61', 'admin', '1', '0', '登录成功', '0:0:0:0:0:0:0:1', 'Mozilla/5.0 (Windows NT 10.0; Win64; x64) AppleWebKit/537.36 (KHTML, like Gecko) Chrome/89.0.4389.114 Safari/537.36', 'Chrome 8', 'Windows 10', '2021-05-01 17:28:56', null), ('62', 'admin', '1', '0', '登录成功', '0:0:0:0:0:0:0:1', 'Mozilla/5.0 (Windows NT 10.0; Win64; x64) AppleWebKit/537.36 (KHTML, like Gecko) Chrome/89.0.4389.114 Safari/537.36', 'Chrome 8', 'Windows 10', '2021-05-01 21:30:32', null), ('63', 'admin', '1', '0', '登录成功', '0:0:0:0:0:0:0:1', 'Mozilla/5.0 (Windows NT 10.0; Win64; x64) AppleWebKit/537.36 (KHTML, like Gecko) Chrome/89.0.4389.114 Safari/537.36', 'Chrome 8', 'Windows 10', '2021-05-01 21:35:15', null), ('64', 'admin', '1', '1', '验证码错误，请重新输入', '0:0:0:0:0:0:0:1', 'Mozilla/5.0 (Windows NT 10.0; Win64; x64) AppleWebKit/537.36 (KHTML, like Gecko) Chrome/89.0.4389.114 Safari/537.36', 'Chrome 8', 'Windows 10', '2021-05-01 21:37:49', null), ('65', 'admin', '1', '0', '登录成功', '0:0:0:0:0:0:0:1', 'Mozilla/5.0 (Windows NT 10.0; Win64; x64) AppleWebKit/537.36 (KHTML, like Gecko) Chrome/89.0.4389.114 Safari/537.36', 'Chrome 8', 'Windows 10', '2021-05-01 21:37:53', null), ('66', 'admin', '1', '0', '登录成功', '0:0:0:0:0:0:0:1', 'Mozilla/5.0 (Windows NT 10.0; Win64; x64) AppleWebKit/537.36 (KHTML, like Gecko) Chrome/89.0.4389.114 Safari/537.36', 'Chrome 8', 'Windows 10', '2021-05-01 21:42:00', null), ('67', 'admin', '1', '0', '登录成功', '0:0:0:0:0:0:0:1', 'Mozilla/5.0 (Windows NT 10.0; Win64; x64) AppleWebKit/537.36 (KHTML, like Gecko) Chrome/89.0.4389.114 Safari/537.36', 'Chrome 8', 'Windows 10', '2021-05-01 21:42:22', null), ('68', 'admin', '1', '0', '登录成功', '0:0:0:0:0:0:0:1', 'Mozilla/5.0 (Windows NT 10.0; Win64; x64) AppleWebKit/537.36 (KHTML, like Gecko) Chrome/89.0.4389.114 Safari/537.36', 'Chrome 8', 'Windows 10', '2021-05-01 21:43:35', null), ('69', 'admin', '1', '0', '登录成功', '0:0:0:0:0:0:0:1', 'Mozilla/5.0 (Windows NT 10.0; Win64; x64) AppleWebKit/537.36 (KHTML, like Gecko) Chrome/89.0.4389.114 Safari/537.36', 'Chrome 8', 'Windows 10', '2021-05-01 21:44:09', null);
COMMIT;

-- ----------------------------
-- Table structure for `sys_menu`
-- ----------------------------
DROP TABLE IF EXISTS `sys_menu`;
CREATE TABLE `sys_menu` (
`menu_id`  bigint(20) UNSIGNED NOT NULL AUTO_INCREMENT ,
`pid`  bigint(20) UNSIGNED NULL DEFAULT NULL ,
`status`  char(1) CHARACTER SET utf8 COLLATE utf8_general_ci NOT NULL DEFAULT '1' COMMENT '状态' ,
`type`  varchar(255) CHARACTER SET utf8 COLLATE utf8_general_ci NOT NULL COMMENT '菜单或按钮' ,
`name`  varchar(255) CHARACTER SET utf8 COLLATE utf8_general_ci NOT NULL COMMENT '名称' ,
`icon`  varchar(255) CHARACTER SET utf8 COLLATE utf8_general_ci NULL DEFAULT NULL COMMENT '图标' ,
`url`  varchar(255) CHARACTER SET utf8 COLLATE utf8_general_ci NULL DEFAULT NULL ,
`permission_value`  varchar(255) CHARACTER SET utf8 COLLATE utf8_general_ci NOT NULL COMMENT '权限值' ,
`seq`  int(11) NOT NULL COMMENT '排序' ,
`gmt_create`  datetime NOT NULL ,
`gmt_modified`  datetime NULL DEFAULT NULL ,
PRIMARY KEY (`menu_id`)
)
ENGINE=InnoDB
DEFAULT CHARACTER SET=utf8 COLLATE=utf8_general_ci
AUTO_INCREMENT=74

;

-- ----------------------------
-- Records of sys_menu
-- ----------------------------
BEGIN;
INSERT INTO sys_menu VALUES ('5', null, '1', 'MENU', '用户', 'mdi mdi-account-multiple', '', 'open:user:manage', '1', '2020-11-21 22:23:00', '2021-04-09 22:33:42'), ('6', null, '1', 'MENU', '设置', 'mdi mdi-settings', '', 'open:settings:manage', '2', '2020-11-21 22:23:58', '2021-03-07 15:33:47'), ('7', '6', '1', 'MENU', '系统设置', null, '', 'open:sysSettings:manage', '1', '2020-11-21 22:26:37', '2021-03-07 15:34:19'), ('8', '6', '1', 'MENU', '我的设置', null, '', 'open:mySettings:manage', '2', '2020-11-21 22:31:18', '2021-03-10 21:24:11'), ('9', '7', '1', 'MENU', '菜单管理', '', 'system/menu', 'open:menu:manage', '2', '2020-11-21 22:35:05', '2021-03-07 15:35:58'), ('24', null, '1', 'MENU', '监控', 'mdi mdi-monitor', '', 'open:monitor:manage', '6', '2020-11-26 23:37:21', '2021-04-18 17:37:11'), ('25', '24', '1', 'MENU', 'druid', null, 'druid/index.html', 'open:monitor:druid', '3', '2020-11-26 23:40:19', '2021-03-26 22:38:15'), ('26', '9', '1', 'BUTTON', '新增菜单', null, '', 'do:menu:add', '1', '2020-11-27 00:06:36', '2021-05-01 21:39:09'), ('27', '9', '1', 'BUTTON', '编辑菜单', null, '', 'do:menu:edit', '2', '2020-11-27 00:13:23', '2021-05-01 21:39:23'), ('28', '9', '1', 'BUTTON', '删除菜单', null, '', 'do:menu:remove', '3', '2020-11-27 00:13:58', '2021-03-07 15:35:23'), ('33', '24', '1', 'MENU', '日志', null, '', 'open:log:manage', '1', '2020-12-06 23:52:32', '2021-03-07 15:34:25'), ('34', '33', '1', 'MENU', '操作日志', null, 'system/log/operLog', 'open:log:manage', '2', '2020-12-06 23:54:14', '2021-04-26 23:19:43'), ('35', '33', '1', 'MENU', '异常日志', null, 'system/log/errorLog', 'open:log:manage', '3', '2020-12-06 23:55:45', '2021-03-10 21:43:24'), ('37', '7', '1', 'MENU', '网站配置', null, 'system/config', 'open:config:manage', '1', '2020-12-22 22:50:08', '2021-03-07 15:34:56'), ('38', '5', '1', 'MENU', '用户管理', null, 'system/user', 'open:user:manage', '1', '2021-02-04 23:39:47', '2021-03-07 15:34:13'), ('39', '5', '1', 'MENU', '角色管理', null, 'system/role', 'open:role:manage', '2', '2021-02-04 23:40:48', '2021-03-07 15:34:16'), ('40', '38', '1', 'BUTTON', '新增用户', null, '', 'do:user:add', '1', '2021-03-05 22:52:56', '2021-05-01 21:35:27'), ('41', '38', '1', 'BUTTON', '编辑用户', null, '', 'do:user:edit', '2', '2021-03-05 22:57:31', '2021-05-01 21:35:35'), ('48', '38', '1', 'BUTTON', '删除用户', null, '', 'do:user:remove', '3', '2021-03-07 16:43:19', '2021-03-07 16:44:16'), ('49', '39', '1', 'BUTTON', '新增角色', null, '', 'do:role:add', '1', '2021-03-07 16:51:07', '2021-05-01 21:35:51'), ('50', '39', '1', 'BUTTON', '编辑角色', null, '', 'do:role:edit', '2', '2021-03-07 16:51:48', '2021-05-01 21:36:25'), ('51', '39', '1', 'BUTTON', '删除角色', null, null, 'do:role:remove', '3', '2021-03-07 16:52:18', null), ('52', '39', '1', 'BUTTON', '设置权限', null, '', 'do:role:rule', '4', '2021-03-07 16:58:43', '2021-05-01 21:36:34'), ('53', '8', '1', 'MENU', '修改密码', null, 'system/user/pwd', 'open:user:pwd', '2', '2021-03-10 21:24:54', '2021-05-01 00:18:17'), ('54', '33', '1', 'MENU', '登录日志', null, 'system/log/loginLog', 'open:log:manage', '1', '2021-03-10 21:43:17', '2021-04-26 23:19:50'), ('55', null, '1', 'MENU', '通知', 'mdi mdi-bell-outline', 'system/notice', 'open:notice:manage', '3', '2021-03-11 22:04:24', '2021-03-11 22:09:00'), ('56', '55', '1', 'BUTTON', '新增通知', null, '', 'do:notice:add', '1', '2021-03-12 22:12:16', '2021-05-01 21:39:29'), ('57', '55', '1', 'BUTTON', '编辑通知', null, '', 'do:notice:edit', '2', '2021-03-12 22:12:48', '2021-05-01 21:39:35'), ('58', '55', '1', 'BUTTON', '删除通知', null, '', 'do:notice:remove', '3', '2021-03-12 22:13:21', '2021-03-12 22:55:01'), ('59', '55', '1', 'BUTTON', '发送通知', null, null, 'do:notice:send', '4', '2021-03-12 22:13:42', null), ('60', null, '1', 'MENU', '数据字典', 'mdi mdi-dictionary', 'system/dict', 'open:dict:manage', '4', '2021-03-20 21:40:57', '2021-03-20 21:42:33'), ('62', '60', '1', 'BUTTON', '新增类型', null, '', 'do:dict:add', '1', '2021-03-22 22:14:50', '2021-05-01 21:40:18'), ('63', '60', '1', 'BUTTON', '编辑类型', null, '', 'do:dict:edit', '2', '2021-03-22 22:15:28', '2021-05-01 21:40:27'), ('64', '60', '1', 'BUTTON', '删除类型', null, null, 'do:dict:remove', '3', '2021-03-22 22:16:06', null), ('66', null, '1', 'MENU', '定时任务', 'mdi mdi-view-list', 'system/job', 'open:job:manage', '5', '2021-04-18 17:39:37', null), ('67', '66', '1', 'BUTTON', '新增定时任务', null, '', 'do:job:add', '1', '2021-04-18 17:48:10', '2021-05-01 21:40:50'), ('68', '66', '1', 'BUTTON', '编辑定时任务', null, '', 'do:job:edit', '2', '2021-04-18 17:48:46', '2021-05-01 21:40:57'), ('69', '66', '1', 'BUTTON', '删除定时任务', null, null, 'do:job:remove', '3', '2021-04-18 17:49:09', null), ('70', '66', '1', 'BUTTON', '运行一次定时任务', null, null, 'do:job:runOnce', '4', '2021-04-18 17:49:38', null), ('72', '8', '1', 'MENU', '个人信息', null, 'system/user/profile', 'open:user:profile', '1', '2021-05-01 00:18:06', null), ('73', '37', '1', 'BUTTON', '编辑配置', null, '', 'do:config:edit', '1', '2021-05-01 21:38:30', '2021-05-01 21:38:46');
COMMIT;

-- ----------------------------
-- Table structure for `sys_notice`
-- ----------------------------
DROP TABLE IF EXISTS `sys_notice`;
CREATE TABLE `sys_notice` (
`notice_id`  bigint(20) UNSIGNED NOT NULL AUTO_INCREMENT ,
`title`  varchar(255) CHARACTER SET utf8 COLLATE utf8_general_ci NOT NULL COMMENT '标题' ,
`is_sent`  char(1) CHARACTER SET utf8 COLLATE utf8_general_ci NOT NULL DEFAULT '0' COMMENT '是否发送' ,
`gmt_sent`  datetime NULL DEFAULT NULL COMMENT '发送时间' ,
`gmt_create`  datetime NOT NULL ,
`gmt_modified`  datetime NULL DEFAULT NULL ,
PRIMARY KEY (`notice_id`)
)
ENGINE=InnoDB
DEFAULT CHARACTER SET=utf8 COLLATE=utf8_general_ci
AUTO_INCREMENT=26

;

-- ----------------------------
-- Records of sys_notice
-- ----------------------------
BEGIN;
INSERT INTO sys_notice VALUES ('6', '测试', '1', '2021-03-17 22:34:42', '2021-03-17 22:34:37', '2021-03-17 22:34:42'), ('8', '111111111111', '1', '2021-04-27 21:12:16', '2021-03-24 21:29:50', '2021-04-27 21:12:16'), ('9', '222222222222222', '1', '2021-04-27 21:12:18', '2021-04-27 21:11:31', '2021-04-27 21:12:18'), ('10', '333333333333333333333', '1', '2021-04-27 21:12:20', '2021-04-27 21:11:36', '2021-04-27 21:12:20'), ('11', '44444444444444444', '1', '2021-04-27 21:12:23', '2021-04-27 21:11:41', '2021-04-27 21:12:23'), ('12', '55555555555', '1', '2021-04-27 21:12:24', '2021-04-27 21:11:51', '2021-04-27 21:12:24'), ('13', '666666666666666', '1', '2021-04-27 21:12:26', '2021-04-27 21:11:56', '2021-04-27 21:12:26'), ('14', '7777777777777777777777', '1', '2021-04-27 21:12:27', '2021-04-27 21:12:01', '2021-04-27 21:12:27'), ('15', '888888888888888', '1', '2021-04-27 21:12:29', '2021-04-27 21:12:06', '2021-04-27 21:12:29'), ('16', '99999999999999999999', '1', '2021-04-27 21:12:31', '2021-04-27 21:12:11', '2021-04-27 21:12:31'), ('19', '测试websocket推送消息', '1', '2021-04-27 22:46:24', '2021-04-27 22:46:15', '2021-04-27 22:46:24'), ('22', '5353', '0', null, '2021-04-27 23:35:31', '2021-04-27 23:37:30'), ('24', '424', '1', '2021-05-01 17:29:34', '2021-04-30 22:34:33', '2021-05-01 17:29:34');
COMMIT;

-- ----------------------------
-- Table structure for `sys_notice_content`
-- ----------------------------
DROP TABLE IF EXISTS `sys_notice_content`;
CREATE TABLE `sys_notice_content` (
`content_id`  bigint(20) UNSIGNED NOT NULL AUTO_INCREMENT ,
`notice_id`  bigint(20) NOT NULL ,
`content`  text CHARACTER SET utf8 COLLATE utf8_general_ci NOT NULL COMMENT '内容' ,
`gmt_create`  datetime NOT NULL ,
`gmt_modified`  datetime NULL DEFAULT NULL ,
PRIMARY KEY (`content_id`, `notice_id`)
)
ENGINE=InnoDB
DEFAULT CHARACTER SET=utf8 COLLATE=utf8_general_ci
AUTO_INCREMENT=25

;

-- ----------------------------
-- Records of sys_notice_content
-- ----------------------------
BEGIN;
INSERT INTO sys_notice_content VALUES ('5', '6', '这是一条测试通知', '2021-03-17 22:34:37', null), ('7', '8', '<p>1111111111111111111111</p>', '2021-03-24 21:29:50', '2021-04-27 21:11:26'), ('8', '9', '<p>22222222222222222222222222</p>', '2021-04-27 21:11:31', null), ('9', '10', '<p>3333333333333333333333333</p>', '2021-04-27 21:11:36', null), ('10', '11', '<p>4444444444444444444444</p>', '2021-04-27 21:11:41', null), ('11', '12', '<p>5555555555555555555555555555555555555555555555555555555555555555555555555555555555555555555555555555555555555555555555555555</p>', '2021-04-27 21:11:51', null), ('12', '13', '<p>6666666666666666666666</p>', '2021-04-27 21:11:56', null), ('13', '14', '<p>7777777777777777777777777</p>', '2021-04-27 21:12:01', null), ('14', '15', '<p>888888888888888</p>', '2021-04-27 21:12:06', null), ('15', '16', '<p>99999999999999999999999</p>', '2021-04-27 21:12:11', null), ('18', '19', '<p>45345345</p>', '2021-04-27 22:46:15', null), ('21', '22', '<p>532523</p>', '2021-04-27 23:35:31', '2021-04-27 23:37:30'), ('23', '24', '<p>4234</p>', '2021-04-30 22:34:33', null);
COMMIT;

-- ----------------------------
-- Table structure for `sys_role`
-- ----------------------------
DROP TABLE IF EXISTS `sys_role`;
CREATE TABLE `sys_role` (
`role_id`  bigint(20) UNSIGNED NOT NULL AUTO_INCREMENT ,
`rolename`  varchar(255) CHARACTER SET utf8 COLLATE utf8_general_ci NOT NULL COMMENT '角色名' ,
`description`  varchar(255) CHARACTER SET utf8 COLLATE utf8_general_ci NULL DEFAULT NULL COMMENT '具体描述' ,
`gmt_create`  datetime NOT NULL ,
`gmt_modified`  datetime NULL DEFAULT NULL ,
PRIMARY KEY (`role_id`)
)
ENGINE=InnoDB
DEFAULT CHARACTER SET=utf8 COLLATE=utf8_general_ci
AUTO_INCREMENT=10

;

-- ----------------------------
-- Records of sys_role
-- ----------------------------
BEGIN;
INSERT INTO sys_role VALUES ('1', 'ROLE_ADMIN', '超级管理员', '2021-03-04 23:03:22', '2021-03-07 21:51:39'), ('3', 'ROLE_TEST', '测试', '2021-03-07 22:34:47', '2021-04-09 22:44:43');
COMMIT;

-- ----------------------------
-- Table structure for `sys_role_rule`
-- ----------------------------
DROP TABLE IF EXISTS `sys_role_rule`;
CREATE TABLE `sys_role_rule` (
`role_rule_id`  bigint(20) UNSIGNED NOT NULL AUTO_INCREMENT ,
`role_id`  bigint(20) NOT NULL ,
`permission_value`  varchar(255) CHARACTER SET utf8 COLLATE utf8_general_ci NOT NULL COMMENT '权限值' ,
`gmt_create`  datetime NOT NULL ,
`gmt_modified`  datetime NULL DEFAULT NULL ,
PRIMARY KEY (`role_rule_id`)
)
ENGINE=InnoDB
DEFAULT CHARACTER SET=utf8 COLLATE=utf8_general_ci
AUTO_INCREMENT=995

;

-- ----------------------------
-- Records of sys_role_rule
-- ----------------------------
BEGIN;
INSERT INTO sys_role_rule VALUES ('787', '3', 'open:monitor:manage', '2021-05-01 17:13:39', null), ('788', '3', 'open:log:manage', '2021-05-01 17:13:39', null), ('789', '3', 'open:log:manage', '2021-05-01 17:13:39', null), ('790', '3', 'open:log:manage', '2021-05-01 17:13:39', null), ('791', '3', 'open:log:manage', '2021-05-01 17:13:39', null), ('792', '3', 'open:monitor:druid', '2021-05-01 17:13:39', null), ('954', '1', 'open:user:manage', '2021-05-01 21:44:14', null), ('955', '1', 'open:user:manage', '2021-05-01 21:44:14', null), ('956', '1', 'do:user:add', '2021-05-01 21:44:14', null), ('957', '1', 'do:user:edit', '2021-05-01 21:44:14', null), ('958', '1', 'do:user:remove', '2021-05-01 21:44:14', null), ('959', '1', 'open:role:manage', '2021-05-01 21:44:14', null), ('960', '1', 'do:role:add', '2021-05-01 21:44:14', null), ('961', '1', 'do:role:edit', '2021-05-01 21:44:14', null), ('962', '1', 'do:role:remove', '2021-05-01 21:44:14', null), ('963', '1', 'do:role:rule', '2021-05-01 21:44:14', null), ('964', '1', 'open:settings:manage', '2021-05-01 21:44:14', null), ('965', '1', 'open:sysSettings:manage', '2021-05-01 21:44:14', null), ('966', '1', 'open:config:manage', '2021-05-01 21:44:14', null), ('967', '1', 'do:config:edit', '2021-05-01 21:44:14', null), ('968', '1', 'open:menu:manage', '2021-05-01 21:44:14', null), ('969', '1', 'do:menu:add', '2021-05-01 21:44:14', null), ('970', '1', 'do:menu:edit', '2021-05-01 21:44:14', null), ('971', '1', 'do:menu:remove', '2021-05-01 21:44:14', null), ('972', '1', 'open:mySettings:manage', '2021-05-01 21:44:14', null), ('973', '1', 'open:user:profile', '2021-05-01 21:44:14', null), ('974', '1', 'open:user:pwd', '2021-05-01 21:44:14', null), ('975', '1', 'open:notice:manage', '2021-05-01 21:44:14', null), ('976', '1', 'do:notice:add', '2021-05-01 21:44:14', null), ('977', '1', 'do:notice:edit', '2021-05-01 21:44:14', null), ('978', '1', 'do:notice:remove', '2021-05-01 21:44:14', null), ('979', '1', 'do:notice:send', '2021-05-01 21:44:14', null), ('980', '1', 'open:dict:manage', '2021-05-01 21:44:14', null), ('981', '1', 'do:dict:add', '2021-05-01 21:44:14', null), ('982', '1', 'do:dict:edit', '2021-05-01 21:44:14', null), ('983', '1', 'do:dict:remove', '2021-05-01 21:44:14', null), ('984', '1', 'open:job:manage', '2021-05-01 21:44:14', null), ('985', '1', 'do:job:add', '2021-05-01 21:44:14', null), ('986', '1', 'do:job:edit', '2021-05-01 21:44:14', null), ('987', '1', 'do:job:remove', '2021-05-01 21:44:14', null), ('988', '1', 'do:job:runOnce', '2021-05-01 21:44:14', null), ('989', '1', 'open:monitor:manage', '2021-05-01 21:44:14', null), ('990', '1', 'open:log:manage', '2021-05-01 21:44:14', null), ('991', '1', 'open:log:manage', '2021-05-01 21:44:14', null), ('992', '1', 'open:log:manage', '2021-05-01 21:44:14', null), ('993', '1', 'open:log:manage', '2021-05-01 21:44:14', null), ('994', '1', 'open:monitor:druid', '2021-05-01 21:44:14', null);
COMMIT;

-- ----------------------------
-- Table structure for `sys_user`
-- ----------------------------
DROP TABLE IF EXISTS `sys_user`;
CREATE TABLE `sys_user` (
`user_id`  bigint(20) UNSIGNED NOT NULL AUTO_INCREMENT ,
`loginname`  varchar(255) CHARACTER SET utf8 COLLATE utf8_general_ci NOT NULL COMMENT '登录名' ,
`username`  varchar(255) CHARACTER SET utf8 COLLATE utf8_general_ci NOT NULL COMMENT '用户名' ,
`password`  varchar(255) CHARACTER SET utf8 COLLATE utf8_general_ci NOT NULL COMMENT '密码' ,
`avatar`  varchar(255) CHARACTER SET utf8 COLLATE utf8_general_ci NULL DEFAULT NULL COMMENT '头像' ,
`telephone`  varchar(11) CHARACTER SET utf8 COLLATE utf8_general_ci NULL DEFAULT NULL COMMENT '手机' ,
`email`  varchar(255) CHARACTER SET utf8 COLLATE utf8_general_ci NULL DEFAULT NULL COMMENT '邮箱' ,
`sex`  char(1) CHARACTER SET utf8 COLLATE utf8_general_ci NULL DEFAULT NULL COMMENT '性别' ,
`status`  char(1) CHARACTER SET utf8 COLLATE utf8_general_ci NOT NULL DEFAULT '1' COMMENT '状态' ,
`error_times`  int(1) NOT NULL DEFAULT 0 ,
`is_locked`  char(1) CHARACTER SET utf8 COLLATE utf8_general_ci NOT NULL DEFAULT '0' ,
`gmt_locked`  datetime NULL DEFAULT NULL ,
`gmt_create`  datetime NOT NULL ,
`gmt_modified`  datetime NULL DEFAULT NULL ,
PRIMARY KEY (`user_id`)
)
ENGINE=InnoDB
DEFAULT CHARACTER SET=utf8 COLLATE=utf8_general_ci
AUTO_INCREMENT=15

;

-- ----------------------------
-- Records of sys_user
-- ----------------------------
BEGIN;
INSERT INTO sys_user VALUES ('1', 'admin', '管理员', '$2a$10$RI4F1zM/M7PcaZ3K1ADEi.pApzpFbGv8A/crc5y80GGbdY.Ui3I/.', '1/Image/20210430212421270-avatar-7_cut.png', '', '', '2', '1', '0', '0', '2021-04-24 21:29:32', '2020-11-06 20:25:38', '2021-05-01 21:44:09'), ('9', 'test', '测试账号', '$2a$10$ZeLiISS3mYmvS75vBiD0r.5xkECqw3N0JqeE7MkX1ngHMXkrEuyqW', '1/Image/20210430205701437-avatar-2_cut.png', '', '', '1', '1', '0', '0', '2021-04-26 23:17:56', '2021-04-09 22:10:58', '2021-05-01 16:11:25');
COMMIT;

-- ----------------------------
-- Table structure for `sys_user_notice`
-- ----------------------------
DROP TABLE IF EXISTS `sys_user_notice`;
CREATE TABLE `sys_user_notice` (
`user_notice_id`  bigint(20) UNSIGNED NOT NULL AUTO_INCREMENT ,
`user_id`  bigint(20) NOT NULL ,
`notice_id`  bigint(20) NOT NULL ,
`is_read`  char(1) CHARACTER SET utf8 COLLATE utf8_general_ci NOT NULL DEFAULT '0' COMMENT '是否已读' ,
`gmt_read`  datetime NULL DEFAULT NULL COMMENT '阅读时间' ,
`is_deleted`  char(1) CHARACTER SET utf8 COLLATE utf8_general_ci NOT NULL DEFAULT '0' COMMENT '是否删除' ,
`gmt_deleted`  datetime NULL DEFAULT NULL ,
`gmt_create`  datetime NOT NULL ,
`gmt_modified`  datetime NULL DEFAULT NULL ,
PRIMARY KEY (`user_notice_id`)
)
ENGINE=InnoDB
DEFAULT CHARACTER SET=utf8 COLLATE=utf8_general_ci
AUTO_INCREMENT=76

;

-- ----------------------------
-- Records of sys_user_notice
-- ----------------------------
BEGIN;
INSERT INTO sys_user_notice VALUES ('24', '1', '8', '0', null, '0', null, '2021-04-27 21:12:16', null), ('26', '9', '8', '1', '2021-04-27 21:15:25', '1', '2021-04-28 22:52:31', '2021-04-27 21:12:16', '2021-04-28 22:52:31'), ('27', '1', '9', '0', null, '0', null, '2021-04-27 21:12:18', null), ('29', '9', '9', '1', '2021-04-28 22:51:31', '0', null, '2021-04-27 21:12:18', '2021-04-28 22:51:31'), ('30', '1', '10', '0', null, '0', null, '2021-04-27 21:12:20', null), ('32', '9', '10', '1', '2021-04-28 22:51:31', '0', null, '2021-04-27 21:12:20', '2021-04-28 22:51:31'), ('33', '1', '11', '0', null, '0', null, '2021-04-27 21:12:23', null), ('35', '9', '11', '1', '2021-04-27 21:15:21', '0', null, '2021-04-27 21:12:23', '2021-04-27 21:15:21'), ('36', '1', '12', '0', null, '0', null, '2021-04-27 21:12:24', null), ('38', '9', '12', '1', '2021-04-28 22:51:31', '0', null, '2021-04-27 21:12:24', '2021-04-28 22:51:31'), ('39', '1', '13', '0', null, '0', null, '2021-04-27 21:12:26', null), ('41', '9', '13', '1', '2021-04-28 22:51:31', '0', null, '2021-04-27 21:12:26', '2021-04-28 22:51:31'), ('42', '1', '14', '0', null, '0', null, '2021-04-27 21:12:27', null), ('44', '9', '14', '1', '2021-04-28 22:51:31', '0', null, '2021-04-27 21:12:27', '2021-04-28 22:51:31'), ('45', '1', '15', '0', null, '0', null, '2021-04-27 21:12:29', null), ('47', '9', '15', '1', '2021-04-27 21:14:34', '0', null, '2021-04-27 21:12:29', '2021-04-27 21:14:34'), ('48', '1', '16', '0', null, '0', null, '2021-04-27 21:12:31', null), ('50', '9', '16', '1', '2021-04-27 21:12:44', '0', null, '2021-04-27 21:12:31', '2021-04-27 21:12:44'), ('57', '1', '19', '1', '2021-04-28 22:55:00', '0', null, '2021-04-27 22:46:24', '2021-04-28 22:55:00'), ('59', '9', '19', '1', '2021-04-28 22:51:31', '0', null, '2021-04-27 22:46:24', '2021-04-28 22:51:31'), ('73', '1', '24', '0', null, '0', null, '2021-05-01 17:29:34', null), ('74', '9', '24', '0', null, '0', null, '2021-05-01 17:29:34', null);
COMMIT;

-- ----------------------------
-- Table structure for `sys_user_role`
-- ----------------------------
DROP TABLE IF EXISTS `sys_user_role`;
CREATE TABLE `sys_user_role` (
`user_role_id`  bigint(20) UNSIGNED NOT NULL AUTO_INCREMENT ,
`user_id`  bigint(20) NOT NULL ,
`role_id`  bigint(20) NOT NULL ,
`gmt_create`  datetime NOT NULL ,
`gmt_modified`  datetime NULL DEFAULT NULL ,
PRIMARY KEY (`user_role_id`)
)
ENGINE=InnoDB
DEFAULT CHARACTER SET=utf8 COLLATE=utf8_general_ci
AUTO_INCREMENT=31

;

-- ----------------------------
-- Records of sys_user_role
-- ----------------------------
BEGIN;
INSERT INTO sys_user_role VALUES ('21', '1', '1', '2021-04-29 21:50:33', null), ('26', '9', '3', '2021-05-01 16:11:25', null);
COMMIT;

-- ----------------------------
-- Indexes structure for table `qrtz_blob_triggers`
-- ----------------------------
CREATE INDEX `SCHED_NAME` ON `qrtz_blob_triggers`(`SCHED_NAME`, `TRIGGER_NAME`, `TRIGGER_GROUP`) USING BTREE ;

-- ----------------------------
-- Indexes structure for table `qrtz_fired_triggers`
-- ----------------------------
CREATE INDEX `IDX_QRTZ_FT_TRIG_INST_NAME` ON `qrtz_fired_triggers`(`SCHED_NAME`, `INSTANCE_NAME`) USING BTREE ;
CREATE INDEX `IDX_QRTZ_FT_INST_JOB_REQ_RCVRY` ON `qrtz_fired_triggers`(`SCHED_NAME`, `INSTANCE_NAME`, `REQUESTS_RECOVERY`) USING BTREE ;
CREATE INDEX `IDX_QRTZ_FT_J_G` ON `qrtz_fired_triggers`(`SCHED_NAME`, `JOB_NAME`, `JOB_GROUP`) USING BTREE ;
CREATE INDEX `IDX_QRTZ_FT_JG` ON `qrtz_fired_triggers`(`SCHED_NAME`, `JOB_GROUP`) USING BTREE ;
CREATE INDEX `IDX_QRTZ_FT_T_G` ON `qrtz_fired_triggers`(`SCHED_NAME`, `TRIGGER_NAME`, `TRIGGER_GROUP`) USING BTREE ;
CREATE INDEX `IDX_QRTZ_FT_TG` ON `qrtz_fired_triggers`(`SCHED_NAME`, `TRIGGER_GROUP`) USING BTREE ;

-- ----------------------------
-- Indexes structure for table `qrtz_job_details`
-- ----------------------------
CREATE INDEX `IDX_QRTZ_J_REQ_RECOVERY` ON `qrtz_job_details`(`SCHED_NAME`, `REQUESTS_RECOVERY`) USING BTREE ;
CREATE INDEX `IDX_QRTZ_J_GRP` ON `qrtz_job_details`(`SCHED_NAME`, `JOB_GROUP`) USING BTREE ;

-- ----------------------------
-- Indexes structure for table `qrtz_triggers`
-- ----------------------------
CREATE INDEX `IDX_QRTZ_T_J` ON `qrtz_triggers`(`SCHED_NAME`, `JOB_NAME`, `JOB_GROUP`) USING BTREE ;
CREATE INDEX `IDX_QRTZ_T_JG` ON `qrtz_triggers`(`SCHED_NAME`, `JOB_GROUP`) USING BTREE ;
CREATE INDEX `IDX_QRTZ_T_C` ON `qrtz_triggers`(`SCHED_NAME`, `CALENDAR_NAME`) USING BTREE ;
CREATE INDEX `IDX_QRTZ_T_G` ON `qrtz_triggers`(`SCHED_NAME`, `TRIGGER_GROUP`) USING BTREE ;
CREATE INDEX `IDX_QRTZ_T_STATE` ON `qrtz_triggers`(`SCHED_NAME`, `TRIGGER_STATE`) USING BTREE ;
CREATE INDEX `IDX_QRTZ_T_N_STATE` ON `qrtz_triggers`(`SCHED_NAME`, `TRIGGER_NAME`, `TRIGGER_GROUP`, `TRIGGER_STATE`) USING BTREE ;
CREATE INDEX `IDX_QRTZ_T_N_G_STATE` ON `qrtz_triggers`(`SCHED_NAME`, `TRIGGER_GROUP`, `TRIGGER_STATE`) USING BTREE ;
CREATE INDEX `IDX_QRTZ_T_NEXT_FIRE_TIME` ON `qrtz_triggers`(`SCHED_NAME`, `NEXT_FIRE_TIME`) USING BTREE ;
CREATE INDEX `IDX_QRTZ_T_NFT_ST` ON `qrtz_triggers`(`SCHED_NAME`, `TRIGGER_STATE`, `NEXT_FIRE_TIME`) USING BTREE ;
CREATE INDEX `IDX_QRTZ_T_NFT_MISFIRE` ON `qrtz_triggers`(`SCHED_NAME`, `MISFIRE_INSTR`, `NEXT_FIRE_TIME`) USING BTREE ;
CREATE INDEX `IDX_QRTZ_T_NFT_ST_MISFIRE` ON `qrtz_triggers`(`SCHED_NAME`, `MISFIRE_INSTR`, `NEXT_FIRE_TIME`, `TRIGGER_STATE`) USING BTREE ;
CREATE INDEX `IDX_QRTZ_T_NFT_ST_MISFIRE_GRP` ON `qrtz_triggers`(`SCHED_NAME`, `MISFIRE_INSTR`, `NEXT_FIRE_TIME`, `TRIGGER_GROUP`, `TRIGGER_STATE`) USING BTREE ;

-- ----------------------------
-- Auto increment value for `sys_config`
-- ----------------------------
ALTER TABLE `sys_config` AUTO_INCREMENT=9;

-- ----------------------------
-- Auto increment value for `sys_dict`
-- ----------------------------
ALTER TABLE `sys_dict` AUTO_INCREMENT=12;

-- ----------------------------
-- Auto increment value for `sys_dict_data`
-- ----------------------------
ALTER TABLE `sys_dict_data` AUTO_INCREMENT=19;

-- ----------------------------
-- Auto increment value for `sys_error_log`
-- ----------------------------
ALTER TABLE `sys_error_log` AUTO_INCREMENT=26;

-- ----------------------------
-- Auto increment value for `sys_job`
-- ----------------------------
ALTER TABLE `sys_job` AUTO_INCREMENT=9;

-- ----------------------------
-- Auto increment value for `sys_job_log`
-- ----------------------------
ALTER TABLE `sys_job_log` AUTO_INCREMENT=7;

-- ----------------------------
-- Auto increment value for `sys_log`
-- ----------------------------
ALTER TABLE `sys_log` AUTO_INCREMENT=157;

-- ----------------------------
-- Auto increment value for `sys_login_log`
-- ----------------------------
ALTER TABLE `sys_login_log` AUTO_INCREMENT=70;

-- ----------------------------
-- Auto increment value for `sys_menu`
-- ----------------------------
ALTER TABLE `sys_menu` AUTO_INCREMENT=74;

-- ----------------------------
-- Auto increment value for `sys_notice`
-- ----------------------------
ALTER TABLE `sys_notice` AUTO_INCREMENT=26;

-- ----------------------------
-- Auto increment value for `sys_notice_content`
-- ----------------------------
ALTER TABLE `sys_notice_content` AUTO_INCREMENT=25;

-- ----------------------------
-- Auto increment value for `sys_role`
-- ----------------------------
ALTER TABLE `sys_role` AUTO_INCREMENT=10;

-- ----------------------------
-- Auto increment value for `sys_role_rule`
-- ----------------------------
ALTER TABLE `sys_role_rule` AUTO_INCREMENT=995;

-- ----------------------------
-- Auto increment value for `sys_user`
-- ----------------------------
ALTER TABLE `sys_user` AUTO_INCREMENT=15;

-- ----------------------------
-- Auto increment value for `sys_user_notice`
-- ----------------------------
ALTER TABLE `sys_user_notice` AUTO_INCREMENT=76;

-- ----------------------------
-- Auto increment value for `sys_user_role`
-- ----------------------------
ALTER TABLE `sys_user_role` AUTO_INCREMENT=31;
